folio,fecha,hora,municipio,coordinacion,incidente,nivel_revision,puntaje,num_indicadores,indicadores,accion_sugerida,latitud,longitud
ECA26072506441,2026-07-25,20:04:00,ACOLMAN,ECATEPEC,PERSONA TIRADA EN LA VIA PUBLICA CON HUELLAS DE VIOLENCIA,ALTA,105,5,"El propio catálogo C5 lo clasifica con huellas de violencia | La cabina registra arma de fuego, disparo o impacto | Participación de terceros referida por el reportante | Sangrado o lesiones visibles descritas | A menos de 1 km y ±6 h de otro reporte por arma de fuego",Solicitar carpeta a FGJEM y turnar a Criminalística para revisión de mecánica de hechos.,19.60543,-98.97174
TOL26072508570,2026-07-25,22:09:00,NAUCALPAN,METROPOLITANA,HOMICIDIO,ALTA,85,8,Participación de terceros referida por el reportante | Arma blanca o herida punzocortante referida | Sangrado o lesiones visibles descritas | Persona sin signos vitales al arribo | Hecho ocurrido en franja nocturna (22:00-06:00) | A menos de 1.5 km de un homicidio doloso corroborado de julio | A menos de 1 km y ±6 h de otro reporte por arma de fuego | Atención médica documentada con persona consciente,Solicitar carpeta a FGJEM y turnar a Criminalística para revisión de mecánica de hechos.,19.470055,-99.237545
ECA26072709061,2026-07-27,22:56:00,TLALNEPANTLA,METROPOLITANA,PERSONA TIRADA EN LA VIA PUBLICA CON HUELLAS DE VIOLENCIA,ALTA,85,5,El propio catálogo C5 lo clasifica con huellas de violencia | Sangrado o lesiones visibles descritas | Hecho ocurrido en franja nocturna (22:00-06:00) | A menos de 1.5 km de un homicidio doloso corroborado de julio | A menos de 1 km y ±6 h de otro reporte por arma de fuego,Solicitar carpeta a FGJEM y turnar a Criminalística para revisión de mecánica de hechos.,19.529765,-99.22266
TOL26080407311,2026-08-04,21:38:00,ZINACANTEPEC,VALLE TOLUCA,PERSONA TIRADA EN LA VIA PUBLICA CON HUELLAS DE VIOLENCIA,ALTA,85,4,El propio catálogo C5 lo clasifica con huellas de violencia | Indicios de traslado u ocultamiento del cuerpo | Sangrado o lesiones visibles descritas | A menos de 1 km y ±6 h de otro reporte por arma de fuego,Solicitar carpeta a FGJEM y turnar a Criminalística para revisión de mecánica de hechos.,19.246205,-99.742505
TOL26072506555,2026-07-25,18:52:00,NAUCALPAN,METROPOLITANA,PERSONA TIRADA EN LA VIA PUBLICA CON HUELLAS DE VIOLENCIA,ALTA,80,4,El propio catálogo C5 lo clasifica con huellas de violencia | Sangrado o lesiones visibles descritas | A menos de 1.5 km de un homicidio doloso corroborado de julio | A menos de 1 km y ±6 h de otro reporte por arma de fuego,Solicitar carpeta a FGJEM y turnar a Criminalística para revisión de mecánica de hechos.,19.470055,-99.237545
ECA26072505767,2026-07-25,18:33:00,IXTAPALUCA,CHALCO,PERSONA TIRADA EN LA VIA PUBLICA CON HUELLAS DE VIOLENCIA,ALTA,65,3,El propio catálogo C5 lo clasifica con huellas de violencia | Sangrado o lesiones visibles descritas | A menos de 1.5 km de un homicidio doloso corroborado de julio,Solicitar carpeta a FGJEM y turnar a Criminalística para revisión de mecánica de hechos.,19.30354,-98.86469
ECA26080201414,2026-08-02,04:41:00,CHALCO,CHALCO,PERSONA TIRADA EN VIA PUBLICA,ALTA,65,4,Indicios de traslado u ocultamiento del cuerpo | Participación de terceros referida por el reportante | Hecho ocurrido en franja nocturna (22:00-06:00) | A menos de 1 km y ±6 h de otro reporte por arma de fuego,Solicitar carpeta a FGJEM y turnar a Criminalística para revisión de mecánica de hechos.,19.262595,-98.89674
ECA26080201520,2026-08-02,05:09:00,ECATEPEC,ECATEPEC,PERSONA TIRADA EN LA VIA PUBLICA CON HUELLAS DE VIOLENCIA,ALTA,65,4,El propio catálogo C5 lo clasifica con huellas de violencia | Sangrado o lesiones visibles descritas | Hecho ocurrido en franja nocturna (22:00-06:00) | A menos de 1 km y ±6 h de otro reporte por arma de fuego,Solicitar carpeta a FGJEM y turnar a Criminalística para revisión de mecánica de hechos.,19.553385,-99.075095
ECA26080106718,2026-08-01,23:33:00,TLALNEPANTLA,METROPOLITANA,PERSONA TIRADA EN VIA PUBLICA,ALTA,65,4,Indicios de traslado u ocultamiento del cuerpo | Hecho ocurrido en franja nocturna (22:00-06:00) | A menos de 1.5 km de un homicidio doloso corroborado de julio | A menos de 1 km y ±6 h de otro reporte por arma de fuego,Solicitar carpeta a FGJEM y turnar a Criminalística para revisión de mecánica de hechos.,19.53424,-99.22877
ECA26072508203,2026-07-25,23:39:00,CHIMALHUACAN,ORIENTE,HOMICIDIO,ALTA,60,4,"La cabina registra arma de fuego, disparo o impacto | Sangrado o lesiones visibles descritas | Hecho ocurrido en franja nocturna (22:00-06:00) | A menos de 1 km y ±6 h de otro reporte por arma de fuego",Solicitar carpeta a FGJEM y turnar a Criminalística para revisión de mecánica de hechos.,19.41805,-98.93284
ECA26072606817,2026-07-26,17:09:00,NEXTLALPAN,ECATEPEC,PERSONA NO LOCALIZADA O DESAPARECIDA,ALTA,60,3,"La cabina registra arma de fuego, disparo o impacto | Participación de terceros referida por el reportante | Antecedente de violencia de pareja o familiar en el propio reporte",Solicitar carpeta a FGJEM y turnar a Criminalística para revisión de mecánica de hechos.,19.704916,-99.071542
ECA26072707150,2026-07-27,18:55:00,CHIMALHUACAN,ORIENTE,PERSONA TIRADA EN LA VIA PUBLICA CON HUELLAS DE VIOLENCIA,ALTA,60,3,El propio catálogo C5 lo clasifica con huellas de violencia | Sangrado o lesiones visibles descritas | A menos de 1 km y ±6 h de otro reporte por arma de fuego,Solicitar carpeta a FGJEM y turnar a Criminalística para revisión de mecánica de hechos.,19.39333,-98.89523
ECA26080204471,2026-08-02,14:33:00,TULTITLAN,METROPOLITANA,PERSONA TIRADA EN LA VIA PUBLICA CON HUELLAS DE VIOLENCIA,ALTA,60,3,El propio catálogo C5 lo clasifica con huellas de violencia | Sangrado o lesiones visibles descritas | A menos de 1 km y ±6 h de otro reporte por arma de fuego,Solicitar carpeta a FGJEM y turnar a Criminalística para revisión de mecánica de hechos.,19.62109,-99.16737
ECA26080105661,2026-08-01,20:55:00,LA PAZ,ORIENTE,PERSONA TIRADA EN VIA PUBLICA,ALTA,60,4,Sangrado o lesiones visibles descritas | Persona sin signos vitales al arribo | A menos de 1.5 km de un homicidio doloso corroborado de julio | A menos de 1 km y ±6 h de otro reporte por arma de fuego,Solicitar carpeta a FGJEM y turnar a Criminalística para revisión de mecánica de hechos.,19.35347,-98.96913
ECA26080106730,2026-08-01,23:35:00,LA PAZ,ORIENTE,HOMICIDIO,ALTA,60,6,"La cabina registra arma de fuego, disparo o impacto | Sangrado o lesiones visibles descritas | Persona sin signos vitales al arribo | Hecho ocurrido en franja nocturna (22:00-06:00) | A menos de 1.5 km de un homicidio doloso corroborado de julio | Atención médica documentada con persona consciente",Solicitar carpeta a FGJEM y turnar a Criminalística para revisión de mecánica de hechos.,19.350265,-98.97688
ECA26072700675,2026-07-27,02:19:00,TECAMAC,ECATEPEC,AMENAZA DE SUICIDIO,ALTA,55,4,Antecedente de violencia de pareja o familiar en el propio reporte | Arma blanca o herida punzocortante referida | Hecho ocurrido en franja nocturna (22:00-06:00) | A menos de 1.5 km de un homicidio doloso corroborado de julio,Solicitar carpeta a FGJEM y turnar a Criminalística para revisión de mecánica de hechos.,19.677495,-99.030985
TOL26072702143,2026-07-27,09:58:00,NAUCALPAN,METROPOLITANA,HOMICIDIO,ALTA,55,5,Indicios de traslado u ocultamiento del cuerpo | Persona sin signos vitales al arribo | A menos de 1.5 km de un homicidio doloso corroborado de julio | A menos de 1 km y ±6 h de otro reporte por arma de fuego | Atención médica documentada con persona consciente,Solicitar carpeta a FGJEM y turnar a Criminalística para revisión de mecánica de hechos.,19.444105,-99.255825
TOL26073104725,2026-07-31,14:39:00,TOLUCA,VALLE TOLUCA,PERSONA TIRADA EN LA VIA PUBLICA CON HUELLAS DE VIOLENCIA,ALTA,55,4,El propio catálogo C5 lo clasifica con huellas de violencia | Indicios de traslado u ocultamiento del cuerpo | A menos de 1 km y ±6 h de otro reporte por arma de fuego | Atención médica documentada con persona consciente,Solicitar carpeta a FGJEM y turnar a Criminalística para revisión de mecánica de hechos.,19.30996,-99.624065
ECA26073100728,2026-07-31,04:15:00,LA PAZ,ORIENTE,HOMICIDIO,ALTA,55,6,"La cabina registra arma de fuego, disparo o impacto | Sangrado o lesiones visibles descritas | Persona sin signos vitales al arribo | Hecho ocurrido en franja nocturna (22:00-06:00) | A menos de 1 km y ±6 h de otro reporte por arma de fuego | Atención médica documentada con persona consciente",Solicitar carpeta a FGJEM y turnar a Criminalística para revisión de mecánica de hechos.,19.365475,-98.97206
ECA26073100936,2026-07-31,06:09:00,CUAUTITLAN,METROPOLITANA,HOMICIDIO,ALTA,55,3,Indicios de traslado u ocultamiento del cuerpo | Arma blanca o herida punzocortante referida | Sangrado o lesiones visibles descritas,Solicitar carpeta a FGJEM y turnar a Criminalística para revisión de mecánica de hechos.,19.703338,-99.157688
ECA26072406393,2026-07-24,16:50:00,ECATEPEC,ECATEPEC,PERSONA NO LOCALIZADA O DESAPARECIDA,ALTA,50,3,Antecedente de violencia de pareja o familiar en el propio reporte | A menos de 1.5 km de un homicidio doloso corroborado de julio | A menos de 1 km y ±6 h de otro reporte por arma de fuego,Solicitar carpeta a FGJEM y turnar a Criminalística para revisión de mecánica de hechos.,19.59782,-99.00203
ECA26072507972,2026-07-25,23:09:00,ECATEPEC,ECATEPEC,PERSONA TIRADA EN LA VIA PUBLICA CON HUELLAS DE VIOLENCIA,ALTA,50,3,El propio catálogo C5 lo clasifica con huellas de violencia | Sangrado o lesiones visibles descritas | Hecho ocurrido en franja nocturna (22:00-06:00),Solicitar carpeta a FGJEM y turnar a Criminalística para revisión de mecánica de hechos.,19.512875,-99.048975
ECA26072602935,2026-07-26,09:53:00,ZUMPANGO,ECATEPEC,PERSONA TIRADA EN LA VIA PUBLICA CON HUELLAS DE VIOLENCIA,ALTA,50,4,"El propio catálogo C5 lo clasifica con huellas de violencia | Sangrado o lesiones visibles descritas | A menos de 1 km y ±6 h de otro reporte por arma de fuego | Estado etílico referido, patrón habitual de persona tirada",Solicitar carpeta a FGJEM y turnar a Criminalística para revisión de mecánica de hechos.,19.79688,-99.10321
ECA26072604314,2026-07-26,12:23:00,NEZAHUALCOYOTL,ORIENTE,TENTATIVA DE SUICIDIO,ALTA,50,3,Antecedente de violencia de pareja o familiar en el propio reporte | Arma blanca o herida punzocortante referida | A menos de 1.5 km de un homicidio doloso corroborado de julio,Solicitar carpeta a FGJEM y turnar a Criminalística para revisión de mecánica de hechos.,19.458085,-99.049295
ECA26072607440,2026-07-26,18:21:00,NICOLAS ROMERO,METROPOLITANA,SUICIDIO,ALTA,50,5,"La cabina registra arma de fuego, disparo o impacto | Sangrado o lesiones visibles descritas | Persona sin signos vitales al arribo | A menos de 1 km y ±6 h de otro reporte por arma de fuego | Atención médica documentada con persona consciente",Solicitar carpeta a FGJEM y turnar a Criminalística para revisión de mecánica de hechos.,19.5997,-99.30424
ECA26072609445,2026-07-26,22:57:00,CHIMALHUACAN,ORIENTE,PERSONA TIRADA EN VIA PUBLICA,ALTA,50,3,El propio catálogo C5 lo clasifica con huellas de violencia | Hecho ocurrido en franja nocturna (22:00-06:00) | A menos de 1 km y ±6 h de otro reporte por arma de fuego,Solicitar carpeta a FGJEM y turnar a Criminalística para revisión de mecánica de hechos.,19.426845,-98.95706
ECA26072706646,2026-07-27,17:55:00,NOPALTEPEC,ORIENTE,HOMICIDIO,ALTA,50,3,"La cabina registra arma de fuego, disparo o impacto | Sangrado o lesiones visibles descritas | Persona sin signos vitales al arribo",Solicitar carpeta a FGJEM y turnar a Criminalística para revisión de mecánica de hechos.,19.77779,-98.714009
ECA26072707236,2026-07-27,19:05:00,CUAUTITLAN IZCALLI,METROPOLITANA,PERSONA TIRADA EN VIA PUBLICA,ALTA,50,3,Sangrado o lesiones visibles descritas | A menos de 1.5 km de un homicidio doloso corroborado de julio | A menos de 1 km y ±6 h de otro reporte por arma de fuego,Solicitar carpeta a FGJEM y turnar a Criminalística para revisión de mecánica de hechos.,19.68583,-99.21855
ECA26080200393,2026-08-02,01:07:00,LA PAZ,ORIENTE,PERSONA TIRADA EN LA VIA PUBLICA CON HUELLAS DE VIOLENCIA,ALTA,50,3,El propio catálogo C5 lo clasifica con huellas de violencia | Hecho ocurrido en franja nocturna (22:00-06:00) | A menos de 1 km y ±6 h de otro reporte por arma de fuego,Solicitar carpeta a FGJEM y turnar a Criminalística para revisión de mecánica de hechos.,19.37505,-98.940355
ECA26080304421,2026-08-03,18:24:00,OTUMBA,ORIENTE,HOMICIDIO,ALTA,50,5,"La cabina registra arma de fuego, disparo o impacto | Arma blanca o herida punzocortante referida | Sangrado o lesiones visibles descritas | Persona sin signos vitales al arribo | Atención médica documentada con persona consciente",Solicitar carpeta a FGJEM y turnar a Criminalística para revisión de mecánica de hechos.,19.69415,-98.783024
ECA26080305646,2026-08-03,22:37:00,ECATEPEC,ECATEPEC,PERSONA TIRADA EN LA VIA PUBLICA CON HUELLAS DE VIOLENCIA,ALTA,50,3,El propio catálogo C5 lo clasifica con huellas de violencia | Sangrado o lesiones visibles descritas | Hecho ocurrido en franja nocturna (22:00-06:00),Solicitar carpeta a FGJEM y turnar a Criminalística para revisión de mecánica de hechos.,19.63536,-98.98054
TOL26073106620,2026-07-31,17:43:00,NAUCALPAN,METROPOLITANA,PERSONA TIRADA EN VIA PUBLICA,ALTA,50,3,Sangrado o lesiones visibles descritas | A menos de 1.5 km de un homicidio doloso corroborado de julio | A menos de 1 km y ±6 h de otro reporte por arma de fuego,Solicitar carpeta a FGJEM y turnar a Criminalística para revisión de mecánica de hechos.,19.45246,-99.28065
ECA26072505098,2026-07-25,17:12:00,CHALCO,CHALCO,PERSONA TIRADA EN LA VIA PUBLICA CON HUELLAS DE VIOLENCIA,ALTA,45,2,El propio catálogo C5 lo clasifica con huellas de violencia | Sangrado o lesiones visibles descritas,Solicitar carpeta a FGJEM y turnar a Criminalística para revisión de mecánica de hechos.,19.273235,-98.913275
ECA26072507921,2026-07-25,23:03:00,ECATEPEC,ECATEPEC,HOMICIDIO,ALTA,45,5,"La cabina registra arma de fuego, disparo o impacto | Sangrado o lesiones visibles descritas | Hecho ocurrido en franja nocturna (22:00-06:00) | A menos de 1 km y ±6 h de otro reporte por arma de fuego | Atención médica documentada con persona consciente",Solicitar carpeta a FGJEM y turnar a Criminalística para revisión de mecánica de hechos.,19.597555,-99.029795
ECA26072608988,2026-07-26,21:46:00,TLALMANALCO,CHALCO,PERSONA TIRADA EN LA VIA PUBLICA CON HUELLAS DE VIOLENCIA,ALTA,45,2,El propio catálogo C5 lo clasifica con huellas de violencia | Sangrado o lesiones visibles descritas,Solicitar carpeta a FGJEM y turnar a Criminalística para revisión de mecánica de hechos.,19.201325,-98.781185
ECA26073102845,2026-07-31,12:19:00,TULTITLAN,METROPOLITANA,PERSONA TIRADA EN LA VIA PUBLICA CON HUELLAS DE VIOLENCIA,ALTA,45,2,El propio catálogo C5 lo clasifica con huellas de violencia | A menos de 1 km y ±6 h de otro reporte por arma de fuego,Solicitar carpeta a FGJEM y turnar a Criminalística para revisión de mecánica de hechos.,19.665215,-99.094465
TOL26080406299,2026-08-04,19:35:00,TOLUCA,VALLE TOLUCA,PERSONA NO LOCALIZADA O DESAPARECIDA,ALTA,45,2,Indicios de traslado u ocultamiento del cuerpo | Participación de terceros referida por el reportante,Solicitar carpeta a FGJEM y turnar a Criminalística para revisión de mecánica de hechos.,19.399125,-99.648975
ECA26072301698,2026-07-23,09:03:00,NICOLAS ROMERO,METROPOLITANA,PERSONA NO LOCALIZADA O DESAPARECIDA,MEDIA,40,2,Participación de terceros referida por el reportante | A menos de 1.5 km de un homicidio doloso corroborado de julio,Contrastar nota de cabina contra parte del primer respondiente y video del C5.,19.618405,-99.29556
ECA26072400809,2026-07-24,03:22:00,TEOTIHUACAN,ORIENTE,SUICIDIO,MEDIA,40,5,"La cabina registra arma de fuego, disparo o impacto | Sangrado o lesiones visibles descritas | Persona sin signos vitales al arribo | Hecho ocurrido en franja nocturna (22:00-06:00) | Atención médica documentada con persona consciente",Contrastar nota de cabina contra parte del primer respondiente y video del C5.,19.68836,-98.86631
ECA26072402609,2026-07-24,10:13:00,TLALNEPANTLA,METROPOLITANA,HOMICIDIO,MEDIA,40,2,Indicios de traslado u ocultamiento del cuerpo | Sangrado o lesiones visibles descritas,Contrastar nota de cabina contra parte del primer respondiente y video del C5.,19.51406,-99.09499
ECA26072507901,2026-07-25,23:01:00,ATIZAPAN,METROPOLITANA,PERSONA TIRADA EN VIA PUBLICA,MEDIA,40,3,Participación de terceros referida por el reportante | Hecho ocurrido en franja nocturna (22:00-06:00) | A menos de 1 km y ±6 h de otro reporte por arma de fuego,Contrastar nota de cabina contra parte del primer respondiente y video del C5.,19.57679,-99.24885
ECA26072601456,2026-07-26,04:05:00,ACOLMAN,ECATEPEC,HOMICIDIO,MEDIA,40,3,"La cabina registra arma de fuego, disparo o impacto | Persona sin signos vitales al arribo | Hecho ocurrido en franja nocturna (22:00-06:00)",Contrastar nota de cabina contra parte del primer respondiente y video del C5.,19.628365,-98.886415
ECA26072602335,2026-07-26,07:51:00,ECATEPEC,ECATEPEC,SUICIDIO,MEDIA,40,4,Participación de terceros referida por el reportante | A menos de 1.5 km de un homicidio doloso corroborado de julio | A menos de 1 km y ±6 h de otro reporte por arma de fuego | Atención médica documentada con persona consciente,Contrastar nota de cabina contra parte del primer respondiente y video del C5.,19.531965,-99.04224
ECA26072605070,2026-07-26,13:39:00,NEZAHUALCOYOTL,ORIENTE,PERSONA TIRADA EN VIA PUBLICA,MEDIA,40,2,"La cabina registra arma de fuego, disparo o impacto | Sangrado o lesiones visibles descritas",Contrastar nota de cabina contra parte del primer respondiente y video del C5.,19.48068,-99.03172
TOL26072208477,2026-07-22,23:23:00,NAUCALPAN,METROPOLITANA,PERSONA NO LOCALIZADA O DESAPARECIDA,MEDIA,40,3,Hecho ocurrido en franja nocturna (22:00-06:00) | A menos de 1.5 km de un homicidio doloso corroborado de julio | A menos de 1 km y ±6 h de otro reporte por arma de fuego,Contrastar nota de cabina contra parte del primer respondiente y video del C5.,19.490085,-99.281685
TOL26072608258,2026-07-26,22:41:00,TOLUCA,VALLE TOLUCA,PERSONA TIRADA EN LA VIA PUBLICA CON HUELLAS DE VIOLENCIA,MEDIA,40,6,"El propio catálogo C5 lo clasifica con huellas de violencia | Sangrado o lesiones visibles descritas | Hecho ocurrido en franja nocturna (22:00-06:00) | A menos de 1 km y ±6 h de otro reporte por arma de fuego | Atención médica documentada con persona consciente | Estado etílico referido, patrón habitual de persona tirada",Contrastar nota de cabina contra parte del primer respondiente y video del C5.,19.3371,-99.63759
ECA26072609291,2026-07-26,22:30:00,CHALCO,CHALCO,PERSONA NO LOCALIZADA O DESAPARECIDA,MEDIA,40,3,Participación de terceros referida por el reportante | Hecho ocurrido en franja nocturna (22:00-06:00) | A menos de 1 km y ±6 h de otro reporte por arma de fuego,Contrastar nota de cabina contra parte del primer respondiente y video del C5.,19.262595,-98.89674
ECA26072701185,2026-07-27,05:19:00,TECAMAC,ECATEPEC,HOMICIDIO,MEDIA,40,5,"La cabina registra arma de fuego, disparo o impacto | Sangrado o lesiones visibles descritas | Persona sin signos vitales al arribo | Hecho ocurrido en franja nocturna (22:00-06:00) | Atención médica documentada con persona consciente",Contrastar nota de cabina contra parte del primer respondiente y video del C5.,19.63982,-99.03581
ECA26072701569,2026-07-27,07:21:00,ECATEPEC,ECATEPEC,HOMICIDIO,MEDIA,40,2,"La cabina registra arma de fuego, disparo o impacto | A menos de 1 km y ±6 h de otro reporte por arma de fuego",Contrastar nota de cabina contra parte del primer respondiente y video del C5.,19.61048,-99.05533
ECA26072709203,2026-07-27,23:16:00,TLALNEPANTLA,METROPOLITANA,PERSONA TIRADA EN VIA PUBLICA,MEDIA,40,3,Hecho ocurrido en franja nocturna (22:00-06:00) | A menos de 1.5 km de un homicidio doloso corroborado de julio | A menos de 1 km y ±6 h de otro reporte por arma de fuego,Contrastar nota de cabina contra parte del primer respondiente y video del C5.,19.529765,-99.22266
ECA26073100799,2026-07-31,04:49:00,JALTENCO,ECATEPEC,PERSONA NO LOCALIZADA O DESAPARECIDA,MEDIA,40,3,Participación de terceros referida por el reportante | Hecho ocurrido en franja nocturna (22:00-06:00) | A menos de 1 km y ±6 h de otro reporte por arma de fuego,Contrastar nota de cabina contra parte del primer respondiente y video del C5.,19.79321,-99.09995
ECA26080206938,2026-08-02,22:00:00,CHALCO,CHALCO,PERSONA TIRADA EN VIA PUBLICA,MEDIA,40,3,Hecho ocurrido en franja nocturna (22:00-06:00) | A menos de 1.5 km de un homicidio doloso corroborado de julio | A menos de 1 km y ±6 h de otro reporte por arma de fuego,Contrastar nota de cabina contra parte del primer respondiente y video del C5.,19.29356,-98.86672
ECA26080207228,2026-08-02,22:49:00,CUAUTITLAN IZCALLI,METROPOLITANA,PERSONA TIRADA EN VIA PUBLICA,MEDIA,40,3,Hecho ocurrido en franja nocturna (22:00-06:00) | A menos de 1.5 km de un homicidio doloso corroborado de julio | A menos de 1 km y ±6 h de otro reporte por arma de fuego,Contrastar nota de cabina contra parte del primer respondiente y video del C5.,19.67469,-99.218945
ECA26080500473,2026-08-05,01:38:00,CHALCO,CHALCO,PERSONA TIRADA EN VIA PUBLICA,MEDIA,40,3,Participación de terceros referida por el reportante | Hecho ocurrido en franja nocturna (22:00-06:00) | A menos de 1 km y ±6 h de otro reporte por arma de fuego,Contrastar nota de cabina contra parte del primer respondiente y video del C5.,19.262595,-98.89674
ECA26080506922,2026-08-05,22:53:00,ECATEPEC,ECATEPEC,PERSONA TIRADA EN LA VIA PUBLICA CON HUELLAS DE VIOLENCIA,MEDIA,40,4,"El propio catálogo C5 lo clasifica con huellas de violencia | Hecho ocurrido en franja nocturna (22:00-06:00) | A menos de 1 km y ±6 h de otro reporte por arma de fuego | Estado etílico referido, patrón habitual de persona tirada",Contrastar nota de cabina contra parte del primer respondiente y video del C5.,19.53983,-99.01867
ECA26080100405,2026-08-01,01:35:00,ECATEPEC,ECATEPEC,PERSONA TIRADA EN VIA PUBLICA,MEDIA,40,3,Participación de terceros referida por el reportante | Sangrado o lesiones visibles descritas | Hecho ocurrido en franja nocturna (22:00-06:00),Contrastar nota de cabina contra parte del primer respondiente y video del C5.,19.57327,-99.07307
TOL26072400924,2026-07-24,06:35:00,NAUCALPAN,METROPOLITANA,PERSONA TIRADA EN LA VIA PUBLICA CON HUELLAS DE VIOLENCIA,MEDIA,35,3,El propio catálogo C5 lo clasifica con huellas de violencia | A menos de 1.5 km de un homicidio doloso corroborado de julio | Atención médica documentada con persona consciente,Contrastar nota de cabina contra parte del primer respondiente y video del C5.,19.46579,-99.23333
ECA26072404306,2026-07-24,13:10:00,TLALNEPANTLA,METROPOLITANA,TENTATIVA DE SUICIDIO,MEDIA,35,2,A menos de 1.5 km de un homicidio doloso corroborado de julio | A menos de 1 km y ±6 h de otro reporte por arma de fuego,Contrastar nota de cabina contra parte del primer respondiente y video del C5.,19.53383,-99.21647
ECA26072407520,2026-07-24,19:16:00,NEZAHUALCOYOTL,ORIENTE,SUICIDIO,MEDIA,35,4,Indicios de traslado u ocultamiento del cuerpo | Persona sin signos vitales al arribo | A menos de 1 km y ±6 h de otro reporte por arma de fuego | Atención médica documentada con persona consciente,Contrastar nota de cabina contra parte del primer respondiente y video del C5.,19.4219,-99.04269
TOL26072509293,2026-07-25,23:58:00,ACAMBAY,ATLACOMULCO,HOMICIDIO,MEDIA,35,4,"La cabina registra arma de fuego, disparo o impacto | Participación de terceros referida por el reportante | Hecho ocurrido en franja nocturna (22:00-06:00) | Atención médica documentada con persona consciente",Contrastar nota de cabina contra parte del primer respondiente y video del C5.,20.034886,-100.054948
ECA26072505575,2026-07-25,18:05:00,CHIMALHUACAN,ORIENTE,PERSONA NO LOCALIZADA O DESAPARECIDA,MEDIA,35,2,A menos de 1.5 km de un homicidio doloso corroborado de julio | A menos de 1 km y ±6 h de otro reporte por arma de fuego,Contrastar nota de cabina contra parte del primer respondiente y video del C5.,19.437185,-98.92834
TOL26072600731,2026-07-26,03:18:00,IXTLAHUACA,ATLACOMULCO,PERSONA TIRADA EN LA VIA PUBLICA CON HUELLAS DE VIOLENCIA,MEDIA,35,4,El propio catálogo C5 lo clasifica con huellas de violencia | Sangrado o lesiones visibles descritas | Hecho ocurrido en franja nocturna (22:00-06:00) | Atención médica documentada con persona consciente,Contrastar nota de cabina contra parte del primer respondiente y video del C5.,19.578161,-99.744303
ECA26072605469,2026-07-26,14:24:00,TLALNEPANTLA,METROPOLITANA,PERSONA TIRADA EN LA VIA PUBLICA CON HUELLAS DE VIOLENCIA,MEDIA,35,3,El propio catálogo C5 lo clasifica con huellas de violencia | A menos de 1.5 km de un homicidio doloso corroborado de julio | Atención médica documentada con persona consciente,Contrastar nota de cabina contra parte del primer respondiente y video del C5.,19.53558,-99.219095
ECA26072206338,2026-07-22,17:00:00,TEOLOYUCAN,METROPOLITANA,PERSONA TIRADA EN LA VIA PUBLICA CON HUELLAS DE VIOLENCIA,MEDIA,35,3,"El propio catálogo C5 lo clasifica con huellas de violencia | Sangrado o lesiones visibles descritas | Estado etílico referido, patrón habitual de persona tirada",Contrastar nota de cabina contra parte del primer respondiente y video del C5.,19.75827,-99.157745
ECA26072207828,2026-07-22,20:05:00,CHIMALHUACAN,ORIENTE,TENTATIVA DE SUICIDIO,MEDIA,35,2,A menos de 1.5 km de un homicidio doloso corroborado de julio | A menos de 1 km y ±6 h de otro reporte por arma de fuego,Contrastar nota de cabina contra parte del primer respondiente y video del C5.,19.417556,-98.98537
ECA26072701747,2026-07-27,08:10:00,CHIMALHUACAN,ORIENTE,PERSONA NO LOCALIZADA O DESAPARECIDA,MEDIA,35,2,Participación de terceros referida por el reportante | A menos de 1 km y ±6 h de otro reporte por arma de fuego,Contrastar nota de cabina contra parte del primer respondiente y video del C5.,19.43389,-98.957715
TOL26072705040,2026-07-27,15:57:00,NAUCALPAN,METROPOLITANA,PERSONA NO LOCALIZADA O DESAPARECIDA,MEDIA,35,2,A menos de 1.5 km de un homicidio doloso corroborado de julio | A menos de 1 km y ±6 h de otro reporte por arma de fuego,Contrastar nota de cabina contra parte del primer respondiente y video del C5.,19.447395,-99.253865
TOL26072706414,2026-07-27,18:57:00,NAUCALPAN,METROPOLITANA,PERSONA NO LOCALIZADA O DESAPARECIDA,MEDIA,35,2,A menos de 1.5 km de un homicidio doloso corroborado de julio | A menos de 1 km y ±6 h de otro reporte por arma de fuego,Contrastar nota de cabina contra parte del primer respondiente y video del C5.,19.43425,-99.2667
TOL26072707860,2026-07-27,21:53:00,NAUCALPAN,METROPOLITANA,PERSONA NO LOCALIZADA O DESAPARECIDA,MEDIA,35,2,A menos de 1.5 km de un homicidio doloso corroborado de julio | A menos de 1 km y ±6 h de otro reporte por arma de fuego,Contrastar nota de cabina contra parte del primer respondiente y video del C5.,19.46125,-99.277485
ECA26072706893,2026-07-27,18:23:00,ECATEPEC,ECATEPEC,PERSONA TIRADA EN VIA PUBLICA,MEDIA,35,2,A menos de 1.5 km de un homicidio doloso corroborado de julio | A menos de 1 km y ±6 h de otro reporte por arma de fuego,Contrastar nota de cabina contra parte del primer respondiente y video del C5.,19.57549,-99.029125
TOL26080201829,2026-08-02,08:51:00,NAUCALPAN,METROPOLITANA,PERSONA NO LOCALIZADA O DESAPARECIDA,MEDIA,35,2,A menos de 1.5 km de un homicidio doloso corroborado de julio | A menos de 1 km y ±6 h de otro reporte por arma de fuego,Contrastar nota de cabina contra parte del primer respondiente y video del C5.,19.439605,-99.25713
ECA26080204560,2026-08-02,14:54:00,ECATEPEC,ECATEPEC,PERSONA NO LOCALIZADA O DESAPARECIDA,MEDIA,35,2,A menos de 1.5 km de un homicidio doloso corroborado de julio | A menos de 1 km y ±6 h de otro reporte por arma de fuego,Contrastar nota de cabina contra parte del primer respondiente y video del C5.,19.50299,-99.06083
ECA26080104547,2026-08-01,17:16:00,ECATEPEC,ECATEPEC,PERSONA NO LOCALIZADA O DESAPARECIDA,MEDIA,35,2,A menos de 1.5 km de un homicidio doloso corroborado de julio | A menos de 1 km y ±6 h de otro reporte por arma de fuego,Contrastar nota de cabina contra parte del primer respondiente y video del C5.,19.59782,-99.00203
ECA26080106465,2026-08-01,22:52:00,TEOLOYUCAN,METROPOLITANA,AMENAZA DE SUICIDIO,MEDIA,35,3,Sangrado o lesiones visibles descritas | Hecho ocurrido en franja nocturna (22:00-06:00) | A menos de 1 km y ±6 h de otro reporte por arma de fuego,Contrastar nota de cabina contra parte del primer respondiente y video del C5.,19.75948,-99.17947
ECA26080200501,2026-08-02,01:24:00,ACOLMAN,ECATEPEC,PERSONA TIRADA EN LA VIA PUBLICA CON HUELLAS DE VIOLENCIA,MEDIA,35,2,El propio catálogo C5 lo clasifica con huellas de violencia | Hecho ocurrido en franja nocturna (22:00-06:00),Contrastar nota de cabina contra parte del primer respondiente y video del C5.,19.60543,-98.97174
TOL26080205582,2026-08-02,19:47:00,NAUCALPAN,METROPOLITANA,PERSONA NO LOCALIZADA O DESAPARECIDA,MEDIA,35,2,A menos de 1.5 km de un homicidio doloso corroborado de julio | A menos de 1 km y ±6 h de otro reporte por arma de fuego,Contrastar nota de cabina contra parte del primer respondiente y video del C5.,19.459415,-99.276155
ECA26080206095,2026-08-02,19:22:00,NICOLAS ROMERO,METROPOLITANA,PERSONA NO LOCALIZADA O DESAPARECIDA,MEDIA,35,2,A menos de 1.5 km de un homicidio doloso corroborado de julio | A menos de 1 km y ±6 h de otro reporte por arma de fuego,Contrastar nota de cabina contra parte del primer respondiente y video del C5.,19.608385,-99.283165
TOL26080306582,2026-08-03,19:01:00,NAUCALPAN,METROPOLITANA,PERSONA NO LOCALIZADA O DESAPARECIDA,MEDIA,35,4,Indicios de traslado u ocultamiento del cuerpo | A menos de 1.5 km de un homicidio doloso corroborado de julio | A menos de 1 km y ±6 h de otro reporte por arma de fuego | La persona fue localizada según la propia nota,Contrastar nota de cabina contra parte del primer respondiente y video del C5.,19.45984,-99.282165
ECA26080303750,2026-08-03,15:56:00,ECATEPEC,ECATEPEC,PERSONA TIRADA EN VIA PUBLICA,MEDIA,35,2,A menos de 1.5 km de un homicidio doloso corroborado de julio | A menos de 1 km y ±6 h de otro reporte por arma de fuego,Contrastar nota de cabina contra parte del primer respondiente y video del C5.,19.53678,-99.04453
ECA26080305666,2026-08-03,22:43:00,TEOLOYUCAN,METROPOLITANA,PERSONA TIRADA EN LA VIA PUBLICA CON HUELLAS DE VIOLENCIA,MEDIA,35,2,El propio catálogo C5 lo clasifica con huellas de violencia | Hecho ocurrido en franja nocturna (22:00-06:00),Contrastar nota de cabina contra parte del primer respondiente y video del C5.,19.764775,-99.180335
ECA26080406407,2026-08-04,22:52:00,TEXCOCO,ORIENTE,PERSONA NO LOCALIZADA O DESAPARECIDA,MEDIA,35,3,Antecedente de violencia de pareja o familiar en el propio reporte | Hecho ocurrido en franja nocturna (22:00-06:00) | A menos de 1 km y ±6 h de otro reporte por arma de fuego,Contrastar nota de cabina contra parte del primer respondiente y video del C5.,19.45352,-98.868595
ECA26080504833,2026-08-05,17:13:00,VALLE DE CHALCO,CHALCO,PERSONA NO LOCALIZADA O DESAPARECIDA,MEDIA,35,2,Participación de terceros referida por el reportante | A menos de 1 km y ±6 h de otro reporte por arma de fuego,Contrastar nota de cabina contra parte del primer respondiente y video del C5.,19.274675,-98.92894
ECA26073104404,2026-07-31,16:12:00,CHALCO,CHALCO,PERSONA TIRADA EN VIA PUBLICA,MEDIA,35,2,A menos de 1.5 km de un homicidio doloso corroborado de julio | A menos de 1 km y ±6 h de otro reporte por arma de fuego,Contrastar nota de cabina contra parte del primer respondiente y video del C5.,19.29356,-98.86672
ECA26073104889,2026-07-31,17:25:00,NICOLAS ROMERO,METROPOLITANA,PERSONA TIRADA EN VIA PUBLICA,MEDIA,35,2,A menos de 1.5 km de un homicidio doloso corroborado de julio | A menos de 1 km y ±6 h de otro reporte por arma de fuego,Contrastar nota de cabina contra parte del primer respondiente y video del C5.,19.608385,-99.283165
ECA26073105695,2026-07-31,19:21:00,JUCHITEPEC,CHALCO,HOMICIDIO,MEDIA,35,4,"La cabina registra arma de fuego, disparo o impacto | Sangrado o lesiones visibles descritas | Persona sin signos vitales al arribo | Atención médica documentada con persona consciente",Contrastar nota de cabina contra parte del primer respondiente y video del C5.,19.084766,-98.852701
ECA26072401960,2026-07-24,08:50:00,CHALCO,CHALCO,PERSONA TIRADA EN LA VIA PUBLICA CON HUELLAS DE VIOLENCIA,MEDIA,30,3,El propio catálogo C5 lo clasifica con huellas de violencia | Sangrado o lesiones visibles descritas | Atención médica documentada con persona consciente,Contrastar nota de cabina contra parte del primer respondiente y video del C5.,19.25827,-98.89691
ECA26072506436,2026-07-25,20:04:00,ACOLMAN,ECATEPEC,PERSONA TIRADA EN VIA PUBLICA,MEDIA,30,3,"La cabina registra arma de fuego, disparo o impacto | A menos de 1.5 km de un homicidio doloso corroborado de julio | Atención médica documentada con persona consciente",Contrastar nota de cabina contra parte del primer respondiente y video del C5.,19.594795,-98.98841
ECA26072506957,2026-07-25,21:06:00,IXTAPALUCA,CHALCO,PERSONA NO LOCALIZADA O DESAPARECIDA,MEDIA,30,2,Antecedente de violencia de pareja o familiar en el propio reporte | Sangrado o lesiones visibles descritas,Contrastar nota de cabina contra parte del primer respondiente y video del C5.,19.314605,-98.89106
ECA26072602863,2026-07-26,09:39:00,CUAUTITLAN IZCALLI,METROPOLITANA,PERSONA TIRADA EN LA VIA PUBLICA CON HUELLAS DE VIOLENCIA,MEDIA,30,1,El propio catálogo C5 lo clasifica con huellas de violencia,Contrastar nota de cabina contra parte del primer respondiente y video del C5.,19.65523,-99.21083
ECA26072604043,2026-07-26,11:56:00,ZUMPANGO,ECATEPEC,PERSONA TIRADA EN LA VIA PUBLICA CON HUELLAS DE VIOLENCIA,MEDIA,30,3,El propio catálogo C5 lo clasifica con huellas de violencia | A menos de 1 km y ±6 h de otro reporte por arma de fuego | Atención médica documentada con persona consciente,Contrastar nota de cabina contra parte del primer respondiente y video del C5.,19.800565,-99.105165
ECA26072605397,2026-07-26,14:17:00,LA PAZ,ORIENTE,PERSONA NO LOCALIZADA O DESAPARECIDA,MEDIA,30,2,Antecedente de violencia de pareja o familiar en el propio reporte | A menos de 1 km y ±6 h de otro reporte por arma de fuego,Contrastar nota de cabina contra parte del primer respondiente y video del C5.,19.365475,-98.97206
ECA26080204046,2026-08-02,13:30:00,CHALCO,CHALCO,PERSONA TIRADA EN VIA PUBLICA,MEDIA,30,2,Sangrado o lesiones visibles descritas | A menos de 1 km y ±6 h de otro reporte por arma de fuego,Contrastar nota de cabina contra parte del primer respondiente y video del C5.,19.262116,-98.897686
ECA26080105653,2026-08-01,20:54:00,ATIZAPAN,METROPOLITANA,PERSONA TIRADA EN LA VIA PUBLICA CON HUELLAS DE VIOLENCIA,MEDIA,30,1,El propio catálogo C5 lo clasifica con huellas de violencia,Contrastar nota de cabina contra parte del primer respondiente y video del C5.,19.60655,-99.260085
TOL26080206300,2026-08-02,21:23:00,TOLUCA,VALLE TOLUCA,TENTATIVA DE SUICIDIO,MEDIA,30,4,Arma blanca o herida punzocortante referida | Sangrado o lesiones visibles descritas | A menos de 1 km y ±6 h de otro reporte por arma de fuego | Atención médica documentada con persona consciente,Contrastar nota de cabina contra parte del primer respondiente y video del C5.,19.311995,-99.602435
ECA26080205190,2026-08-02,16:54:00,TULTITLAN,METROPOLITANA,PERSONA TIRADA EN LA VIA PUBLICA CON HUELLAS DE VIOLENCIA,MEDIA,30,3,El propio catálogo C5 lo clasifica con huellas de violencia | A menos de 1 km y ±6 h de otro reporte por arma de fuego | Atención médica documentada con persona consciente,Contrastar nota de cabina contra parte del primer respondiente y video del C5.,19.665215,-99.094465
ECA26080206895,2026-08-02,21:51:00,TECAMAC,ECATEPEC,PERSONA TIRADA EN LA VIA PUBLICA CON HUELLAS DE VIOLENCIA,MEDIA,30,1,El propio catálogo C5 lo clasifica con huellas de violencia,Contrastar nota de cabina contra parte del primer respondiente y video del C5.,19.714392,-98.963795
TOL26072408514,2026-07-24,22:53:00,VILLA VICTORIA,VALLE DE BRAVO,SUICIDIO,MEDIA,25,4,Indicios de traslado u ocultamiento del cuerpo | Persona sin signos vitales al arribo | Hecho ocurrido en franja nocturna (22:00-06:00) | Atención médica documentada con persona consciente,Contrastar nota de cabina contra parte del primer respondiente y video del C5.,19.421,-99.996469
TOL26072503216,2026-07-25,13:12:00,NAUCALPAN,METROPOLITANA,PERSONA TIRADA EN VIA PUBLICA,MEDIA,25,3,"A menos de 1.5 km de un homicidio doloso corroborado de julio | A menos de 1 km y ±6 h de otro reporte por arma de fuego | Estado etílico referido, patrón habitual de persona tirada",Contrastar nota de cabina contra parte del primer respondiente y video del C5.,19.434985,-99.247295
ECA26072600109,2026-07-26,00:14:00,ECATEPEC,ECATEPEC,PERSONA TIRADA EN VIA PUBLICA,MEDIA,25,4,"Sangrado o lesiones visibles descritas | Hecho ocurrido en franja nocturna (22:00-06:00) | A menos de 1 km y ±6 h de otro reporte por arma de fuego | Estado etílico referido, patrón habitual de persona tirada",Contrastar nota de cabina contra parte del primer respondiente y video del C5.,19.5241,-99.038615
ECA26072601123,2026-07-26,02:55:00,LA PAZ,ORIENTE,PERSONA NO LOCALIZADA O DESAPARECIDA,MEDIA,25,2,Hecho ocurrido en franja nocturna (22:00-06:00) | A menos de 1.5 km de un homicidio doloso corroborado de julio,Contrastar nota de cabina contra parte del primer respondiente y video del C5.,19.350265,-98.97688
ECA26072604181,2026-07-26,12:12:00,CUAUTITLAN IZCALLI,METROPOLITANA,PERSONA TIRADA EN VIA PUBLICA,MEDIA,25,5,"Sangrado o lesiones visibles descritas | A menos de 1.5 km de un homicidio doloso corroborado de julio | A menos de 1 km y ±6 h de otro reporte por arma de fuego | Atención médica documentada con persona consciente | Estado etílico referido, patrón habitual de persona tirada",Contrastar nota de cabina contra parte del primer respondiente y video del C5.,19.67183,-99.221635
ECA26072208994,2026-07-22,23:06:00,TEOLOYUCAN,METROPOLITANA,AMENAZA DE SUICIDIO,MEDIA,25,3,Sangrado o lesiones visibles descritas | Hecho ocurrido en franja nocturna (22:00-06:00) | Sin coordenada válida: no verificable en campo,Contrastar nota de cabina contra parte del primer respondiente y video del C5.,,
ECA26072700093,2026-07-27,00:20:00,CHIMALHUACAN,ORIENTE,PERSONA TIRADA EN LA VIA PUBLICA CON HUELLAS DE VIOLENCIA,MEDIA,25,3,"El propio catálogo C5 lo clasifica con huellas de violencia | Hecho ocurrido en franja nocturna (22:00-06:00) | Estado etílico referido, patrón habitual de persona tirada",Contrastar nota de cabina contra parte del primer respondiente y video del C5.,19.389845,-98.96006
ECA26072701389,2026-07-27,06:42:00,TEOTIHUACAN,ORIENTE,PERSONA TIRADA EN VIA PUBLICA,MEDIA,25,2,Sangrado o lesiones visibles descritas | Persona sin signos vitales al arribo,Contrastar nota de cabina contra parte del primer respondiente y video del C5.,19.683275,-98.83692
TOL26072706875,2026-07-27,19:53:00,JOCOTITLAN,ATLACOMULCO,PERSONA NO LOCALIZADA O DESAPARECIDA,MEDIA,25,2,Participación de terceros referida por el reportante | Sin coordenada válida: no verificable en campo,Contrastar nota de cabina contra parte del primer respondiente y video del C5.,,
ECA26072709191,2026-07-27,23:15:00,ECATEPEC,ECATEPEC,PERSONA NO LOCALIZADA O DESAPARECIDA,MEDIA,25,2,Hecho ocurrido en franja nocturna (22:00-06:00) | A menos de 1.5 km de un homicidio doloso corroborado de julio,Contrastar nota de cabina contra parte del primer respondiente y video del C5.,19.546555,-99.054295
ECA26080204546,2026-08-02,14:50:00,ECATEPEC,ECATEPEC,PERSONA TIRADA EN VIA PUBLICA,MEDIA,25,1,Indicios de traslado u ocultamiento del cuerpo,Contrastar nota de cabina contra parte del primer respondiente y video del C5.,19.538155,-99.027475
ECA26073103760,2026-07-31,14:15:00,TEZOYUCA,ORIENTE,PERSONA NO LOCALIZADA O DESAPARECIDA,MEDIA,25,1,Indicios de traslado u ocultamiento del cuerpo,Contrastar nota de cabina contra parte del primer respondiente y video del C5.,19.591118,-98.918421
TOL26080200573,2026-08-02,02:20:00,NAUCALPAN,METROPOLITANA,PERSONA TIRADA EN VIA PUBLICA,MEDIA,25,2,Hecho ocurrido en franja nocturna (22:00-06:00) | A menos de 1.5 km de un homicidio doloso corroborado de julio,Contrastar nota de cabina contra parte del primer respondiente y video del C5.,19.47366,-99.23958
ECA26080104878,2026-08-01,18:18:00,CHALCO,CHALCO,SUICIDIO,MEDIA,25,2,Persona sin signos vitales al arribo | A menos de 1 km y ±6 h de otro reporte por arma de fuego,Contrastar nota de cabina contra parte del primer respondiente y video del C5.,19.262595,-98.89674
TOL26080307355,2026-08-03,20:39:00,LERMA,VALLE TOLUCA,PERSONA NO LOCALIZADA O DESAPARECIDA,MEDIA,25,1,Indicios de traslado u ocultamiento del cuerpo,Contrastar nota de cabina contra parte del primer respondiente y video del C5.,19.385088,-99.501858
TOL26080307881,2026-08-03,21:48:00,TOLUCA,VALLE TOLUCA,PERSONA TIRADA EN VIA PUBLICA,MEDIA,25,1,Indicios de traslado u ocultamiento del cuerpo,Contrastar nota de cabina contra parte del primer respondiente y video del C5.,19.28679,-99.6626
TOL26073106661,2026-07-31,17:47:00,NAUCALPAN,METROPOLITANA,PERSONA NO LOCALIZADA O DESAPARECIDA,MEDIA,25,3,"A menos de 1.5 km de un homicidio doloso corroborado de julio | A menos de 1 km y ±6 h de otro reporte por arma de fuego | Estado etílico referido, patrón habitual de persona tirada",Contrastar nota de cabina contra parte del primer respondiente y video del C5.,19.464915,-99.26662
TOL26072302112,2026-07-23,10:41:00,XONACATLAN,VALLE TOLUCA,SUICIDIO,MEDIA,20,3,Indicios de traslado u ocultamiento del cuerpo | Persona sin signos vitales al arribo | Atención médica documentada con persona consciente,Contrastar nota de cabina contra parte del primer respondiente y video del C5.,19.40462,-99.53688
ECA26072402374,2026-07-24,09:46:00,CUAUTITLAN,METROPOLITANA,TENTATIVA DE SUICIDIO,MEDIA,20,1,A menos de 1.5 km de un homicidio doloso corroborado de julio,Contrastar nota de cabina contra parte del primer respondiente y video del C5.,19.677485,-99.182085
ECA26072403764,2026-07-24,12:17:00,IXTAPALUCA,CHALCO,PERSONA NO LOCALIZADA O DESAPARECIDA,MEDIA,20,2,Antecedente de violencia de pareja o familiar en el propio reporte | Sin coordenada válida: no verificable en campo,Contrastar nota de cabina contra parte del primer respondiente y video del C5.,,
ECA26072408743,2026-07-24,22:02:00,ECATEPEC,ECATEPEC,PERSONA TIRADA EN VIA PUBLICA,MEDIA,20,2,Hecho ocurrido en franja nocturna (22:00-06:00) | A menos de 1 km y ±6 h de otro reporte por arma de fuego,Contrastar nota de cabina contra parte del primer respondiente y video del C5.,19.61048,-99.05533
TOL26072508609,2026-07-25,22:13:00,TOLUCA,VALLE TOLUCA,TENTATIVA DE SUICIDIO,MEDIA,20,4,Sangrado o lesiones visibles descritas | Hecho ocurrido en franja nocturna (22:00-06:00) | A menos de 1 km y ±6 h de otro reporte por arma de fuego | Atención médica documentada con persona consciente,Contrastar nota de cabina contra parte del primer respondiente y video del C5.,19.30166,-99.64917
ECA26072508185,2026-07-25,23:38:00,JALTENCO,ECATEPEC,TENTATIVA DE SUICIDIO,MEDIA,20,4,Sangrado o lesiones visibles descritas | Hecho ocurrido en franja nocturna (22:00-06:00) | A menos de 1 km y ±6 h de otro reporte por arma de fuego | Atención médica documentada con persona consciente,Contrastar nota de cabina contra parte del primer respondiente y video del C5.,19.659915,-99.06921
ECA26072600138,2026-07-26,00:20:00,MELCHOR OCAMPO,ECATEPEC,HOMICIDIO,MEDIA,20,5,Sangrado o lesiones visibles descritas | Persona sin signos vitales al arribo | Hecho ocurrido en franja nocturna (22:00-06:00) | Sin coordenada válida: no verificable en campo | Atención médica documentada con persona consciente,Contrastar nota de cabina contra parte del primer respondiente y video del C5.,,
ECA26072600815,2026-07-26,02:12:00,CHALCO,CHALCO,PERSONA NO LOCALIZADA O DESAPARECIDA,MEDIA,20,2,Hecho ocurrido en franja nocturna (22:00-06:00) | A menos de 1 km y ±6 h de otro reporte por arma de fuego,Contrastar nota de cabina contra parte del primer respondiente y video del C5.,19.262595,-98.89674
ECA26072206354,2026-07-22,17:02:00,NICOLAS ROMERO,METROPOLITANA,PERSONA NO LOCALIZADA O DESAPARECIDA,MEDIA,20,1,A menos de 1.5 km de un homicidio doloso corroborado de julio,Contrastar nota de cabina contra parte del primer respondiente y video del C5.,19.611242,-99.3006
TOL26072608227,2026-07-26,22:37:00,TOLUCA,VALLE TOLUCA,PERSONA TIRADA EN VIA PUBLICA,MEDIA,20,2,Hecho ocurrido en franja nocturna (22:00-06:00) | A menos de 1 km y ±6 h de otro reporte por arma de fuego,Contrastar nota de cabina contra parte del primer respondiente y video del C5.,19.344595,-99.64724
TOL26072700167,2026-07-27,00:36:00,OTZOLOTEPEC,VALLE TOLUCA,PERSONA TIRADA EN VIA PUBLICA,MEDIA,20,2,Hecho ocurrido en franja nocturna (22:00-06:00) | A menos de 1 km y ±6 h de otro reporte por arma de fuego,Contrastar nota de cabina contra parte del primer respondiente y video del C5.,19.429523,-99.511174
ECA26072700358,2026-07-27,01:06:00,CHIMALHUACAN,ORIENTE,PERSONA NO LOCALIZADA O DESAPARECIDA,MEDIA,20,2,Hecho ocurrido en franja nocturna (22:00-06:00) | A menos de 1 km y ±6 h de otro reporte por arma de fuego,Contrastar nota de cabina contra parte del primer respondiente y video del C5.,19.40932,-99.01696
TOL26072702556,2026-07-27,10:52:00,LERMA,VALLE TOLUCA,PERSONA NO LOCALIZADA O DESAPARECIDA,MEDIA,20,1,Participación de terceros referida por el reportante,Contrastar nota de cabina contra parte del primer respondiente y video del C5.,19.38716,-99.72205
TOL26072704838,2026-07-27,15:26:00,NAUCALPAN,METROPOLITANA,PERSONA NO LOCALIZADA O DESAPARECIDA,MEDIA,20,1,A menos de 1.5 km de un homicidio doloso corroborado de julio,Contrastar nota de cabina contra parte del primer respondiente y video del C5.,19.47094,-99.253255
ECA26072705285,2026-07-27,15:01:00,TULTITLAN,METROPOLITANA,PERSONA NO LOCALIZADA O DESAPARECIDA,MEDIA,20,1,A menos de 1.5 km de un homicidio doloso corroborado de julio,Contrastar nota de cabina contra parte del primer respondiente y video del C5.,19.58653,-99.16261
ECA26072709014,2026-07-27,22:48:00,TLALNEPANTLA,METROPOLITANA,PERSONA NO LOCALIZADA O DESAPARECIDA,MEDIA,20,2,Hecho ocurrido en franja nocturna (22:00-06:00) | A menos de 1 km y ±6 h de otro reporte por arma de fuego,Contrastar nota de cabina contra parte del primer respondiente y video del C5.,19.546205,-99.154927
TOL26080201098,2026-08-02,06:23:00,IXTLAHUACA,ATLACOMULCO,PERSONA TIRADA EN VIA PUBLICA,MEDIA,20,2,Sangrado o lesiones visibles descritas | Sin coordenada válida: no verificable en campo,Contrastar nota de cabina contra parte del primer respondiente y video del C5.,,
ECA26080201164,2026-08-02,03:44:00,CHALCO,CHALCO,PERSONA TIRADA EN VIA PUBLICA,MEDIA,20,4,Sangrado o lesiones visibles descritas | Hecho ocurrido en franja nocturna (22:00-06:00) | A menos de 1 km y ±6 h de otro reporte por arma de fuego | Atención médica documentada con persona consciente,Contrastar nota de cabina contra parte del primer respondiente y video del C5.,19.25949,-98.90139
ECA26073101378,2026-07-31,08:35:00,NEZAHUALCOYOTL,ORIENTE,PERSONA NO LOCALIZADA O DESAPARECIDA,MEDIA,20,3,Sangrado o lesiones visibles descritas | A menos de 1 km y ±6 h de otro reporte por arma de fuego | La cabina asienta que no presenta lesiones,Contrastar nota de cabina contra parte del primer respondiente y video del C5.,19.48262,-99.056105
ECA26073102023,2026-07-31,10:31:00,COACALCO DE BERRIOZABAL,ECATEPEC,PERSONA TIRADA EN VIA PUBLICA,MEDIA,20,3,Participación de terceros referida por el reportante | Sangrado o lesiones visibles descritas | Atención médica documentada con persona consciente,Contrastar nota de cabina contra parte del primer respondiente y video del C5.,19.65232,-99.09613
ECA26080105099,2026-08-01,19:09:00,ECATEPEC,ECATEPEC,PERSONA TIRADA EN VIA PUBLICA,MEDIA,20,1,A menos de 1.5 km de un homicidio doloso corroborado de julio,Contrastar nota de cabina contra parte del primer respondiente y video del C5.,19.6099,-98.998165
ECA26080105203,2026-08-01,19:34:00,ECATEPEC,ECATEPEC,PERSONA TIRADA EN VIA PUBLICA,MEDIA,20,1,A menos de 1.5 km de un homicidio doloso corroborado de julio,Contrastar nota de cabina contra parte del primer respondiente y video del C5.,19.494065,-99.02601
ECA26080106181,2026-08-01,22:09:00,NEZAHUALCOYOTL,ORIENTE,TENTATIVA DE SUICIDIO,MEDIA,20,2,Hecho ocurrido en franja nocturna (22:00-06:00) | A menos de 1 km y ±6 h de otro reporte por arma de fuego,Contrastar nota de cabina contra parte del primer respondiente y video del C5.,19.37453,-98.97779
ECA26080106428,2026-08-01,22:46:00,NEZAHUALCOYOTL,ORIENTE,TENTATIVA DE SUICIDIO,MEDIA,20,2,Hecho ocurrido en franja nocturna (22:00-06:00) | A menos de 1 km y ±6 h de otro reporte por arma de fuego,Contrastar nota de cabina contra parte del primer respondiente y video del C5.,19.37453,-98.97779
ECA26080200811,2026-08-02,02:30:00,CUAUTITLAN,METROPOLITANA,PERSONA NO LOCALIZADA O DESAPARECIDA,MEDIA,20,2,Hecho ocurrido en franja nocturna (22:00-06:00) | A menos de 1 km y ±6 h de otro reporte por arma de fuego,Contrastar nota de cabina contra parte del primer respondiente y video del C5.,19.66785,-99.18178
TOL26080204751,2026-08-02,17:24:00,TOLUCA,VALLE TOLUCA,PERSONA TIRADA EN VIA PUBLICA,MEDIA,20,3,"Sangrado o lesiones visibles descritas | A menos de 1 km y ±6 h de otro reporte por arma de fuego | Estado etílico referido, patrón habitual de persona tirada",Contrastar nota de cabina contra parte del primer respondiente y video del C5.,19.277685,-99.668355
TOL26080206996,2026-08-02,23:26:00,TOLUCA,VALLE TOLUCA,PERSONA NO LOCALIZADA O DESAPARECIDA,MEDIA,20,2,Hecho ocurrido en franja nocturna (22:00-06:00) | A menos de 1 km y ±6 h de otro reporte por arma de fuego,Contrastar nota de cabina contra parte del primer respondiente y video del C5.,19.36417,-99.673265
ECA26080204637,2026-08-02,15:08:00,NICOLAS ROMERO,METROPOLITANA,AMENAZA DE SUICIDIO,MEDIA,20,1,A menos de 1.5 km de un homicidio doloso corroborado de julio,Contrastar nota de cabina contra parte del primer respondiente y video del C5.,19.611242,-99.3006
ECA26080303754,2026-08-03,15:57:00,ECATEPEC,ECATEPEC,PERSONA TIRADA EN VIA PUBLICA,MEDIA,20,1,A menos de 1.5 km de un homicidio doloso corroborado de julio,Contrastar nota de cabina contra parte del primer respondiente y video del C5.,19.514995,-99.068485
ECA26080304673,2026-08-03,19:31:00,NEZAHUALCOYOTL,ORIENTE,PERSONA NO LOCALIZADA O DESAPARECIDA,MEDIA,20,1,A menos de 1.5 km de un homicidio doloso corroborado de julio,Contrastar nota de cabina contra parte del primer respondiente y video del C5.,19.386495,-99.018485
ECA26080305213,2026-08-03,21:15:00,NICOLAS ROMERO,METROPOLITANA,PERSONA NO LOCALIZADA O DESAPARECIDA,MEDIA,20,1,A menos de 1.5 km de un homicidio doloso corroborado de julio,Contrastar nota de cabina contra parte del primer respondiente y video del C5.,19.618405,-99.29556
ECA26080305344,2026-08-03,21:36:00,CHICOLOAPAN,ORIENTE,PERSONA NO LOCALIZADA O DESAPARECIDA,MEDIA,20,1,A menos de 1.5 km de un homicidio doloso corroborado de julio,Contrastar nota de cabina contra parte del primer respondiente y video del C5.,19.402425,-98.92461
ECA26080305670,2026-08-03,22:43:00,CUAUTITLAN IZCALLI,METROPOLITANA,PERSONA NO LOCALIZADA O DESAPARECIDA,MEDIA,20,2,Hecho ocurrido en franja nocturna (22:00-06:00) | A menos de 1 km y ±6 h de otro reporte por arma de fuego,Contrastar nota de cabina contra parte del primer respondiente y video del C5.,19.669185,-99.226335
TOL26080404932,2026-08-04,17:01:00,LERMA,VALLE TOLUCA,SUICIDIO,MEDIA,20,3,Indicios de traslado u ocultamiento del cuerpo | Persona sin signos vitales al arribo | Atención médica documentada con persona consciente,Contrastar nota de cabina contra parte del primer respondiente y video del C5.,19.37287,-99.44246
ECA26080405514,2026-08-04,20:23:00,LA PAZ,ORIENTE,PERSONA NO LOCALIZADA O DESAPARECIDA,MEDIA,20,1,A menos de 1.5 km de un homicidio doloso corroborado de julio,Contrastar nota de cabina contra parte del primer respondiente y video del C5.,19.381995,-98.933825
ECA26080406385,2026-08-04,22:49:00,CHALCO,CHALCO,PERSONA NO LOCALIZADA O DESAPARECIDA,MEDIA,20,2,Hecho ocurrido en franja nocturna (22:00-06:00) | A menos de 1 km y ±6 h de otro reporte por arma de fuego,Contrastar nota de cabina contra parte del primer respondiente y video del C5.,19.2814,-98.889975
ECA26080406477,2026-08-04,23:15:00,TEZOYUCA,ORIENTE,TENTATIVA DE SUICIDIO,MEDIA,20,2,Hecho ocurrido en franja nocturna (22:00-06:00) | A menos de 1 km y ±6 h de otro reporte por arma de fuego,Contrastar nota de cabina contra parte del primer respondiente y video del C5.,19.607604,-98.957048
ECA26080500086,2026-08-05,00:18:00,TLALNEPANTLA,METROPOLITANA,SUICIDIO,MEDIA,20,4,Indicios de traslado u ocultamiento del cuerpo | Hecho ocurrido en franja nocturna (22:00-06:00) | Sin coordenada válida: no verificable en campo | Atención médica documentada con persona consciente,Contrastar nota de cabina contra parte del primer respondiente y video del C5.,,
ECA26080500425,2026-08-05,01:26:00,VALLE DE CHALCO,CHALCO,PERSONA TIRADA EN VIA PUBLICA,MEDIA,20,2,Hecho ocurrido en franja nocturna (22:00-06:00) | A menos de 1 km y ±6 h de otro reporte por arma de fuego,Contrastar nota de cabina contra parte del primer respondiente y video del C5.,19.2853,-98.91451
ECA26080506968,2026-08-05,23:00:00,ECATEPEC,ECATEPEC,PERSONA NO LOCALIZADA O DESAPARECIDA,MEDIA,20,2,Hecho ocurrido en franja nocturna (22:00-06:00) | A menos de 1 km y ±6 h de otro reporte por arma de fuego,Contrastar nota de cabina contra parte del primer respondiente y video del C5.,19.518045,-99.015265
ECA26080507036,2026-08-05,23:15:00,ATIZAPAN,METROPOLITANA,PERSONA TIRADA EN VIA PUBLICA,MEDIA,20,2,Hecho ocurrido en franja nocturna (22:00-06:00) | A menos de 1 km y ±6 h de otro reporte por arma de fuego,Contrastar nota de cabina contra parte del primer respondiente y video del C5.,19.58658,-99.237595
ECA26080600172,2026-08-06,00:30:00,CHIMALHUACAN,ORIENTE,PERSONA NO LOCALIZADA O DESAPARECIDA,MEDIA,20,2,Hecho ocurrido en franja nocturna (22:00-06:00) | A menos de 1 km y ±6 h de otro reporte por arma de fuego,Contrastar nota de cabina contra parte del primer respondiente y video del C5.,19.435875,-98.968585
ECA26073104600,2026-07-31,16:42:00,NEZAHUALCOYOTL,ORIENTE,PERSONA NO LOCALIZADA O DESAPARECIDA,MEDIA,20,1,A menos de 1.5 km de un homicidio doloso corroborado de julio,Contrastar nota de cabina contra parte del primer respondiente y video del C5.,19.458085,-99.049295
ECA26073105383,2026-07-31,18:31:00,TULTITLAN,METROPOLITANA,PERSONA TIRADA EN VIA PUBLICA,MEDIA,20,3,"Sangrado o lesiones visibles descritas | A menos de 1 km y ±6 h de otro reporte por arma de fuego | Estado etílico referido, patrón habitual de persona tirada",Contrastar nota de cabina contra parte del primer respondiente y video del C5.,19.62109,-99.16737
ECA26073105868,2026-07-31,19:47:00,CHIMALHUACAN,ORIENTE,PERSONA NO LOCALIZADA O DESAPARECIDA,MEDIA,20,1,A menos de 1.5 km de un homicidio doloso corroborado de julio,Contrastar nota de cabina contra parte del primer respondiente y video del C5.,19.39918,-98.93925
TOL26072302315,2026-07-23,11:10:00,TOLUCA,VALLE TOLUCA,PERSONA NO LOCALIZADA O DESAPARECIDA,BAJA,15,1,A menos de 1 km y ±6 h de otro reporte por arma de fuego,Mantener en seguimiento estadístico; sin elementos para reclasificar.,19.28823,-99.65564
ECA26072301622,2026-07-23,08:49:00,TLALNEPANTLA,METROPOLITANA,PERSONA TIRADA EN VIA PUBLICA,BAJA,15,1,A menos de 1 km y ±6 h de otro reporte por arma de fuego,Mantener en seguimiento estadístico; sin elementos para reclasificar.,19.5216,-99.09266
ECA26072301651,2026-07-23,08:54:00,ECATEPEC,ECATEPEC,PERSONA NO LOCALIZADA O DESAPARECIDA,BAJA,15,1,A menos de 1 km y ±6 h de otro reporte por arma de fuego,Mantener en seguimiento estadístico; sin elementos para reclasificar.,19.51193,-99.05789
ECA26072301653,2026-07-23,08:55:00,TULTITLAN,METROPOLITANA,PERSONA TIRADA EN VIA PUBLICA,BAJA,15,1,A menos de 1 km y ±6 h de otro reporte por arma de fuego,Mantener en seguimiento estadístico; sin elementos para reclasificar.,19.665215,-99.094465
ECA26072303416,2026-07-23,12:32:00,TULTITLAN,METROPOLITANA,PERSONA NO LOCALIZADA O DESAPARECIDA,BAJA,15,1,A menos de 1 km y ±6 h de otro reporte por arma de fuego,Mantener en seguimiento estadístico; sin elementos para reclasificar.,19.620225,-99.15915
ECA26072303799,2026-07-23,13:09:00,NEZAHUALCOYOTL,ORIENTE,PERSONA NO LOCALIZADA O DESAPARECIDA,BAJA,15,1,A menos de 1 km y ±6 h de otro reporte por arma de fuego,Mantener en seguimiento estadístico; sin elementos para reclasificar.,19.420915,-99.031525
TOL26072403668,2026-07-24,13:43:00,ATLACOMULCO,ATLACOMULCO,PERSONA TIRADA EN VIA PUBLICA,BAJA,15,1,A menos de 1 km y ±6 h de otro reporte por arma de fuego,Mantener en seguimiento estadístico; sin elementos para reclasificar.,19.80357,-99.87053
TOL26072404347,2026-07-24,14:56:00,OTZOLOTEPEC,VALLE TOLUCA,PERSONA TIRADA EN VIA PUBLICA,BAJA,15,1,Sangrado o lesiones visibles descritas,Mantener en seguimiento estadístico; sin elementos para reclasificar.,19.420167,-99.575163
TOL26072406141,2026-07-24,18:37:00,TOLUCA,VALLE TOLUCA,PERSONA NO LOCALIZADA O DESAPARECIDA,BAJA,15,1,A menos de 1 km y ±6 h de otro reporte por arma de fuego,Mantener en seguimiento estadístico; sin elementos para reclasificar.,19.35565,-99.62595
TOL26072407386,2026-07-24,20:52:00,TENANCINGO,IXTAPAN,PERSONA NO LOCALIZADA O DESAPARECIDA,BAJA,15,1,A menos de 1 km y ±6 h de otro reporte por arma de fuego,Mantener en seguimiento estadístico; sin elementos para reclasificar.,18.983247,-99.527734
ECA26072407607,2026-07-24,19:25:00,TEZOYUCA,ORIENTE,TENTATIVA DE SUICIDIO,BAJA,15,1,A menos de 1 km y ±6 h de otro reporte por arma de fuego,Mantener en seguimiento estadístico; sin elementos para reclasificar.,19.596381,-98.908466
ECA26072407879,2026-07-24,20:10:00,TLALNEPANTLA,METROPOLITANA,AMENAZA DE SUICIDIO,BAJA,15,1,A menos de 1 km y ±6 h de otro reporte por arma de fuego,Mantener en seguimiento estadístico; sin elementos para reclasificar.,19.52665,-99.190535
ECA26072408660,2026-07-24,21:53:00,ECATEPEC,ECATEPEC,PERSONA TIRADA EN VIA PUBLICA,BAJA,15,3,Sangrado o lesiones visibles descritas | A menos de 1 km y ±6 h de otro reporte por arma de fuego | Atención médica documentada con persona consciente,Mantener en seguimiento estadístico; sin elementos para reclasificar.,19.61048,-99.05533
TOL26072503137,2026-07-25,13:04:00,TOLUCA,VALLE TOLUCA,AMENAZA DE SUICIDIO,BAJA,15,3,Sangrado o lesiones visibles descritas | A menos de 1 km y ±6 h de otro reporte por arma de fuego | Atención médica documentada con persona consciente,Mantener en seguimiento estadístico; sin elementos para reclasificar.,19.267744,-99.683281
TOL26072504270,2026-07-25,15:06:00,VILLA DEL CARBON,ATLACOMULCO,PERSONA NO LOCALIZADA O DESAPARECIDA,BAJA,15,1,A menos de 1 km y ±6 h de otro reporte por arma de fuego,Mantener en seguimiento estadístico; sin elementos para reclasificar.,19.729099,-99.464788
TOL26072508294,2026-07-25,21:34:00,TOLUCA,VALLE TOLUCA,PERSONA TIRADA EN VIA PUBLICA,BAJA,15,1,Sangrado o lesiones visibles descritas,Mantener en seguimiento estadístico; sin elementos para reclasificar.,19.30047,-99.63525
ECA26072504152,2026-07-25,15:05:00,ECATEPEC,ECATEPEC,PERSONA NO LOCALIZADA O DESAPARECIDA,BAJA,15,1,A menos de 1 km y ±6 h de otro reporte por arma de fuego,Mantener en seguimiento estadístico; sin elementos para reclasificar.,19.61048,-99.05533
ECA26072505550,2026-07-25,18:03:00,ECATEPEC,ECATEPEC,PERSONA NO LOCALIZADA O DESAPARECIDA,BAJA,15,1,A menos de 1 km y ±6 h de otro reporte por arma de fuego,Mantener en seguimiento estadístico; sin elementos para reclasificar.,19.51558,-99.039765
ECA26072604930,2026-07-26,13:26:00,CHALCO,CHALCO,PERSONA NO LOCALIZADA O DESAPARECIDA,BAJA,15,1,A menos de 1 km y ±6 h de otro reporte por arma de fuego,Mantener en seguimiento estadístico; sin elementos para reclasificar.,19.25815,-98.916925
ECA26072605291,2026-07-26,14:03:00,TULTITLAN,METROPOLITANA,AMENAZA DE SUICIDIO,BAJA,15,1,Antecedente de violencia de pareja o familiar en el propio reporte,Mantener en seguimiento estadístico; sin elementos para reclasificar.,19.60078,-99.16887
TOL26072205501,2026-07-22,17:00:00,TOLUCA,VALLE TOLUCA,PERSONA TIRADA EN VIA PUBLICA,BAJA,15,1,A menos de 1 km y ±6 h de otro reporte por arma de fuego,Mantener en seguimiento estadístico; sin elementos para reclasificar.,19.28823,-99.65564
TOL26072207003,2026-07-22,19:52:00,METEPEC,VALLE TOLUCA,PERSONA TIRADA EN VIA PUBLICA,BAJA,15,1,A menos de 1 km y ±6 h de otro reporte por arma de fuego,Mantener en seguimiento estadístico; sin elementos para reclasificar.,19.27065,-99.62678
TOL26072605534,2026-07-26,17:02:00,LERMA,VALLE TOLUCA,PERSONA TIRADA EN VIA PUBLICA,BAJA,15,1,A menos de 1 km y ±6 h de otro reporte por arma de fuego,Mantener en seguimiento estadístico; sin elementos para reclasificar.,19.299305,-99.50738
ECA26072608038,2026-07-26,19:35:00,CHIMALHUACAN,ORIENTE,PERSONA NO LOCALIZADA O DESAPARECIDA,BAJA,15,1,A menos de 1 km y ±6 h de otro reporte por arma de fuego,Mantener en seguimiento estadístico; sin elementos para reclasificar.,19.4176,-98.961915
ECA26072701394,2026-07-27,06:43:00,TEOTIHUACAN,ORIENTE,PERSONA TIRADA EN VIA PUBLICA,BAJA,15,1,Sangrado o lesiones visibles descritas,Mantener en seguimiento estadístico; sin elementos para reclasificar.,19.683275,-98.83692
ECA26072702773,2026-07-27,10:25:00,TLALNEPANTLA,METROPOLITANA,PERSONA TIRADA EN VIA PUBLICA,BAJA,15,1,A menos de 1 km y ±6 h de otro reporte por arma de fuego,Mantener en seguimiento estadístico; sin elementos para reclasificar.,19.54616,-99.16425
ECA26072704282,2026-07-27,13:07:00,ATIZAPAN,METROPOLITANA,TENTATIVA DE SUICIDIO,BAJA,15,1,A menos de 1 km y ±6 h de otro reporte por arma de fuego,Mantener en seguimiento estadístico; sin elementos para reclasificar.,19.60145,-99.23032
TOL26072706846,2026-07-27,19:50:00,TIANGUISTENCO,VALLE TOLUCA,PERSONA TIRADA EN VIA PUBLICA,BAJA,15,3,Sangrado o lesiones visibles descritas | A menos de 1 km y ±6 h de otro reporte por arma de fuego | Atención médica documentada con persona consciente,Mantener en seguimiento estadístico; sin elementos para reclasificar.,19.182415,-99.468504
ECA26072706539,2026-07-27,17:41:00,ECATEPEC,ECATEPEC,PERSONA NO LOCALIZADA O DESAPARECIDA,BAJA,15,1,A menos de 1 km y ±6 h de otro reporte por arma de fuego,Mantener en seguimiento estadístico; sin elementos para reclasificar.,19.517535,-99.017775
ECA26072706721,2026-07-27,18:02:00,CHIMALHUACAN,ORIENTE,PERSONA NO LOCALIZADA O DESAPARECIDA,BAJA,15,1,A menos de 1 km y ±6 h de otro reporte por arma de fuego,Mantener en seguimiento estadístico; sin elementos para reclasificar.,19.442685,-98.97611
ECA26072707113,2026-07-27,18:50:00,CHALCO,CHALCO,PERSONA TIRADA EN VIA PUBLICA,BAJA,15,1,A menos de 1 km y ±6 h de otro reporte por arma de fuego,Mantener en seguimiento estadístico; sin elementos para reclasificar.,19.28001,-98.88533
ECA26072708522,2026-07-27,21:44:00,TLALNEPANTLA,METROPOLITANA,AMENAZA DE SUICIDIO,BAJA,15,1,A menos de 1 km y ±6 h de otro reporte por arma de fuego,Mantener en seguimiento estadístico; sin elementos para reclasificar.,19.539185,-99.199485
TOL26080201017,2026-08-02,06:01:00,TOLUCA,VALLE TOLUCA,PERSONA TIRADA EN VIA PUBLICA,BAJA,15,1,Sangrado o lesiones visibles descritas,Mantener en seguimiento estadístico; sin elementos para reclasificar.,19.272521,-99.658448
TOL26080201050,2026-08-02,06:09:00,SAN FELIPE DEL PROGRESO,VALLE DE BRAVO,PERSONA TIRADA EN VIA PUBLICA,BAJA,15,1,A menos de 1 km y ±6 h de otro reporte por arma de fuego,Mantener en seguimiento estadístico; sin elementos para reclasificar.,19.709209,-99.946908
TOL26080203828,2026-08-02,14:26:00,NAUCALPAN,METROPOLITANA,TENTATIVA DE SUICIDIO,BAJA,15,1,A menos de 1 km y ±6 h de otro reporte por arma de fuego,Mantener en seguimiento estadístico; sin elementos para reclasificar.,19.432275,-99.26754
ECA26080202252,2026-08-02,08:47:00,ECATEPEC,ECATEPEC,PERSONA NO LOCALIZADA O DESAPARECIDA,BAJA,15,1,A menos de 1 km y ±6 h de otro reporte por arma de fuego,Mantener en seguimiento estadístico; sin elementos para reclasificar.,19.61613,-99.0535
ECA26080202453,2026-08-02,09:27:00,VALLE DE CHALCO,CHALCO,PERSONA NO LOCALIZADA O DESAPARECIDA,BAJA,15,1,A menos de 1 km y ±6 h de otro reporte por arma de fuego,Mantener en seguimiento estadístico; sin elementos para reclasificar.,19.26825,-98.958405
ECA26080203033,2026-08-02,11:06:00,TEXCOCO,ORIENTE,PERSONA TIRADA EN VIA PUBLICA,BAJA,15,1,Sangrado o lesiones visibles descritas,Mantener en seguimiento estadístico; sin elementos para reclasificar.,19.46686,-98.880865
ECA26073101340,2026-07-31,08:29:00,NICOLAS ROMERO,METROPOLITANA,PERSONA TIRADA EN VIA PUBLICA,BAJA,15,1,A menos de 1 km y ±6 h de otro reporte por arma de fuego,Mantener en seguimiento estadístico; sin elementos para reclasificar.,19.60399,-99.29432
ECA26073102563,2026-07-31,11:43:00,TEXCOCO,ORIENTE,PERSONA TIRADA EN VIA PUBLICA,BAJA,15,1,A menos de 1 km y ±6 h de otro reporte por arma de fuego,Mantener en seguimiento estadístico; sin elementos para reclasificar.,19.511485,-98.885165
TOL26080105707,2026-08-01,17:44:00,TENANCINGO,IXTAPAN,TENTATIVA DE SUICIDIO,BAJA,15,3,Arma blanca o herida punzocortante referida | Sangrado o lesiones visibles descritas | Atención médica documentada con persona consciente,Mantener en seguimiento estadístico; sin elementos para reclasificar.,18.95112,-99.593733
ECA26080104182,2026-08-01,15:53:00,CHIMALHUACAN,ORIENTE,PERSONA NO LOCALIZADA O DESAPARECIDA,BAJA,15,4,Participación de terceros referida por el reportante | Antecedente de violencia de pareja o familiar en el propio reporte | Sin coordenada válida: no verificable en campo | La persona fue localizada según la propia nota,Mantener en seguimiento estadístico; sin elementos para reclasificar.,,
ECA26080104968,2026-08-01,18:36:00,ECATEPEC,ECATEPEC,PERSONA TIRADA EN VIA PUBLICA,BAJA,15,1,A menos de 1 km y ±6 h de otro reporte por arma de fuego,Mantener en seguimiento estadístico; sin elementos para reclasificar.,19.5102,-99.027115
ECA26080105132,2026-08-01,19:17:00,COACALCO DE BERRIOZABAL,ECATEPEC,PERSONA TIRADA EN VIA PUBLICA,BAJA,15,1,A menos de 1 km y ±6 h de otro reporte por arma de fuego,Mantener en seguimiento estadístico; sin elementos para reclasificar.,19.65416,-99.07924
ECA26080105227,2026-08-01,19:41:00,CUAUTITLAN IZCALLI,METROPOLITANA,PERSONA NO LOCALIZADA O DESAPARECIDA,BAJA,15,1,A menos de 1 km y ±6 h de otro reporte por arma de fuego,Mantener en seguimiento estadístico; sin elementos para reclasificar.,19.661645,-99.248145
ECA26080105339,2026-08-01,20:10:00,NEZAHUALCOYOTL,ORIENTE,PERSONA NO LOCALIZADA O DESAPARECIDA,BAJA,15,1,A menos de 1 km y ±6 h de otro reporte por arma de fuego,Mantener en seguimiento estadístico; sin elementos para reclasificar.,19.40598,-99.008605
ECA26080105801,2026-08-01,21:15:00,ECATEPEC,ECATEPEC,PERSONA NO LOCALIZADA O DESAPARECIDA,BAJA,15,1,A menos de 1 km y ±6 h de otro reporte por arma de fuego,Mantener en seguimiento estadístico; sin elementos para reclasificar.,19.61048,-99.05533
ECA26080105944,2026-08-01,21:33:00,CHALCO,CHALCO,PERSONA NO LOCALIZADA O DESAPARECIDA,BAJA,15,1,A menos de 1 km y ±6 h de otro reporte por arma de fuego,Mantener en seguimiento estadístico; sin elementos para reclasificar.,19.273235,-98.913275
ECA26080106808,2026-08-01,23:52:00,ATIZAPAN,METROPOLITANA,PERSONA TIRADA EN VIA PUBLICA,BAJA,15,2,Persona sin signos vitales al arribo | Hecho ocurrido en franja nocturna (22:00-06:00),Mantener en seguimiento estadístico; sin elementos para reclasificar.,19.589625,-99.270015
TOL26080204741,2026-08-02,17:22:00,CAPULHUAC,VALLE TOLUCA,AMENAZA DE SUICIDIO,BAJA,15,3,Arma blanca o herida punzocortante referida | Sangrado o lesiones visibles descritas | Atención médica documentada con persona consciente,Mantener en seguimiento estadístico; sin elementos para reclasificar.,19.221765,-99.472224
TOL26080205778,2026-08-02,20:22:00,ZINACANTEPEC,VALLE TOLUCA,PERSONA TIRADA EN VIA PUBLICA,BAJA,15,1,A menos de 1 km y ±6 h de otro reporte por arma de fuego,Mantener en seguimiento estadístico; sin elementos para reclasificar.,19.29992,-99.734765
ECA26080204799,2026-08-02,15:36:00,ECATEPEC,ECATEPEC,PERSONA NO LOCALIZADA O DESAPARECIDA,BAJA,15,1,A menos de 1 km y ±6 h de otro reporte por arma de fuego,Mantener en seguimiento estadístico; sin elementos para reclasificar.,19.64298,-99.001505
ECA26080205624,2026-08-02,17:57:00,NEZAHUALCOYOTL,ORIENTE,AMENAZA DE SUICIDIO,BAJA,15,1,A menos de 1 km y ±6 h de otro reporte por arma de fuego,Mantener en seguimiento estadístico; sin elementos para reclasificar.,19.432825,-99.039025
ECA26080206163,2026-08-02,19:36:00,CHIMALHUACAN,ORIENTE,TENTATIVA DE SUICIDIO,BAJA,15,3,Sangrado o lesiones visibles descritas | A menos de 1 km y ±6 h de otro reporte por arma de fuego | Atención médica documentada con persona consciente,Mantener en seguimiento estadístico; sin elementos para reclasificar.,19.4176,-98.961915
ECA26080206184,2026-08-02,19:44:00,NEXTLALPAN,ECATEPEC,PERSONA TIRADA EN VIA PUBLICA,BAJA,15,1,A menos de 1 km y ±6 h de otro reporte por arma de fuego,Mantener en seguimiento estadístico; sin elementos para reclasificar.,19.704916,-99.071542
ECA26080206442,2026-08-02,20:43:00,CHALCO,CHALCO,PERSONA NO LOCALIZADA O DESAPARECIDA,BAJA,15,1,A menos de 1 km y ±6 h de otro reporte por arma de fuego,Mantener en seguimiento estadístico; sin elementos para reclasificar.,19.27229,-98.83841
TOL26080305904,2026-08-03,17:49:00,TOLUCA,VALLE TOLUCA,PERSONA TIRADA EN VIA PUBLICA,BAJA,15,1,A menos de 1 km y ±6 h de otro reporte por arma de fuego,Mantener en seguimiento estadístico; sin elementos para reclasificar.,19.37786,-99.56674
TOL26080306054,2026-08-03,18:08:00,TOLUCA,VALLE TOLUCA,PERSONA TIRADA EN VIA PUBLICA,BAJA,15,1,A menos de 1 km y ±6 h de otro reporte por arma de fuego,Mantener en seguimiento estadístico; sin elementos para reclasificar.,19.379584,-99.563607
ECA26080303651,2026-08-03,15:21:00,CUAUTITLAN IZCALLI,METROPOLITANA,AMENAZA DE SUICIDIO,BAJA,15,1,A menos de 1 km y ±6 h de otro reporte por arma de fuego,Mantener en seguimiento estadístico; sin elementos para reclasificar.,19.65523,-99.21083
ECA26080303705,2026-08-03,15:38:00,CUAUTITLAN IZCALLI,METROPOLITANA,AMENAZA DE SUICIDIO,BAJA,15,1,A menos de 1 km y ±6 h de otro reporte por arma de fuego,Mantener en seguimiento estadístico; sin elementos para reclasificar.,19.60579,-99.19233
ECA26080303833,2026-08-03,16:20:00,CHALCO,CHALCO,PERSONA NO LOCALIZADA O DESAPARECIDA,BAJA,15,1,A menos de 1 km y ±6 h de otro reporte por arma de fuego,Mantener en seguimiento estadístico; sin elementos para reclasificar.,19.265695,-98.908225
TOL26080404003,2026-08-04,15:21:00,TOLUCA,VALLE TOLUCA,PERSONA NO LOCALIZADA O DESAPARECIDA,BAJA,15,1,A menos de 1 km y ±6 h de otro reporte por arma de fuego,Mantener en seguimiento estadístico; sin elementos para reclasificar.,19.249725,-99.69428
TOL26080406577,2026-08-04,20:11:00,ZINACANTEPEC,VALLE TOLUCA,PERSONA TIRADA EN VIA PUBLICA,BAJA,15,1,A menos de 1 km y ±6 h de otro reporte por arma de fuego,Mantener en seguimiento estadístico; sin elementos para reclasificar.,19.29992,-99.734765
TOL26080406866,2026-08-04,20:41:00,CHAPULTEPEC,VALLE TOLUCA,SUICIDIO,BAJA,15,3,Indicios de traslado u ocultamiento del cuerpo | Sin coordenada válida: no verificable en campo | Atención médica documentada con persona consciente,Mantener en seguimiento estadístico; sin elementos para reclasificar.,,
ECA26080405398,2026-08-04,20:06:00,TLALNEPANTLA,METROPOLITANA,PERSONA TIRADA EN VIA PUBLICA,BAJA,15,1,A menos de 1 km y ±6 h de otro reporte por arma de fuego,Mantener en seguimiento estadístico; sin elementos para reclasificar.,19.538055,-99.15942
ECA26080405727,2026-08-04,21:00:00,NEXTLALPAN,ECATEPEC,PERSONA NO LOCALIZADA O DESAPARECIDA,BAJA,15,1,A menos de 1 km y ±6 h de otro reporte por arma de fuego,Mantener en seguimiento estadístico; sin elementos para reclasificar.,19.704916,-99.071542
TOL26080506690,2026-08-05,20:14:00,ALMOLOYA,VALLE TOLUCA,PERSONA TIRADA EN VIA PUBLICA,BAJA,15,1,A menos de 1 km y ±6 h de otro reporte por arma de fuego,Mantener en seguimiento estadístico; sin elementos para reclasificar.,19.368205,-99.764598
ECA26080504628,2026-08-05,16:32:00,DELEGACION TLAHUAC,SIN CATALOGAR,PERSONA NO LOCALIZADA O DESAPARECIDA,BAJA,15,1,A menos de 1 km y ±6 h de otro reporte por arma de fuego,Mantener en seguimiento estadístico; sin elementos para reclasificar.,19.294035,-98.94555
ECA26080505673,2026-08-05,19:40:00,COACALCO DE BERRIOZABAL,ECATEPEC,PERSONA TIRADA EN VIA PUBLICA,BAJA,15,1,A menos de 1 km y ±6 h de otro reporte por arma de fuego,Mantener en seguimiento estadístico; sin elementos para reclasificar.,19.649245,-99.096565
TOL26073105911,2026-07-31,16:37:00,ATLACOMULCO,ATLACOMULCO,AMENAZA DE SUICIDIO,BAJA,15,1,A menos de 1 km y ±6 h de otro reporte por arma de fuego,Mantener en seguimiento estadístico; sin elementos para reclasificar.,19.794975,-99.877305
ECA26073105577,2026-07-31,19:05:00,COACALCO DE BERRIOZABAL,ECATEPEC,PERSONA TIRADA EN VIA PUBLICA,BAJA,15,1,A menos de 1 km y ±6 h de otro reporte por arma de fuego,Mantener en seguimiento estadístico; sin elementos para reclasificar.,19.64143,-99.08886
ECA26073106412,2026-07-31,21:25:00,ECATEPEC,ECATEPEC,AMENAZA DE SUICIDIO,BAJA,15,1,A menos de 1 km y ±6 h de otro reporte por arma de fuego,Mantener en seguimiento estadístico; sin elementos para reclasificar.,19.61048,-99.05533
TOL26072400728,2026-07-24,04:37:00,TOLUCA,VALLE TOLUCA,TENTATIVA DE SUICIDIO,BAJA,10,5,"Arma blanca o herida punzocortante referida | Sangrado o lesiones visibles descritas | Hecho ocurrido en franja nocturna (22:00-06:00) | Atención médica documentada con persona consciente | Estado etílico referido, patrón habitual de persona tirada",Mantener en seguimiento estadístico; sin elementos para reclasificar.,19.2708,-99.67488
ECA26072401265,2026-07-24,05:48:00,IXTAPALUCA,CHALCO,PERSONA NO LOCALIZADA O DESAPARECIDA,BAJA,10,2,Hecho ocurrido en franja nocturna (22:00-06:00) | Sin coordenada válida: no verificable en campo,Mantener en seguimiento estadístico; sin elementos para reclasificar.,,
ECA26072404103,2026-07-24,12:50:00,ECATEPEC,ECATEPEC,PERSONA TIRADA EN VIA PUBLICA,BAJA,10,4,"Sangrado o lesiones visibles descritas | A menos de 1.5 km de un homicidio doloso corroborado de julio | Atención médica documentada con persona consciente | Estado etílico referido, patrón habitual de persona tirada",Mantener en seguimiento estadístico; sin elementos para reclasificar.,19.50637,-99.02054
TOL26072408473,2026-07-24,22:48:00,TOLUCA,VALLE TOLUCA,PERSONA TIRADA EN VIA PUBLICA,BAJA,10,3,"Hecho ocurrido en franja nocturna (22:00-06:00) | A menos de 1 km y ±6 h de otro reporte por arma de fuego | Estado etílico referido, patrón habitual de persona tirada",Mantener en seguimiento estadístico; sin elementos para reclasificar.,19.297024,-99.692321
ECA26072409152,2026-07-24,22:43:00,NEZAHUALCOYOTL,ORIENTE,TENTATIVA DE SUICIDIO,BAJA,10,3,"Hecho ocurrido en franja nocturna (22:00-06:00) | A menos de 1 km y ±6 h de otro reporte por arma de fuego | Estado etílico referido, patrón habitual de persona tirada",Mantener en seguimiento estadístico; sin elementos para reclasificar.,19.432825,-99.039025
TOL26072708279,2026-07-27,23:11:00,TENANCINGO,IXTAPAN,TENTATIVA DE SUICIDIO,BAJA,10,3,Participación de terceros referida por el reportante | Hecho ocurrido en franja nocturna (22:00-06:00) | Atención médica documentada con persona consciente,Mantener en seguimiento estadístico; sin elementos para reclasificar.,18.966413,-99.577452
ECA26072707687,2026-07-27,20:04:00,ECATEPEC,ECATEPEC,PERSONA TIRADA EN VIA PUBLICA,BAJA,10,4,"A menos de 1.5 km de un homicidio doloso corroborado de julio | A menos de 1 km y ±6 h de otro reporte por arma de fuego | Atención médica documentada con persona consciente | Estado etílico referido, patrón habitual de persona tirada",Mantener en seguimiento estadístico; sin elementos para reclasificar.,19.59782,-99.00203
ECA26080201584,2026-08-02,05:25:00,CUAUTITLAN IZCALLI,METROPOLITANA,PERSONA TIRADA EN VIA PUBLICA,BAJA,10,3,"Hecho ocurrido en franja nocturna (22:00-06:00) | A menos de 1 km y ±6 h de otro reporte por arma de fuego | Estado etílico referido, patrón habitual de persona tirada",Mantener en seguimiento estadístico; sin elementos para reclasificar.,19.64912,-99.20861
ECA26073100825,2026-07-31,05:08:00,JALTENCO,ECATEPEC,PERSONA NO LOCALIZADA O DESAPARECIDA,BAJA,10,2,Hecho ocurrido en franja nocturna (22:00-06:00) | Sin coordenada válida: no verificable en campo,Mantener en seguimiento estadístico; sin elementos para reclasificar.,,
ECA26073101798,2026-07-31,09:55:00,ECATEPEC,ECATEPEC,PERSONA TIRADA EN VIA PUBLICA,BAJA,10,4,"A menos de 1.5 km de un homicidio doloso corroborado de julio | A menos de 1 km y ±6 h de otro reporte por arma de fuego | Atención médica documentada con persona consciente | Estado etílico referido, patrón habitual de persona tirada",Mantener en seguimiento estadístico; sin elementos para reclasificar.,19.59782,-99.00203
ECA26080105482,2026-08-01,20:32:00,CHIMALHUACAN,ORIENTE,PERSONA TIRADA EN VIA PUBLICA,BAJA,10,2,"A menos de 1.5 km de un homicidio doloso corroborado de julio | Estado etílico referido, patrón habitual de persona tirada",Mantener en seguimiento estadístico; sin elementos para reclasificar.,19.415065,-98.97565
TOL26080307522,2026-08-03,20:59:00,MEXICALTZINGO,VALLE TOLUCA,PERSONA TIRADA EN VIA PUBLICA,BAJA,10,4,"Participación de terceros referida por el reportante | A menos de 1 km y ±6 h de otro reporte por arma de fuego | Atención médica documentada con persona consciente | Estado etílico referido, patrón habitual de persona tirada",Mantener en seguimiento estadístico; sin elementos para reclasificar.,19.205467,-99.584465
ECA26080303756,2026-08-03,15:58:00,CHIMALHUACAN,ORIENTE,PERSONA NO LOCALIZADA O DESAPARECIDA,BAJA,10,3,Antecedente de violencia de pareja o familiar en el propio reporte | A menos de 1.5 km de un homicidio doloso corroborado de julio | La persona fue localizada según la propia nota,Mantener en seguimiento estadístico; sin elementos para reclasificar.,19.42798,-98.92659
TOL26072300676,2026-07-23,05:22:00,NAUCALPAN,METROPOLITANA,PERSONA NO LOCALIZADA O DESAPARECIDA,BAJA,5,1,Hecho ocurrido en franja nocturna (22:00-06:00),Mantener en seguimiento estadístico; sin elementos para reclasificar.,19.45592,-99.218165
ECA26072300871,2026-07-23,04:04:00,ECATZINGO,CHALCO,PERSONA NO LOCALIZADA O DESAPARECIDA,BAJA,5,1,Hecho ocurrido en franja nocturna (22:00-06:00),Mantener en seguimiento estadístico; sin elementos para reclasificar.,18.956985,-98.755266
ECA26072301509,2026-07-23,08:29:00,COACALCO DE BERRIOZABAL,ECATEPEC,PERSONA TIRADA EN VIA PUBLICA,BAJA,5,1,Sin coordenada válida: no verificable en campo,Mantener en seguimiento estadístico; sin elementos para reclasificar.,,
TOL26072400756,2026-07-24,04:53:00,NAUCALPAN,METROPOLITANA,PERSONA NO LOCALIZADA O DESAPARECIDA,BAJA,5,1,Hecho ocurrido en franja nocturna (22:00-06:00),Mantener en seguimiento estadístico; sin elementos para reclasificar.,19.49228,-99.24765
TOL26072408642,2026-07-24,23:11:00,TOLUCA,VALLE TOLUCA,PERSONA TIRADA EN VIA PUBLICA,BAJA,5,1,Hecho ocurrido en franja nocturna (22:00-06:00),Mantener en seguimiento estadístico; sin elementos para reclasificar.,19.24101,-99.63965
ECA26072407959,2026-07-24,20:19:00,IXTAPALUCA,CHALCO,PERSONA NO LOCALIZADA O DESAPARECIDA,BAJA,5,1,Sin coordenada válida: no verificable en campo,Mantener en seguimiento estadístico; sin elementos para reclasificar.,,
ECA26072408570,2026-07-24,21:42:00,ATIZAPAN,METROPOLITANA,TENTATIVA DE SUICIDIO,BAJA,5,1,Sin coordenada válida: no verificable en campo,Mantener en seguimiento estadístico; sin elementos para reclasificar.,,
ECA26072500035,2026-07-25,00:32:00,TEXCOCO,ORIENTE,PERSONA TIRADA EN VIA PUBLICA,BAJA,5,1,Hecho ocurrido en franja nocturna (22:00-06:00),Mantener en seguimiento estadístico; sin elementos para reclasificar.,19.544425,-98.81301
ECA26072500144,2026-07-25,01:34:00,HUEHUETOCA,ECATEPEC,PERSONA NO LOCALIZADA O DESAPARECIDA,BAJA,5,1,Hecho ocurrido en franja nocturna (22:00-06:00),Mantener en seguimiento estadístico; sin elementos para reclasificar.,19.855331,-99.213316
TOL26072600038,2026-07-26,00:11:00,TONATICO,IXTAPAN,PERSONA TIRADA EN VIA PUBLICA,BAJA,5,3,Sangrado o lesiones visibles descritas | Hecho ocurrido en franja nocturna (22:00-06:00) | Atención médica documentada con persona consciente,Mantener en seguimiento estadístico; sin elementos para reclasificar.,18.80603,-99.66878
TOL26072600380,2026-07-26,01:32:00,TOLUCA,VALLE TOLUCA,PERSONA TIRADA EN VIA PUBLICA,BAJA,5,1,Hecho ocurrido en franja nocturna (22:00-06:00),Mantener en seguimiento estadístico; sin elementos para reclasificar.,19.34589,-99.69304
ECA26072504838,2026-07-25,16:28:00,IXTAPALUCA,CHALCO,PERSONA NO LOCALIZADA O DESAPARECIDA,BAJA,5,1,Sin coordenada válida: no verificable en campo,Mantener en seguimiento estadístico; sin elementos para reclasificar.,,
ECA26072506338,2026-07-25,19:41:00,NEZAHUALCOYOTL,ORIENTE,PERSONA TIRADA EN LA VIA PUBLICA CON HUELLAS DE VIOLENCIA,BAJA,5,3,"El propio catálogo C5 lo clasifica con huellas de violencia | Atención médica documentada con persona consciente | Estado etílico referido, patrón habitual de persona tirada",Mantener en seguimiento estadístico; sin elementos para reclasificar.,19.40598,-99.008605
ECA26072600725,2026-07-26,02:01:00,TULTITLAN,METROPOLITANA,TENTATIVA DE SUICIDIO,BAJA,5,3,Sangrado o lesiones visibles descritas | Hecho ocurrido en franja nocturna (22:00-06:00) | Atención médica documentada con persona consciente,Mantener en seguimiento estadístico; sin elementos para reclasificar.,19.632145,-99.14125
TOL26072601118,2026-07-26,05:46:00,NAUCALPAN,METROPOLITANA,AMENAZA DE SUICIDIO,BAJA,5,3,Sangrado o lesiones visibles descritas | Hecho ocurrido en franja nocturna (22:00-06:00) | Atención médica documentada con persona consciente,Mantener en seguimiento estadístico; sin elementos para reclasificar.,19.47219,-99.21557
ECA26072603683,2026-07-26,11:19:00,ATIZAPAN,METROPOLITANA,TENTATIVA DE SUICIDIO,BAJA,5,2,"A menos de 1 km y ±6 h de otro reporte por arma de fuego | Estado etílico referido, patrón habitual de persona tirada",Mantener en seguimiento estadístico; sin elementos para reclasificar.,19.59712,-99.26954
TOL26072208003,2026-07-22,22:00:00,NAUCALPAN,METROPOLITANA,PERSONA TIRADA EN VIA PUBLICA,BAJA,5,3,Hecho ocurrido en franja nocturna (22:00-06:00) | A menos de 1 km y ±6 h de otro reporte por arma de fuego | Atención médica documentada con persona consciente,Mantener en seguimiento estadístico; sin elementos para reclasificar.,19.43479,-99.276801
TOL26072208340,2026-07-22,23:00:00,SAN MATEO ATENCO,VALLE TOLUCA,PERSONA NO LOCALIZADA O DESAPARECIDA,BAJA,5,1,Hecho ocurrido en franja nocturna (22:00-06:00),Mantener en seguimiento estadístico; sin elementos para reclasificar.,19.27711,-99.56075
ECA26072207815,2026-07-22,20:03:00,ZUMPANGO,ECATEPEC,PERSONA NO LOCALIZADA O DESAPARECIDA,BAJA,5,1,Sin coordenada válida: no verificable en campo,Mantener en seguimiento estadístico; sin elementos para reclasificar.,,
ECA26072208520,2026-07-22,21:38:00,ZUMPANGO,ECATEPEC,PERSONA NO LOCALIZADA O DESAPARECIDA,BAJA,5,1,Sin coordenada válida: no verificable en campo,Mantener en seguimiento estadístico; sin elementos para reclasificar.,,
ECA26072208966,2026-07-22,23:00:00,AMECAMECA,CHALCO,PERSONA TIRADA EN VIA PUBLICA,BAJA,5,1,Hecho ocurrido en franja nocturna (22:00-06:00),Mantener en seguimiento estadístico; sin elementos para reclasificar.,19.136375,-98.76711
TOL26072605211,2026-07-26,16:16:00,TOLUCA,VALLE TOLUCA,PERSONA TIRADA EN VIA PUBLICA,BAJA,5,2,"A menos de 1 km y ±6 h de otro reporte por arma de fuego | Estado etílico referido, patrón habitual de persona tirada",Mantener en seguimiento estadístico; sin elementos para reclasificar.,19.249725,-99.69428
TOL26072700124,2026-07-27,00:27:00,HUIXQUILUCAN,METROPOLITANA,PERSONA TIRADA EN VIA PUBLICA,BAJA,5,1,Hecho ocurrido en franja nocturna (22:00-06:00),Mantener en seguimiento estadístico; sin elementos para reclasificar.,19.388107,-99.278843
TOL26072700271,2026-07-27,01:04:00,OTZOLOTEPEC,VALLE TOLUCA,PERSONA TIRADA EN VIA PUBLICA,BAJA,5,3,Sangrado o lesiones visibles descritas | Hecho ocurrido en franja nocturna (22:00-06:00) | Atención médica documentada con persona consciente,Mantener en seguimiento estadístico; sin elementos para reclasificar.,19.451975,-99.487294
TOL26072700593,2026-07-27,02:36:00,SAN MATEO ATENCO,VALLE TOLUCA,PERSONA NO LOCALIZADA O DESAPARECIDA,BAJA,5,1,Hecho ocurrido en franja nocturna (22:00-06:00),Mantener en seguimiento estadístico; sin elementos para reclasificar.,19.26309,-99.52157
ECA26072606614,2026-07-26,16:41:00,LA PAZ,ORIENTE,PERSONA TIRADA EN VIA PUBLICA,BAJA,5,2,"A menos de 1 km y ±6 h de otro reporte por arma de fuego | Estado etílico referido, patrón habitual de persona tirada",Mantener en seguimiento estadístico; sin elementos para reclasificar.,19.36471,-98.9745
ECA26072607710,2026-07-26,18:58:00,ATIZAPAN,METROPOLITANA,PERSONA NO LOCALIZADA O DESAPARECIDA,BAJA,5,1,Sin coordenada válida: no verificable en campo,Mantener en seguimiento estadístico; sin elementos para reclasificar.,,
ECA26072608592,2026-07-26,20:51:00,ECATEPEC,ECATEPEC,PERSONA NO LOCALIZADA O DESAPARECIDA,BAJA,5,2,"A menos de 1 km y ±6 h de otro reporte por arma de fuego | Estado etílico referido, patrón habitual de persona tirada",Mantener en seguimiento estadístico; sin elementos para reclasificar.,19.512875,-99.048975
ECA26072609342,2026-07-26,22:40:00,TLALNEPANTLA,METROPOLITANA,AMENAZA DE SUICIDIO,BAJA,5,1,Hecho ocurrido en franja nocturna (22:00-06:00),Mantener en seguimiento estadístico; sin elementos para reclasificar.,19.53537,-99.173315
ECA26072609742,2026-07-26,23:51:00,IXTAPALUCA,CHALCO,PERSONA NO LOCALIZADA O DESAPARECIDA,BAJA,5,1,Hecho ocurrido en franja nocturna (22:00-06:00),Mantener en seguimiento estadístico; sin elementos para reclasificar.,19.31609,-98.928275
ECA26072700410,2026-07-27,01:16:00,TLALNEPANTLA,METROPOLITANA,PERSONA NO LOCALIZADA O DESAPARECIDA,BAJA,5,1,Hecho ocurrido en franja nocturna (22:00-06:00),Mantener en seguimiento estadístico; sin elementos para reclasificar.,19.535585,-99.233145
TOL26072702557,2026-07-27,10:52:00,IXTAPAN DE LA SAL,IXTAPAN,PERSONA NO LOCALIZADA O DESAPARECIDA,BAJA,5,1,Sin coordenada válida: no verificable en campo,Mantener en seguimiento estadístico; sin elementos para reclasificar.,,
ECA26072701076,2026-07-27,04:24:00,ACOLMAN,ECATEPEC,PERSONA TIRADA EN VIA PUBLICA,BAJA,5,1,Hecho ocurrido en franja nocturna (22:00-06:00),Mantener en seguimiento estadístico; sin elementos para reclasificar.,19.61347,-98.93723
TOL26072707926,2026-07-27,22:03:00,TENANCINGO,IXTAPAN,PERSONA TIRADA EN VIA PUBLICA,BAJA,5,3,Hecho ocurrido en franja nocturna (22:00-06:00) | A menos de 1 km y ±6 h de otro reporte por arma de fuego | Atención médica documentada con persona consciente,Mantener en seguimiento estadístico; sin elementos para reclasificar.,18.978345,-99.527224
ECA26072709276,2026-07-27,23:29:00,TLALNEPANTLA,METROPOLITANA,PERSONA TIRADA EN VIA PUBLICA,BAJA,5,1,Hecho ocurrido en franja nocturna (22:00-06:00),Mantener en seguimiento estadístico; sin elementos para reclasificar.,19.521455,-99.20842
ECA26072709344,2026-07-27,23:37:00,CHICOLOAPAN,ORIENTE,AMENAZA DE SUICIDIO,BAJA,5,1,Hecho ocurrido en franja nocturna (22:00-06:00),Mantener en seguimiento estadístico; sin elementos para reclasificar.,19.42104,-98.87883
TOL26080200683,2026-08-02,03:11:00,NAUCALPAN,METROPOLITANA,PERSONA TIRADA EN VIA PUBLICA,BAJA,5,1,Hecho ocurrido en franja nocturna (22:00-06:00),Mantener en seguimiento estadístico; sin elementos para reclasificar.,19.440905,-99.286568
ECA26080201006,2026-08-02,03:14:00,ECATEPEC,ECATEPEC,PERSONA TIRADA EN VIA PUBLICA,BAJA,5,1,Hecho ocurrido en franja nocturna (22:00-06:00),Mantener en seguimiento estadístico; sin elementos para reclasificar.,19.62992,-99.002
TOL26080107364,2026-08-01,21:29:00,SAN MATEO ATENCO,VALLE TOLUCA,PERSONA TIRADA EN VIA PUBLICA,BAJA,5,3,Sangrado o lesiones visibles descritas | Sin coordenada válida: no verificable en campo | Atención médica documentada con persona consciente,Mantener en seguimiento estadístico; sin elementos para reclasificar.,,
TOL26080107385,2026-08-01,21:31:00,SAN MATEO ATENCO,VALLE TOLUCA,PERSONA TIRADA EN VIA PUBLICA,BAJA,5,1,Sin coordenada válida: no verificable en campo,Mantener en seguimiento estadístico; sin elementos para reclasificar.,,
TOL26080107970,2026-08-01,23:03:00,ZINACANTEPEC,VALLE TOLUCA,PERSONA TIRADA EN VIA PUBLICA,BAJA,5,1,Hecho ocurrido en franja nocturna (22:00-06:00),Mantener en seguimiento estadístico; sin elementos para reclasificar.,19.26899,-99.749585
ECA26080104220,2026-08-01,16:07:00,ATIZAPAN,METROPOLITANA,PERSONA TIRADA EN VIA PUBLICA,BAJA,5,2,"A menos de 1 km y ±6 h de otro reporte por arma de fuego | Estado etílico referido, patrón habitual de persona tirada",Mantener en seguimiento estadístico; sin elementos para reclasificar.,19.60655,-99.260085
ECA26080200128,2026-08-02,00:20:00,CUAUTITLAN IZCALLI,METROPOLITANA,TENTATIVA DE SUICIDIO,BAJA,5,1,Hecho ocurrido en franja nocturna (22:00-06:00),Mantener en seguimiento estadístico; sin elementos para reclasificar.,19.623145,-99.199285
TOL26080206554,2026-08-02,22:02:00,SAN ANTONIO LA ISLA,VALLE TOLUCA,PERSONA NO LOCALIZADA O DESAPARECIDA,BAJA,5,1,Hecho ocurrido en franja nocturna (22:00-06:00),Mantener en seguimiento estadístico; sin elementos para reclasificar.,19.165311,-99.565232
TOL26080206668,2026-08-02,22:18:00,TOLUCA,VALLE TOLUCA,PERSONA NO LOCALIZADA O DESAPARECIDA,BAJA,5,1,Hecho ocurrido en franja nocturna (22:00-06:00),Mantener en seguimiento estadístico; sin elementos para reclasificar.,19.339535,-99.608115
TOL26080300007,2026-08-03,00:01:00,TOLUCA,VALLE TOLUCA,PERSONA TIRADA EN VIA PUBLICA,BAJA,5,1,Hecho ocurrido en franja nocturna (22:00-06:00),Mantener en seguimiento estadístico; sin elementos para reclasificar.,19.31264,-99.577205
TOL26080300278,2026-08-03,01:25:00,TOLUCA,VALLE TOLUCA,PERSONA NO LOCALIZADA O DESAPARECIDA,BAJA,5,1,Hecho ocurrido en franja nocturna (22:00-06:00),Mantener en seguimiento estadístico; sin elementos para reclasificar.,19.36417,-99.673265
ECA26080300148,2026-08-03,00:31:00,NOPALTEPEC,ORIENTE,PERSONA NO LOCALIZADA O DESAPARECIDA,BAJA,5,1,Hecho ocurrido en franja nocturna (22:00-06:00),Mantener en seguimiento estadístico; sin elementos para reclasificar.,19.803661,-98.699042
ECA26080300513,2026-08-03,02:08:00,IXTAPALUCA,CHALCO,PERSONA TIRADA EN VIA PUBLICA,BAJA,5,1,Hecho ocurrido en franja nocturna (22:00-06:00),Mantener en seguimiento estadístico; sin elementos para reclasificar.,19.3086,-98.86318
TOL26080306679,2026-08-03,19:13:00,TOLUCA,VALLE TOLUCA,PERSONA TIRADA EN VIA PUBLICA,BAJA,5,4,"Sangrado o lesiones visibles descritas | A menos de 1 km y ±6 h de otro reporte por arma de fuego | Atención médica documentada con persona consciente | Estado etílico referido, patrón habitual de persona tirada",Mantener en seguimiento estadístico; sin elementos para reclasificar.,19.276325,-99.640486
TOL26080307358,2026-08-03,20:40:00,TOLUCA,VALLE TOLUCA,PERSONA TIRADA EN VIA PUBLICA,BAJA,5,1,Sin coordenada válida: no verificable en campo,Mantener en seguimiento estadístico; sin elementos para reclasificar.,,
TOL26080308267,2026-08-03,23:00:00,METEPEC,VALLE TOLUCA,PERSONA NO LOCALIZADA O DESAPARECIDA,BAJA,5,1,Hecho ocurrido en franja nocturna (22:00-06:00),Mantener en seguimiento estadístico; sin elementos para reclasificar.,19.247105,-99.629319
TOL26080308371,2026-08-03,23:27:00,NAUCALPAN,METROPOLITANA,PERSONA NO LOCALIZADA O DESAPARECIDA,BAJA,5,1,Hecho ocurrido en franja nocturna (22:00-06:00),Mantener en seguimiento estadístico; sin elementos para reclasificar.,19.48282,-99.252982
TOL26080400116,2026-08-04,00:36:00,HUIXQUILUCAN,METROPOLITANA,PERSONA NO LOCALIZADA O DESAPARECIDA,BAJA,5,1,Hecho ocurrido en franja nocturna (22:00-06:00),Mantener en seguimiento estadístico; sin elementos para reclasificar.,19.34048,-99.36086
TOL26080400241,2026-08-04,01:24:00,HUIXQUILUCAN,METROPOLITANA,TENTATIVA DE SUICIDIO,BAJA,5,3,Arma blanca o herida punzocortante referida | Hecho ocurrido en franja nocturna (22:00-06:00) | Atención médica documentada con persona consciente,Mantener en seguimiento estadístico; sin elementos para reclasificar.,19.418646,-99.27056
ECA26080303952,2026-08-03,16:47:00,ECATEPEC,ECATEPEC,PERSONA TIRADA EN VIA PUBLICA,BAJA,5,2,"Sangrado o lesiones visibles descritas | Estado etílico referido, patrón habitual de persona tirada",Mantener en seguimiento estadístico; sin elementos para reclasificar.,19.54237,-99.0643
ECA26080305547,2026-08-03,22:15:00,TEOTIHUACAN,ORIENTE,PERSONA NO LOCALIZADA O DESAPARECIDA,BAJA,5,1,Hecho ocurrido en franja nocturna (22:00-06:00),Mantener en seguimiento estadístico; sin elementos para reclasificar.,19.68417,-98.877905
ECA26080404351,2026-08-04,17:20:00,CUAUTITLAN IZCALLI,METROPOLITANA,PERSONA TIRADA EN VIA PUBLICA,BAJA,5,2,"A menos de 1 km y ±6 h de otro reporte por arma de fuego | Estado etílico referido, patrón habitual de persona tirada",Mantener en seguimiento estadístico; sin elementos para reclasificar.,19.670845,-99.215565
ECA26080500483,2026-08-05,01:41:00,ZUMPANGO,ECATEPEC,PERSONA NO LOCALIZADA O DESAPARECIDA,BAJA,5,1,Hecho ocurrido en franja nocturna (22:00-06:00),Mantener en seguimiento estadístico; sin elementos para reclasificar.,19.81379,-99.105385
TOL26080505730,2026-08-05,18:07:00,OCOYOACAC,VALLE TOLUCA,TENTATIVA DE SUICIDIO,BAJA,5,3,Antecedente de violencia de pareja o familiar en el propio reporte | Sin coordenada válida: no verificable en campo | Atención médica documentada con persona consciente,Mantener en seguimiento estadístico; sin elementos para reclasificar.,,
TOL26080507855,2026-08-05,23:10:00,HUIXQUILUCAN,METROPOLITANA,PERSONA NO LOCALIZADA O DESAPARECIDA,BAJA,5,1,Hecho ocurrido en franja nocturna (22:00-06:00),Mantener en seguimiento estadístico; sin elementos para reclasificar.,19.418385,-99.283749
TOL26080508092,2026-08-05,23:58:00,HUIXQUILUCAN,METROPOLITANA,PERSONA NO LOCALIZADA O DESAPARECIDA,BAJA,5,1,Hecho ocurrido en franja nocturna (22:00-06:00),Mantener en seguimiento estadístico; sin elementos para reclasificar.,19.36788,-99.34762
TOL26080508097,2026-08-05,23:59:00,HUIXQUILUCAN,METROPOLITANA,SUICIDIO,BAJA,5,5,"Persona sin signos vitales al arribo | Hecho ocurrido en franja nocturna (22:00-06:00) | A menos de 1 km y ±6 h de otro reporte por arma de fuego | Atención médica documentada con persona consciente | Estado etílico referido, patrón habitual de persona tirada",Mantener en seguimiento estadístico; sin elementos para reclasificar.,19.385439,-99.280855
TOL26080600330,2026-08-06,01:49:00,TOLUCA,VALLE TOLUCA,PERSONA NO LOCALIZADA O DESAPARECIDA,BAJA,5,1,Hecho ocurrido en franja nocturna (22:00-06:00),Mantener en seguimiento estadístico; sin elementos para reclasificar.,19.35765,-99.673707
ECA26080600504,2026-08-06,01:35:00,ECATEPEC,ECATEPEC,PERSONA NO LOCALIZADA O DESAPARECIDA,BAJA,5,1,Hecho ocurrido en franja nocturna (22:00-06:00),Mantener en seguimiento estadístico; sin elementos para reclasificar.,19.54237,-99.0643
TOL26073109051,2026-07-31,22:32:00,SAN MATEO ATENCO,VALLE TOLUCA,PERSONA NO LOCALIZADA O DESAPARECIDA,BAJA,5,1,Hecho ocurrido en franja nocturna (22:00-06:00),Mantener en seguimiento estadístico; sin elementos para reclasificar.,19.549585,-99.609337
ECA26080100599,2026-08-01,02:32:00,HUEHUETOCA,ECATEPEC,TENTATIVA DE SUICIDIO,BAJA,5,1,Hecho ocurrido en franja nocturna (22:00-06:00),Mantener en seguimiento estadístico; sin elementos para reclasificar.,19.841339,-99.262112
TOL26072300703,2026-07-23,05:46:00,LERMA,VALLE TOLUCA,PERSONA TIRADA EN VIA PUBLICA,BAJA,0,2,"Hecho ocurrido en franja nocturna (22:00-06:00) | Estado etílico referido, patrón habitual de persona tirada",Mantener en seguimiento estadístico; sin elementos para reclasificar.,19.305575,-99.45961
TOL26072300769,2026-07-23,06:17:00,LERMA,VALLE TOLUCA,PERSONA TIRADA EN VIA PUBLICA,BAJA,0,1,Atención médica documentada con persona consciente,Mantener en seguimiento estadístico; sin elementos para reclasificar.,19.28653,-99.51929
TOL26072302500,2026-07-23,11:31:00,TOLUCA,VALLE TOLUCA,PERSONA TIRADA EN VIA PUBLICA,BAJA,0,1,Atención médica documentada con persona consciente,Mantener en seguimiento estadístico; sin elementos para reclasificar.,19.291499,-99.644491
TOL26072303770,2026-07-23,13:49:00,OTZOLOTEPEC,VALLE TOLUCA,PERSONA TIRADA EN VIA PUBLICA,BAJA,0,2,Sangrado o lesiones visibles descritas | Atención médica documentada con persona consciente,Mantener en seguimiento estadístico; sin elementos para reclasificar.,19.421447,-99.578831
TOL26072304329,2026-07-23,14:51:00,TOLUCA,VALLE TOLUCA,PERSONA TIRADA EN VIA PUBLICA,BAJA,0,1,"Estado etílico referido, patrón habitual de persona tirada",Mantener en seguimiento estadístico; sin elementos para reclasificar.,19.269035,-99.63883
ECA26072301493,2026-07-23,08:27:00,TLALNEPANTLA,METROPOLITANA,AMENAZA DE SUICIDIO,BAJA,0,0,,Mantener en seguimiento estadístico; sin elementos para reclasificar.,19.52309,-99.219835
ECA26072301537,2026-07-23,08:35:00,TLALNEPANTLA,METROPOLITANA,TENTATIVA DE SUICIDIO,BAJA,0,0,,Mantener en seguimiento estadístico; sin elementos para reclasificar.,19.52116,-99.22062
ECA26072302219,2026-07-23,10:06:00,LA PAZ,ORIENTE,PERSONA NO LOCALIZADA O DESAPARECIDA,BAJA,0,0,,Mantener en seguimiento estadístico; sin elementos para reclasificar.,19.367225,-98.9427
ECA26072302400,2026-07-23,10:24:00,NEZAHUALCOYOTL,ORIENTE,PERSONA TIRADA EN VIA PUBLICA,BAJA,0,0,,Mantener en seguimiento estadístico; sin elementos para reclasificar.,19.40598,-99.008605
ECA26072302600,2026-07-23,10:49:00,ECATEPEC,ECATEPEC,PERSONA TIRADA EN VIA PUBLICA,BAJA,0,0,,Mantener en seguimiento estadístico; sin elementos para reclasificar.,19.60925,-98.98581
ECA26072303501,2026-07-23,12:42:00,ECATEPEC,ECATEPEC,PERSONA NO LOCALIZADA O DESAPARECIDA,BAJA,0,0,,Mantener en seguimiento estadístico; sin elementos para reclasificar.,19.52556,-99.02044
ECA26072303935,2026-07-23,13:21:00,VALLE DE CHALCO,CHALCO,PERSONA NO LOCALIZADA O DESAPARECIDA,BAJA,0,0,,Mantener en seguimiento estadístico; sin elementos para reclasificar.,19.26981,-98.932785
ECA26072304302,2026-07-23,13:58:00,ECATEPEC,ECATEPEC,PERSONA NO LOCALIZADA O DESAPARECIDA,BAJA,0,0,,Mantener en seguimiento estadístico; sin elementos para reclasificar.,19.56133,-99.05755
ECA26072304404,2026-07-23,14:07:00,CHICOLOAPAN,ORIENTE,PERSONA TIRADA EN VIA PUBLICA,BAJA,0,1,Atención médica documentada con persona consciente,Mantener en seguimiento estadístico; sin elementos para reclasificar.,19.41848,-98.88686
TOL26072400736,2026-07-24,04:41:00,TOLUCA,VALLE TOLUCA,TENTATIVA DE SUICIDIO,BAJA,0,2,Hecho ocurrido en franja nocturna (22:00-06:00) | Atención médica documentada con persona consciente,Mantener en seguimiento estadístico; sin elementos para reclasificar.,19.26138,-99.66847
TOL26072400973,2026-07-24,06:51:00,TOLUCA,VALLE TOLUCA,PERSONA NO LOCALIZADA O DESAPARECIDA,BAJA,0,0,,Mantener en seguimiento estadístico; sin elementos para reclasificar.,19.32345,-99.62646
TOL26072402950,2026-07-24,12:24:00,TENANGO DEL VALLE,IXTAPAN,PERSONA TIRADA EN VIA PUBLICA,BAJA,0,2,"Atención médica documentada con persona consciente | Estado etílico referido, patrón habitual de persona tirada",Mantener en seguimiento estadístico; sin elementos para reclasificar.,19.099634,-99.591379
TOL26072403981,2026-07-24,14:19:00,METEPEC,VALLE TOLUCA,PERSONA TIRADA EN VIA PUBLICA,BAJA,0,1,"Estado etílico referido, patrón habitual de persona tirada",Mantener en seguimiento estadístico; sin elementos para reclasificar.,19.240725,-99.60259
ECA26072403257,2026-07-24,11:24:00,IXTAPALUCA,CHALCO,TENTATIVA DE SUICIDIO,BAJA,0,0,,Mantener en seguimiento estadístico; sin elementos para reclasificar.,19.29346,-98.838805
ECA26072404121,2026-07-24,12:51:00,CHICOLOAPAN,ORIENTE,PERSONA TIRADA EN VIA PUBLICA,BAJA,0,1,Atención médica documentada con persona consciente,Mantener en seguimiento estadístico; sin elementos para reclasificar.,19.42424,-98.91232
ECA26072404158,2026-07-24,12:55:00,SAN MARTIN DE LAS PIRAMIDES,ORIENTE,TENTATIVA DE SUICIDIO,BAJA,0,2,Sangrado o lesiones visibles descritas | Atención médica documentada con persona consciente,Mantener en seguimiento estadístico; sin elementos para reclasificar.,19.73378,-98.84887
ECA26072404639,2026-07-24,13:38:00,AMECAMECA,CHALCO,PERSONA TIRADA EN VIA PUBLICA,BAJA,0,0,,Mantener en seguimiento estadístico; sin elementos para reclasificar.,19.11964,-98.7726
TOL26072405032,2026-07-24,16:33:00,VILLA GUERRERO,IXTAPAN,PERSONA TIRADA EN VIA PUBLICA,BAJA,0,1,Atención médica documentada con persona consciente,Mantener en seguimiento estadístico; sin elementos para reclasificar.,19.021744,-99.675328
TOL26072405474,2026-07-24,17:29:00,VILLA DEL CARBON,ATLACOMULCO,PERSONA NO LOCALIZADA O DESAPARECIDA,BAJA,0,0,,Mantener en seguimiento estadístico; sin elementos para reclasificar.,19.799845,-99.397555
TOL26072406462,2026-07-24,19:09:00,NAUCALPAN,METROPOLITANA,TENTATIVA DE SUICIDIO,BAJA,0,1,Atención médica documentada con persona consciente,Mantener en seguimiento estadístico; sin elementos para reclasificar.,19.521435,-99.262835
TOL26072500028,2026-07-25,00:03:00,TOLUCA,VALLE TOLUCA,PERSONA TIRADA EN VIA PUBLICA,BAJA,0,2,Hecho ocurrido en franja nocturna (22:00-06:00) | Atención médica documentada con persona consciente,Mantener en seguimiento estadístico; sin elementos para reclasificar.,19.240889,-99.639659
ECA26072406213,2026-07-24,16:22:00,ECATEPEC,ECATEPEC,TENTATIVA DE SUICIDIO,BAJA,0,0,,Mantener en seguimiento estadístico; sin elementos para reclasificar.,19.61745,-99.017525
ECA26072406337,2026-07-24,16:43:00,LA PAZ,ORIENTE,PERSONA TIRADA EN VIA PUBLICA,BAJA,0,1,Atención médica documentada con persona consciente,Mantener en seguimiento estadístico; sin elementos para reclasificar.,19.36327,-98.94605
ECA26072408469,2026-07-24,21:29:00,CUAUTITLAN IZCALLI,METROPOLITANA,PERSONA NO LOCALIZADA O DESAPARECIDA,BAJA,0,1,La persona fue localizada según la propia nota,Mantener en seguimiento estadístico; sin elementos para reclasificar.,19.6457,-99.22158
TOL26072501661,2026-07-25,10:18:00,SAN FELIPE DEL PROGRESO,VALLE DE BRAVO,PERSONA TIRADA EN VIA PUBLICA,BAJA,0,2,Persona sin signos vitales al arribo | Atención médica documentada con persona consciente,Mantener en seguimiento estadístico; sin elementos para reclasificar.,19.656507,-99.931267
TOL26072505055,2026-07-25,16:24:00,TOLUCA,VALLE TOLUCA,AMENAZA DE SUICIDIO,BAJA,0,1,Atención médica documentada con persona consciente,Mantener en seguimiento estadístico; sin elementos para reclasificar.,19.3821,-99.64004
TOL26072507658,2026-07-25,20:32:00,TIMILPAN,ATLACOMULCO,PERSONA NO LOCALIZADA O DESAPARECIDA,BAJA,0,0,,Mantener en seguimiento estadístico; sin elementos para reclasificar.,19.871015,-99.688639
ECA26072505578,2026-07-25,18:05:00,HUEHUETOCA,ECATEPEC,PERSONA TIRADA EN VIA PUBLICA,BAJA,0,0,,Mantener en seguimiento estadístico; sin elementos para reclasificar.,19.831787,-99.210067
ECA26072505789,2026-07-25,18:36:00,HUEHUETOCA,ECATEPEC,PERSONA TIRADA EN VIA PUBLICA,BAJA,0,2,"Persona sin signos vitales al arribo | Estado etílico referido, patrón habitual de persona tirada",Mantener en seguimiento estadístico; sin elementos para reclasificar.,19.834712,-99.204711
ECA26072505805,2026-07-25,18:37:00,HUEYPOXTLA,ECATEPEC,PERSONA TIRADA EN VIA PUBLICA,BAJA,0,1,"Estado etílico referido, patrón habitual de persona tirada",Mantener en seguimiento estadístico; sin elementos para reclasificar.,20.006204,-99.041645
ECA26072506552,2026-07-25,20:15:00,IXTAPALUCA,CHALCO,PERSONA NO LOCALIZADA O DESAPARECIDA,BAJA,0,0,,Mantener en seguimiento estadístico; sin elementos para reclasificar.,19.32391,-98.93569
TOL26072601851,2026-07-26,09:07:00,TENANGO DEL VALLE,IXTAPAN,SUICIDIO,BAJA,0,2,Persona sin signos vitales al arribo | Atención médica documentada con persona consciente,Mantener en seguimiento estadístico; sin elementos para reclasificar.,19.098307,-99.597168
TOL26072602704,2026-07-26,11:20:00,JILOTEPEC,ATLACOMULCO,TENTATIVA DE SUICIDIO,BAJA,0,1,Atención médica documentada con persona consciente,Mantener en seguimiento estadístico; sin elementos para reclasificar.,19.956608,-99.53259
TOL26072603337,2026-07-26,12:26:00,ZINACANTEPEC,VALLE TOLUCA,PERSONA TIRADA EN VIA PUBLICA,BAJA,0,2,"Sin coordenada válida: no verificable en campo | Estado etílico referido, patrón habitual de persona tirada",Mantener en seguimiento estadístico; sin elementos para reclasificar.,,
TOL26072603541,2026-07-26,12:50:00,TEMOAYA,VALLE TOLUCA,PERSONA TIRADA EN VIA PUBLICA,BAJA,0,2,Sangrado o lesiones visibles descritas | Atención médica documentada con persona consciente,Mantener en seguimiento estadístico; sin elementos para reclasificar.,19.430384,-99.612464
ECA26072602111,2026-07-26,06:43:00,ECATEPEC,ECATEPEC,SUICIDIO,BAJA,0,1,Atención médica documentada con persona consciente,Mantener en seguimiento estadístico; sin elementos para reclasificar.,19.627425,-99.06028
ECA26072602351,2026-07-26,08:02:00,CUAUTITLAN IZCALLI,METROPOLITANA,PERSONA TIRADA EN VIA PUBLICA,BAJA,0,1,"Estado etílico referido, patrón habitual de persona tirada",Mantener en seguimiento estadístico; sin elementos para reclasificar.,19.67672,-99.25729
ECA26072602481,2026-07-26,08:31:00,ZUMPANGO,ECATEPEC,PERSONA TIRADA EN VIA PUBLICA,BAJA,0,0,,Mantener en seguimiento estadístico; sin elementos para reclasificar.,19.87491,-99.09194
ECA26072602694,2026-07-26,09:05:00,TLALNEPANTLA,METROPOLITANA,PERSONA NO LOCALIZADA O DESAPARECIDA,BAJA,0,0,,Mantener en seguimiento estadístico; sin elementos para reclasificar.,19.537615,-99.11883
ECA26072603303,2026-07-26,10:36:00,CUAUTITLAN IZCALLI,METROPOLITANA,PERSONA TIRADA EN VIA PUBLICA,BAJA,0,1,Atención médica documentada con persona consciente,Mantener en seguimiento estadístico; sin elementos para reclasificar.,19.62887,-99.23778
ECA26072603507,2026-07-26,10:59:00,TEMAMATLA,CHALCO,HOMICIDIO,BAJA,0,0,,Mantener en seguimiento estadístico; sin elementos para reclasificar.,19.22201,-98.914705
ECA26072603636,2026-07-26,11:14:00,APAXCO,ECATEPEC,PERSONA TIRADA EN VIA PUBLICA,BAJA,0,2,Sangrado o lesiones visibles descritas | Atención médica documentada con persona consciente,Mantener en seguimiento estadístico; sin elementos para reclasificar.,19.974293,-99.169744
ECA26072604107,2026-07-26,12:03:00,TULTITLAN,METROPOLITANA,PERSONA TIRADA EN VIA PUBLICA,BAJA,0,0,,Mantener en seguimiento estadístico; sin elementos para reclasificar.,19.614715,-99.138205
ECA26072604548,2026-07-26,12:46:00,ATIZAPAN,METROPOLITANA,PERSONA TIRADA EN VIA PUBLICA,BAJA,0,0,,Mantener en seguimiento estadístico; sin elementos para reclasificar.,19.59591,-99.24783
ECA26072604863,2026-07-26,13:20:00,NEXTLALPAN,ECATEPEC,PERSONA NO LOCALIZADA O DESAPARECIDA,BAJA,0,0,,Mantener en seguimiento estadístico; sin elementos para reclasificar.,19.704916,-99.071542
TOL26072205080,2026-07-22,16:09:00,METEPEC,VALLE TOLUCA,PERSONA TIRADA EN VIA PUBLICA,BAJA,0,0,,Mantener en seguimiento estadístico; sin elementos para reclasificar.,19.273705,-99.58121
TOL26072205682,2026-07-22,17:21:00,TOLUCA,VALLE TOLUCA,PERSONA TIRADA EN VIA PUBLICA,BAJA,0,2,A menos de 1 km y ±6 h de otro reporte por arma de fuego | Atención médica documentada con persona consciente,Mantener en seguimiento estadístico; sin elementos para reclasificar.,19.27818,-99.67186
TOL26072206203,2026-07-22,18:21:00,LERMA,VALLE TOLUCA,PERSONA TIRADA EN VIA PUBLICA,BAJA,0,2,A menos de 1 km y ±6 h de otro reporte por arma de fuego | Atención médica documentada con persona consciente,Mantener en seguimiento estadístico; sin elementos para reclasificar.,19.281378,-99.516305
TOL26072206220,2026-07-22,18:24:00,LERMA,VALLE TOLUCA,PERSONA TIRADA EN VIA PUBLICA,BAJA,0,2,A menos de 1 km y ±6 h de otro reporte por arma de fuego | Atención médica documentada con persona consciente,Mantener en seguimiento estadístico; sin elementos para reclasificar.,19.28136,-99.51444
TOL26072207683,2026-07-22,21:13:00,TENANGO DEL VALLE,IXTAPAN,PERSONA NO LOCALIZADA O DESAPARECIDA,BAJA,0,0,,Mantener en seguimiento estadístico; sin elementos para reclasificar.,19.111223,-99.648774
ECA26072206045,2026-07-22,16:29:00,TECAMAC,ECATEPEC,TENTATIVA DE SUICIDIO,BAJA,0,0,,Mantener en seguimiento estadístico; sin elementos para reclasificar.,19.64507,-99.0178
ECA26072206678,2026-07-22,17:48:00,TEOLOYUCAN,METROPOLITANA,PERSONA TIRADA EN VIA PUBLICA,BAJA,0,1,"Estado etílico referido, patrón habitual de persona tirada",Mantener en seguimiento estadístico; sin elementos para reclasificar.,19.74691,-99.168775
ECA26072207516,2026-07-22,19:18:00,CUAUTITLAN IZCALLI,METROPOLITANA,PERSONA NO LOCALIZADA O DESAPARECIDA,BAJA,0,0,,Mantener en seguimiento estadístico; sin elementos para reclasificar.,19.65523,-99.21083
ECA26072208370,2026-07-22,21:15:00,TECAMAC,ECATEPEC,PERSONA NO LOCALIZADA O DESAPARECIDA,BAJA,0,0,,Mantener en seguimiento estadístico; sin elementos para reclasificar.,19.670255,-98.958145
ECA26072208534,2026-07-22,21:40:00,TECAMAC,ECATEPEC,PERSONA NO LOCALIZADA O DESAPARECIDA,BAJA,0,0,,Mantener en seguimiento estadístico; sin elementos para reclasificar.,19.670255,-98.958145
TOL26072606132,2026-07-26,18:22:00,TOLUCA,VALLE TOLUCA,PERSONA TIRADA EN VIA PUBLICA,BAJA,0,1,Atención médica documentada con persona consciente,Mantener en seguimiento estadístico; sin elementos para reclasificar.,19.32438,-99.62164
TOL26072606194,2026-07-26,18:31:00,TOLUCA,VALLE TOLUCA,PERSONA TIRADA EN VIA PUBLICA,BAJA,0,2,Sangrado o lesiones visibles descritas | Atención médica documentada con persona consciente,Mantener en seguimiento estadístico; sin elementos para reclasificar.,19.32067,-99.62587
TOL26072606215,2026-07-26,18:34:00,JILOTEPEC,ATLACOMULCO,PERSONA TIRADA EN VIA PUBLICA,BAJA,0,1,"Estado etílico referido, patrón habitual de persona tirada",Mantener en seguimiento estadístico; sin elementos para reclasificar.,20.058882,-99.637558
TOL26072608002,2026-07-26,22:12:00,OCUILAN,IXTAPAN,HOMICIDIO,BAJA,0,2,Hecho ocurrido en franja nocturna (22:00-06:00) | Atención médica documentada con persona consciente,Mantener en seguimiento estadístico; sin elementos para reclasificar.,19.022025,-99.463792
ECA26072606218,2026-07-26,15:47:00,IXTAPALUCA,CHALCO,PERSONA NO LOCALIZADA O DESAPARECIDA,BAJA,0,0,,Mantener en seguimiento estadístico; sin elementos para reclasificar.,19.38394,-98.844455
ECA26072607843,2026-07-26,19:14:00,ZUMPANGO,ECATEPEC,TENTATIVA DE SUICIDIO,BAJA,0,0,,Mantener en seguimiento estadístico; sin elementos para reclasificar.,19.80384,-99.01061
ECA26072609083,2026-07-26,21:57:00,TLALNEPANTLA,METROPOLITANA,PERSONA NO LOCALIZADA O DESAPARECIDA,BAJA,0,0,,Mantener en seguimiento estadístico; sin elementos para reclasificar.,19.535585,-99.233145
TOL26072701775,2026-07-27,08:56:00,TOLUCA,VALLE TOLUCA,PERSONA TIRADA EN VIA PUBLICA,BAJA,0,1,Atención médica documentada con persona consciente,Mantener en seguimiento estadístico; sin elementos para reclasificar.,19.33599,-99.68246
TOL26072702185,2026-07-27,10:03:00,LERMA,VALLE TOLUCA,TENTATIVA DE SUICIDIO,BAJA,0,2,Sin coordenada válida: no verificable en campo | Atención médica documentada con persona consciente,Mantener en seguimiento estadístico; sin elementos para reclasificar.,,
TOL26072702243,2026-07-27,10:12:00,TOLUCA,VALLE TOLUCA,PERSONA NO LOCALIZADA O DESAPARECIDA,BAJA,0,0,,Mantener en seguimiento estadístico; sin elementos para reclasificar.,19.31264,-99.577205
TOL26072703977,2026-07-27,13:38:00,SAN JOSE DEL RINCON,VALLE DE BRAVO,PERSONA TIRADA EN VIA PUBLICA,BAJA,0,1,"Estado etílico referido, patrón habitual de persona tirada",Mantener en seguimiento estadístico; sin elementos para reclasificar.,19.6624,-100.155046
TOL26072704436,2026-07-27,14:35:00,ZINACANTEPEC,VALLE TOLUCA,PERSONA TIRADA EN VIA PUBLICA,BAJA,0,1,"Estado etílico referido, patrón habitual de persona tirada",Mantener en seguimiento estadístico; sin elementos para reclasificar.,19.245915,-99.75803
ECA26072701320,2026-07-27,06:19:00,TEOTIHUACAN,ORIENTE,PERSONA TIRADA EN VIA PUBLICA,BAJA,0,1,Atención médica documentada con persona consciente,Mantener en seguimiento estadístico; sin elementos para reclasificar.,19.677535,-98.846215
ECA26072701492,2026-07-27,07:04:00,TECAMAC,ECATEPEC,AMENAZA DE SUICIDIO,BAJA,0,1,"Estado etílico referido, patrón habitual de persona tirada",Mantener en seguimiento estadístico; sin elementos para reclasificar.,19.63415,-99.04761
ECA26072702943,2026-07-27,10:43:00,ATIZAPAN,METROPOLITANA,PERSONA NO LOCALIZADA O DESAPARECIDA,BAJA,0,0,,Mantener en seguimiento estadístico; sin elementos para reclasificar.,19.59591,-99.24783
ECA26072703049,2026-07-27,10:58:00,ZUMPANGO,ECATEPEC,PERSONA TIRADA EN VIA PUBLICA,BAJA,0,1,"Estado etílico referido, patrón habitual de persona tirada",Mantener en seguimiento estadístico; sin elementos para reclasificar.,19.819805,-99.149605
ECA26072703084,2026-07-27,11:03:00,ECATEPEC,ECATEPEC,PERSONA NO LOCALIZADA O DESAPARECIDA,BAJA,0,0,,Mantener en seguimiento estadístico; sin elementos para reclasificar.,19.517535,-99.017775
ECA26072704039,2026-07-27,12:42:00,NICOLAS ROMERO,METROPOLITANA,PERSONA TIRADA EN VIA PUBLICA,BAJA,0,1,Atención médica documentada con persona consciente,Mantener en seguimiento estadístico; sin elementos para reclasificar.,19.61723,-99.335235
ECA26072704047,2026-07-27,12:43:00,NICOLAS ROMERO,METROPOLITANA,PERSONA TIRADA EN VIA PUBLICA,BAJA,0,0,,Mantener en seguimiento estadístico; sin elementos para reclasificar.,19.61723,-99.335235
ECA26072704122,2026-07-27,12:51:00,VALLE DE CHALCO,CHALCO,PERSONA TIRADA EN VIA PUBLICA,BAJA,0,2,"Persona sin signos vitales al arribo | Estado etílico referido, patrón habitual de persona tirada",Mantener en seguimiento estadístico; sin elementos para reclasificar.,19.289905,-98.92147
ECA26072704391,2026-07-27,13:19:00,COACALCO DE BERRIOZABAL,ECATEPEC,PERSONA NO LOCALIZADA O DESAPARECIDA,BAJA,0,0,,Mantener en seguimiento estadístico; sin elementos para reclasificar.,19.632535,-99.083258
ECA26072704768,2026-07-27,14:03:00,ATIZAPAN,METROPOLITANA,TENTATIVA DE SUICIDIO,BAJA,0,0,,Mantener en seguimiento estadístico; sin elementos para reclasificar.,19.5365,-99.239765
TOL26072705811,2026-07-27,17:38:00,ZINACANTEPEC,VALLE TOLUCA,PERSONA TIRADA EN VIA PUBLICA,BAJA,0,1,"Estado etílico referido, patrón habitual de persona tirada",Mantener en seguimiento estadístico; sin elementos para reclasificar.,19.2914,-99.71172
TOL26072705890,2026-07-27,17:49:00,JOCOTITLAN,ATLACOMULCO,PERSONA NO LOCALIZADA O DESAPARECIDA,BAJA,0,0,,Mantener en seguimiento estadístico; sin elementos para reclasificar.,19.756712,-99.921237
TOL26072706586,2026-07-27,19:20:00,JILOTEPEC,ATLACOMULCO,PERSONA NO LOCALIZADA O DESAPARECIDA,BAJA,0,0,,Mantener en seguimiento estadístico; sin elementos para reclasificar.,19.94063,-99.594484
TOL26072706661,2026-07-27,19:29:00,SAN MATEO ATENCO,VALLE TOLUCA,PERSONA TIRADA EN VIA PUBLICA,BAJA,0,3,"Sangrado o lesiones visibles descritas | Atención médica documentada con persona consciente | Estado etílico referido, patrón habitual de persona tirada",Mantener en seguimiento estadístico; sin elementos para reclasificar.,19.26012,-99.52554
TOL26072706949,2026-07-27,20:06:00,OCOYOACAC,VALLE TOLUCA,PERSONA TIRADA EN VIA PUBLICA,BAJA,0,3,"Sangrado o lesiones visibles descritas | Atención médica documentada con persona consciente | Estado etílico referido, patrón habitual de persona tirada",Mantener en seguimiento estadístico; sin elementos para reclasificar.,19.275745,-99.45855
TOL26072707211,2026-07-27,20:36:00,OTZOLOTEPEC,VALLE TOLUCA,PERSONA TIRADA EN VIA PUBLICA,BAJA,0,3,"A menos de 1 km y ±6 h de otro reporte por arma de fuego | Atención médica documentada con persona consciente | Estado etílico referido, patrón habitual de persona tirada",Mantener en seguimiento estadístico; sin elementos para reclasificar.,19.410774,-99.558292
TOL26072707822,2026-07-27,21:46:00,TEXCALYACAC,IXTAPAN,PERSONA TIRADA EN VIA PUBLICA,BAJA,0,0,,Mantener en seguimiento estadístico; sin elementos para reclasificar.,19.132705,-99.505622
ECA26072707406,2026-07-27,19:22:00,TEQUIXQUIAC,ECATEPEC,PERSONA NO LOCALIZADA O DESAPARECIDA,BAJA,0,1,Atención médica documentada con persona consciente,Mantener en seguimiento estadístico; sin elementos para reclasificar.,19.89607,-99.120842
ECA26072707450,2026-07-27,19:27:00,LA PAZ,ORIENTE,PERSONA NO LOCALIZADA O DESAPARECIDA,BAJA,0,0,,Mantener en seguimiento estadístico; sin elementos para reclasificar.,19.37505,-98.940355
ECA26072708619,2026-07-27,21:56:00,LA PAZ,ORIENTE,PERSONA TIRADA EN VIA PUBLICA,BAJA,0,0,,Mantener en seguimiento estadístico; sin elementos para reclasificar.,19.357905,-98.968165
TOL26080200917,2026-08-02,04:55:00,TOLUCA,VALLE TOLUCA,PERSONA TIRADA EN VIA PUBLICA,BAJA,0,2,Hecho ocurrido en franja nocturna (22:00-06:00) | Atención médica documentada con persona consciente,Mantener en seguimiento estadístico; sin elementos para reclasificar.,19.298,-99.63482
TOL26080200990,2026-08-02,05:47:00,TOLUCA,VALLE TOLUCA,PERSONA TIRADA EN VIA PUBLICA,BAJA,0,2,"Hecho ocurrido en franja nocturna (22:00-06:00) | Estado etílico referido, patrón habitual de persona tirada",Mantener en seguimiento estadístico; sin elementos para reclasificar.,19.3228,-99.542955
TOL26080202319,2026-08-02,10:14:00,SAN MATEO ATENCO,VALLE TOLUCA,PERSONA TIRADA EN VIA PUBLICA,BAJA,0,2,Sangrado o lesiones visibles descritas | Atención médica documentada con persona consciente,Mantener en seguimiento estadístico; sin elementos para reclasificar.,19.28214,-99.52901
TOL26080202346,2026-08-02,10:19:00,SAN MATEO ATENCO,VALLE TOLUCA,PERSONA TIRADA EN VIA PUBLICA,BAJA,0,0,,Mantener en seguimiento estadístico; sin elementos para reclasificar.,19.279785,-99.533915
TOL26080202390,2026-08-02,10:26:00,SAN MATEO ATENCO,VALLE TOLUCA,PERSONA TIRADA EN VIA PUBLICA,BAJA,0,0,,Mantener en seguimiento estadístico; sin elementos para reclasificar.,19.279785,-99.533915
ECA26080202213,2026-08-02,08:39:00,TEPETLAOXTOC,ORIENTE,PERSONA NO LOCALIZADA O DESAPARECIDA,BAJA,0,0,,Mantener en seguimiento estadístico; sin elementos para reclasificar.,19.573858,-98.818506
ECA26080202306,2026-08-02,09:00:00,TLALNEPANTLA,METROPOLITANA,PERSONA TIRADA EN VIA PUBLICA,BAJA,0,0,,Mantener en seguimiento estadístico; sin elementos para reclasificar.,19.53579,-99.23159
ECA26080202468,2026-08-02,09:29:00,IXTAPALUCA,CHALCO,PERSONA TIRADA EN VIA PUBLICA,BAJA,0,0,,Mantener en seguimiento estadístico; sin elementos para reclasificar.,19.31716,-98.84845
ECA26080202729,2026-08-02,10:18:00,ECATEPEC,ECATEPEC,PERSONA NO LOCALIZADA O DESAPARECIDA,BAJA,0,0,,Mantener en seguimiento estadístico; sin elementos para reclasificar.,19.48844,-99.03272
ECA26080202974,2026-08-02,10:57:00,TECAMAC,ECATEPEC,PERSONA NO LOCALIZADA O DESAPARECIDA,BAJA,0,0,,Mantener en seguimiento estadístico; sin elementos para reclasificar.,19.69197,-99.000595
ECA26080203642,2026-08-02,12:32:00,COYOTEPEC,ECATEPEC,PERSONA TIRADA EN VIA PUBLICA,BAJA,0,2,Sin coordenada válida: no verificable en campo | Atención médica documentada con persona consciente,Mantener en seguimiento estadístico; sin elementos para reclasificar.,,
ECA26080203735,2026-08-02,12:45:00,ECATEPEC,ECATEPEC,PERSONA TIRADA EN VIA PUBLICA,BAJA,0,0,,Mantener en seguimiento estadístico; sin elementos para reclasificar.,19.64298,-99.001505
ECA26080203843,2026-08-02,13:00:00,ECATEPEC,ECATEPEC,PERSONA NO LOCALIZADA O DESAPARECIDA,BAJA,0,0,,Mantener en seguimiento estadístico; sin elementos para reclasificar.,19.650098,-99.064289
ECA26080203954,2026-08-02,13:15:00,CHALCO,CHALCO,PERSONA TIRADA EN VIA PUBLICA,BAJA,0,2,A menos de 1 km y ±6 h de otro reporte por arma de fuego | Atención médica documentada con persona consciente,Mantener en seguimiento estadístico; sin elementos para reclasificar.,19.262,-98.89787
ECA26080204296,2026-08-02,14:04:00,TULTITLAN,METROPOLITANA,PERSONA TIRADA EN VIA PUBLICA,BAJA,0,0,,Mantener en seguimiento estadístico; sin elementos para reclasificar.,19.646587,-99.169259
TOL26073101538,2026-07-31,08:14:00,METEPEC,VALLE TOLUCA,AMENAZA DE SUICIDIO,BAJA,0,1,Atención médica documentada con persona consciente,Mantener en seguimiento estadístico; sin elementos para reclasificar.,19.27109,-99.59486
TOL26073102193,2026-07-31,09:47:00,IXTLAHUACA,ATLACOMULCO,PERSONA NO LOCALIZADA O DESAPARECIDA,BAJA,0,0,,Mantener en seguimiento estadístico; sin elementos para reclasificar.,19.610579,-99.801815
TOL26073102731,2026-07-31,10:56:00,METEPEC,VALLE TOLUCA,PERSONA TIRADA EN VIA PUBLICA,BAJA,0,1,Atención médica documentada con persona consciente,Mantener en seguimiento estadístico; sin elementos para reclasificar.,19.282155,-99.58293
TOL26073104723,2026-07-31,14:39:00,IXTLAHUACA,ATLACOMULCO,TENTATIVA DE SUICIDIO,BAJA,0,1,Atención médica documentada con persona consciente,Mantener en seguimiento estadístico; sin elementos para reclasificar.,19.575344,-99.760994
ECA26073101000,2026-07-31,06:41:00,ACOLMAN,ECATEPEC,PERSONA TIRADA EN VIA PUBLICA,BAJA,0,1,Atención médica documentada con persona consciente,Mantener en seguimiento estadístico; sin elementos para reclasificar.,19.63017,-98.91465
ECA26073101142,2026-07-31,07:27:00,TLALNEPANTLA,METROPOLITANA,PERSONA TIRADA EN VIA PUBLICA,BAJA,0,0,,Mantener en seguimiento estadístico; sin elementos para reclasificar.,19.540365,-99.17573
ECA26073101399,2026-07-31,08:41:00,IXTAPALUCA,CHALCO,PERSONA NO LOCALIZADA O DESAPARECIDA,BAJA,0,0,,Mantener en seguimiento estadístico; sin elementos para reclasificar.,19.33185,-98.87712
ECA26073102668,2026-07-31,11:56:00,ZUMPANGO,ECATEPEC,AMENAZA DE SUICIDIO,BAJA,0,0,,Mantener en seguimiento estadístico; sin elementos para reclasificar.,19.80629,-99.02341
ECA26073102701,2026-07-31,12:01:00,ECATEPEC,ECATEPEC,PERSONA TIRADA EN VIA PUBLICA,BAJA,0,0,,Mantener en seguimiento estadístico; sin elementos para reclasificar.,19.560235,-99.062675
ECA26073103455,2026-07-31,13:35:00,LA PAZ,ORIENTE,PERSONA TIRADA EN VIA PUBLICA,BAJA,0,4,Sangrado o lesiones visibles descritas | Persona sin signos vitales al arribo | Atención médica documentada con persona consciente | La cabina asienta que no presenta lesiones,Mantener en seguimiento estadístico; sin elementos para reclasificar.,19.35491,-98.96164
TOL26080104827,2026-08-01,15:34:00,XALATLACO,VALLE TOLUCA,PERSONA TIRADA EN VIA PUBLICA,BAJA,0,2,Sangrado o lesiones visibles descritas | Atención médica documentada con persona consciente,Mantener en seguimiento estadístico; sin elementos para reclasificar.,19.175007,-99.414463
TOL26080105101,2026-08-01,16:15:00,LERMA,VALLE TOLUCA,TENTATIVA DE SUICIDIO,BAJA,0,0,,Mantener en seguimiento estadístico; sin elementos para reclasificar.,19.31386,-99.533798
TOL26080105646,2026-08-01,17:35:00,TEXCALYACAC,IXTAPAN,PERSONA TIRADA EN VIA PUBLICA,BAJA,0,1,Atención médica documentada con persona consciente,Mantener en seguimiento estadístico; sin elementos para reclasificar.,19.129815,-99.503364
TOL26080106305,2026-08-01,18:54:00,TIANGUISTENCO,VALLE TOLUCA,PERSONA NO LOCALIZADA O DESAPARECIDA,BAJA,0,1,La persona fue localizada según la propia nota,Mantener en seguimiento estadístico; sin elementos para reclasificar.,19.169437,-99.468973
TOL26080106494,2026-08-01,19:25:00,HUIXQUILUCAN,METROPOLITANA,PERSONA TIRADA EN VIA PUBLICA,BAJA,0,0,,Mantener en seguimiento estadístico; sin elementos para reclasificar.,19.409754,-99.27324
TOL26080107776,2026-08-01,22:34:00,ZINACANTEPEC,VALLE TOLUCA,PERSONA TIRADA EN VIA PUBLICA,BAJA,0,2,"Hecho ocurrido en franja nocturna (22:00-06:00) | Estado etílico referido, patrón habitual de persona tirada",Mantener en seguimiento estadístico; sin elementos para reclasificar.,19.327236,-99.735333
TOL26080107828,2026-08-01,22:41:00,ALMOLOYA,VALLE TOLUCA,PERSONA TIRADA EN VIA PUBLICA,BAJA,0,2,Hecho ocurrido en franja nocturna (22:00-06:00) | Atención médica documentada con persona consciente,Mantener en seguimiento estadístico; sin elementos para reclasificar.,19.31758,-99.7321
TOL26080108268,2026-08-01,23:55:00,ATIZAPAN,METROPOLITANA,AMENAZA DE SUICIDIO,BAJA,0,2,Hecho ocurrido en franja nocturna (22:00-06:00) | Atención médica documentada con persona consciente,Mantener en seguimiento estadístico; sin elementos para reclasificar.,19.176809,-99.486496
TOL26080200168,2026-08-02,00:35:00,NAUCALPAN,METROPOLITANA,PERSONA TIRADA EN VIA PUBLICA,BAJA,0,2,Hecho ocurrido en franja nocturna (22:00-06:00) | Atención médica documentada con persona consciente,Mantener en seguimiento estadístico; sin elementos para reclasificar.,19.48361,-99.23379
ECA26080104172,2026-08-01,15:50:00,ECATEPEC,ECATEPEC,SUICIDIO,BAJA,0,2,A menos de 1 km y ±6 h de otro reporte por arma de fuego | Atención médica documentada con persona consciente,Mantener en seguimiento estadístico; sin elementos para reclasificar.,19.61048,-99.05533
ECA26080104409,2026-08-01,16:48:00,ZUMPANGO,ECATEPEC,PERSONA TIRADA EN VIA PUBLICA,BAJA,0,1,"Estado etílico referido, patrón habitual de persona tirada",Mantener en seguimiento estadístico; sin elementos para reclasificar.,19.78398,-99.10913
ECA26080104463,2026-08-01,16:59:00,ZUMPANGO,ECATEPEC,PERSONA TIRADA EN VIA PUBLICA,BAJA,0,0,,Mantener en seguimiento estadístico; sin elementos para reclasificar.,19.77782,-99.11376
TOL26080204053,2026-08-02,15:19:00,VALLE DE BRAVO,VALLE DE BRAVO,PERSONA TIRADA EN VIA PUBLICA,BAJA,0,2,A menos de 1 km y ±6 h de otro reporte por arma de fuego | Atención médica documentada con persona consciente,Mantener en seguimiento estadístico; sin elementos para reclasificar.,19.16746,-100.124155
TOL26080204311,2026-08-02,16:09:00,TOLUCA,VALLE TOLUCA,PERSONA TIRADA EN VIA PUBLICA,BAJA,0,0,,Mantener en seguimiento estadístico; sin elementos para reclasificar.,19.27019,-99.64464
TOL26080204410,2026-08-02,16:28:00,HUIXQUILUCAN,METROPOLITANA,AMENAZA DE SUICIDIO,BAJA,0,1,Atención médica documentada con persona consciente,Mantener en seguimiento estadístico; sin elementos para reclasificar.,19.4024,-99.33062
TOL26080204528,2026-08-02,16:49:00,TOLUCA,VALLE TOLUCA,PERSONA TIRADA EN VIA PUBLICA,BAJA,0,1,Atención médica documentada con persona consciente,Mantener en seguimiento estadístico; sin elementos para reclasificar.,19.293105,-99.63406
TOL26080204558,2026-08-02,16:55:00,TOLUCA,VALLE TOLUCA,PERSONA TIRADA EN VIA PUBLICA,BAJA,0,0,,Mantener en seguimiento estadístico; sin elementos para reclasificar.,19.293105,-99.63406
TOL26080204716,2026-08-02,17:20:00,TOLUCA,VALLE TOLUCA,PERSONA TIRADA EN VIA PUBLICA,BAJA,0,0,,Mantener en seguimiento estadístico; sin elementos para reclasificar.,19.293105,-99.63406
TOL26080204981,2026-08-02,18:03:00,LERMA,VALLE TOLUCA,PERSONA TIRADA EN VIA PUBLICA,BAJA,0,1,Atención médica documentada con persona consciente,Mantener en seguimiento estadístico; sin elementos para reclasificar.,19.30516,-99.53735
TOL26080205242,2026-08-02,18:41:00,TOLUCA,VALLE TOLUCA,PERSONA TIRADA EN VIA PUBLICA,BAJA,0,1,Atención médica documentada con persona consciente,Mantener en seguimiento estadístico; sin elementos para reclasificar.,19.293195,-99.640075
TOL26080206500,2026-08-02,21:53:00,TOLUCA,VALLE TOLUCA,PERSONA NO LOCALIZADA O DESAPARECIDA,BAJA,0,0,,Mantener en seguimiento estadístico; sin elementos para reclasificar.,19.27488,-99.661325
TOL26080207127,2026-08-02,23:57:00,SAN MATEO ATENCO,VALLE TOLUCA,PERSONA TIRADA EN VIA PUBLICA,BAJA,0,3,"Hecho ocurrido en franja nocturna (22:00-06:00) | Atención médica documentada con persona consciente | Estado etílico referido, patrón habitual de persona tirada",Mantener en seguimiento estadístico; sin elementos para reclasificar.,19.27476,-99.55525
TOL26080300113,2026-08-03,00:35:00,ZINACANTEPEC,VALLE TOLUCA,TENTATIVA DE SUICIDIO,BAJA,0,3,Hecho ocurrido en franja nocturna (22:00-06:00) | Sin coordenada válida: no verificable en campo | Atención médica documentada con persona consciente,Mantener en seguimiento estadístico; sin elementos para reclasificar.,,
ECA26080204696,2026-08-02,15:18:00,NICOLAS ROMERO,METROPOLITANA,AMENAZA DE SUICIDIO,BAJA,0,0,,Mantener en seguimiento estadístico; sin elementos para reclasificar.,19.59625,-99.31025
ECA26080206888,2026-08-02,21:50:00,ECATEPEC,ECATEPEC,PERSONA TIRADA EN VIA PUBLICA,BAJA,0,2,Sangrado o lesiones visibles descritas | Atención médica documentada con persona consciente,Mantener en seguimiento estadístico; sin elementos para reclasificar.,19.62413,-99.02603
TOL26080304654,2026-08-03,15:18:00,TOLUCA,VALLE TOLUCA,PERSONA TIRADA EN VIA PUBLICA,BAJA,0,1,"Estado etílico referido, patrón habitual de persona tirada",Mantener en seguimiento estadístico; sin elementos para reclasificar.,19.26138,-99.66847
TOL26080305165,2026-08-03,16:19:00,TOLUCA,VALLE TOLUCA,PERSONA TIRADA EN VIA PUBLICA,BAJA,0,2,A menos de 1 km y ±6 h de otro reporte por arma de fuego | Atención médica documentada con persona consciente,Mantener en seguimiento estadístico; sin elementos para reclasificar.,19.28618,-99.65496
TOL26080305601,2026-08-03,17:13:00,TOLUCA,VALLE TOLUCA,PERSONA NO LOCALIZADA O DESAPARECIDA,BAJA,0,0,,Mantener en seguimiento estadístico; sin elementos para reclasificar.,19.23926,-99.650125
TOL26080307139,2026-08-03,20:13:00,METEPEC,VALLE TOLUCA,PERSONA NO LOCALIZADA O DESAPARECIDA,BAJA,0,1,La persona fue localizada según la propia nota,Mantener en seguimiento estadístico; sin elementos para reclasificar.,19.258345,-99.633675
TOL26080307960,2026-08-03,21:59:00,TIANGUISTENCO,VALLE TOLUCA,PERSONA TIRADA EN VIA PUBLICA,BAJA,0,1,"Estado etílico referido, patrón habitual de persona tirada",Mantener en seguimiento estadístico; sin elementos para reclasificar.,19.192723,-99.426878
TOL26080307961,2026-08-03,21:59:00,JOCOTITLAN,ATLACOMULCO,PERSONA TIRADA EN VIA PUBLICA,BAJA,0,0,,Mantener en seguimiento estadístico; sin elementos para reclasificar.,19.68342,-99.766913
ECA26080303680,2026-08-03,15:35:00,CHIMALHUACAN,ORIENTE,PERSONA NO LOCALIZADA O DESAPARECIDA,BAJA,0,0,,Mantener en seguimiento estadístico; sin elementos para reclasificar.,19.4429,-98.949725
ECA26080304479,2026-08-03,18:38:00,TEOLOYUCAN,METROPOLITANA,PERSONA TIRADA EN VIA PUBLICA,BAJA,0,0,,Mantener en seguimiento estadístico; sin elementos para reclasificar.,19.74735,-99.194255
ECA26080304690,2026-08-03,19:36:00,ECATEPEC,ECATEPEC,PERSONA TIRADA EN VIA PUBLICA,BAJA,0,3,"A menos de 1 km y ±6 h de otro reporte por arma de fuego | Atención médica documentada con persona consciente | Estado etílico referido, patrón habitual de persona tirada",Mantener en seguimiento estadístico; sin elementos para reclasificar.,19.51722,-99.01954
ECA26080305166,2026-08-03,21:08:00,CHIAUTLA,ORIENTE,PERSONA NO LOCALIZADA O DESAPARECIDA,BAJA,0,0,,Mantener en seguimiento estadístico; sin elementos para reclasificar.,19.580675,-98.880522
ECA26080305269,2026-08-03,21:23:00,CHICOLOAPAN,ORIENTE,PERSONA TIRADA EN VIA PUBLICA,BAJA,0,2,"Sin coordenada válida: no verificable en campo | Estado etílico referido, patrón habitual de persona tirada",Mantener en seguimiento estadístico; sin elementos para reclasificar.,,
ECA26080305402,2026-08-03,21:48:00,TULTITLAN,METROPOLITANA,PERSONA NO LOCALIZADA O DESAPARECIDA,BAJA,0,0,,Mantener en seguimiento estadístico; sin elementos para reclasificar.,19.60248,-99.1765
TOL26080405655,2026-08-04,18:20:00,TIANGUISTENCO,VALLE TOLUCA,PERSONA TIRADA EN VIA PUBLICA,BAJA,0,2,"Atención médica documentada con persona consciente | Estado etílico referido, patrón habitual de persona tirada",Mantener en seguimiento estadístico; sin elementos para reclasificar.,19.16272,-99.467985
TOL26080407042,2026-08-04,21:01:00,TOLUCA,VALLE TOLUCA,PERSONA NO LOCALIZADA O DESAPARECIDA,BAJA,0,2,A menos de 1 km y ±6 h de otro reporte por arma de fuego | La persona fue localizada según la propia nota,Mantener en seguimiento estadístico; sin elementos para reclasificar.,19.31036,-99.62308
TOL26080407200,2026-08-04,21:19:00,NAUCALPAN,METROPOLITANA,PERSONA TIRADA EN VIA PUBLICA,BAJA,0,0,,Mantener en seguimiento estadístico; sin elementos para reclasificar.,19.515385,-99.26266
TOL26080407202,2026-08-04,21:20:00,NAUCALPAN,METROPOLITANA,PERSONA TIRADA EN VIA PUBLICA,BAJA,0,1,Atención médica documentada con persona consciente,Mantener en seguimiento estadístico; sin elementos para reclasificar.,19.4997,-99.24965
TOL26080407427,2026-08-04,21:53:00,TOLUCA,VALLE TOLUCA,PERSONA NO LOCALIZADA O DESAPARECIDA,BAJA,0,1,La persona fue localizada según la propia nota,Mantener en seguimiento estadístico; sin elementos para reclasificar.,19.293195,-99.640075
ECA26080404246,2026-08-04,17:04:00,TULTEPEC,ECATEPEC,PERSONA NO LOCALIZADA O DESAPARECIDA,BAJA,0,0,,Mantener en seguimiento estadístico; sin elementos para reclasificar.,19.657685,-99.109735
ECA26080405165,2026-08-04,19:22:00,VALLE DE CHALCO,CHALCO,PERSONA NO LOCALIZADA O DESAPARECIDA,BAJA,0,0,,Mantener en seguimiento estadístico; sin elementos para reclasificar.,19.26825,-98.958405
ECA26080405644,2026-08-04,20:43:00,VALLE DE CHALCO,CHALCO,AMENAZA DE SUICIDIO,BAJA,0,2,A menos de 1 km y ±6 h de otro reporte por arma de fuego | Atención médica documentada con persona consciente,Mantener en seguimiento estadístico; sin elementos para reclasificar.,19.289905,-98.92147
TOL26080506988,2026-08-05,20:56:00,METEPEC,VALLE TOLUCA,PERSONA NO LOCALIZADA O DESAPARECIDA,BAJA,0,0,,Mantener en seguimiento estadístico; sin elementos para reclasificar.,19.267668,-99.605098
TOL26080507146,2026-08-05,21:19:00,LERMA,VALLE TOLUCA,PERSONA TIRADA EN VIA PUBLICA,BAJA,0,0,,Mantener en seguimiento estadístico; sin elementos para reclasificar.,19.26981,-98.889975
TOL26080600212,2026-08-06,01:11:00,METEPEC,VALLE TOLUCA,TENTATIVA DE SUICIDIO,BAJA,0,2,Hecho ocurrido en franja nocturna (22:00-06:00) | Atención médica documentada con persona consciente,Mantener en seguimiento estadístico; sin elementos para reclasificar.,19.27065,-99.62678
TOL26080600213,2026-08-06,01:11:00,METEPEC,VALLE TOLUCA,TENTATIVA DE SUICIDIO,BAJA,0,2,Hecho ocurrido en franja nocturna (22:00-06:00) | Atención médica documentada con persona consciente,Mantener en seguimiento estadístico; sin elementos para reclasificar.,19.27065,-99.62678
ECA26080504849,2026-08-05,17:15:00,ECATEPEC,ECATEPEC,PERSONA NO LOCALIZADA O DESAPARECIDA,BAJA,0,0,,Mantener en seguimiento estadístico; sin elementos para reclasificar.,19.561335,-99.027905
TOL26073105064,2026-07-31,15:16:00,TOLUCA,VALLE TOLUCA,SUICIDIO,BAJA,0,2,A menos de 1 km y ±6 h de otro reporte por arma de fuego | Atención médica documentada con persona consciente,Mantener en seguimiento estadístico; sin elementos para reclasificar.,19.27168,-99.690865
TOL26073106266,2026-07-31,17:12:00,TOLUCA,VALLE TOLUCA,TENTATIVA DE SUICIDIO,BAJA,0,2,A menos de 1 km y ±6 h de otro reporte por arma de fuego | Atención médica documentada con persona consciente,Mantener en seguimiento estadístico; sin elementos para reclasificar.,19.266834,-99.670696
TOL26073107071,2026-07-31,18:21:00,TENANCINGO,IXTAPAN,AMENAZA DE SUICIDIO,BAJA,0,2,Sin coordenada válida: no verificable en campo | Atención médica documentada con persona consciente,Mantener en seguimiento estadístico; sin elementos para reclasificar.,,
TOL26073107967,2026-07-31,19:57:00,METEPEC,VALLE TOLUCA,TENTATIVA DE SUICIDIO,BAJA,0,2,Arma blanca o herida punzocortante referida | Atención médica documentada con persona consciente,Mantener en seguimiento estadístico; sin elementos para reclasificar.,19.23171,-99.54424
TOL26073108746,2026-07-31,21:43:00,METEPEC,VALLE TOLUCA,PERSONA TIRADA EN VIA PUBLICA,BAJA,0,0,,Mantener en seguimiento estadístico; sin elementos para reclasificar.,19.282155,-99.58293
ECA26073104625,2026-07-31,16:48:00,ECATEPEC,ECATEPEC,PERSONA NO LOCALIZADA O DESAPARECIDA,BAJA,0,2,A menos de 1 km y ±6 h de otro reporte por arma de fuego | La persona fue localizada según la propia nota,Mantener en seguimiento estadístico; sin elementos para reclasificar.,19.545725,-99.081935
ECA26073105715,2026-07-31,19:24:00,CUAUTITLAN IZCALLI,METROPOLITANA,PERSONA NO LOCALIZADA O DESAPARECIDA,BAJA,0,0,,Mantener en seguimiento estadístico; sin elementos para reclasificar.,19.685715,-99.254875
ECA26073106007,2026-07-31,20:15:00,NEZAHUALCOYOTL,ORIENTE,PERSONA TIRADA EN VIA PUBLICA,BAJA,0,1,"Estado etílico referido, patrón habitual de persona tirada",Mantener en seguimiento estadístico; sin elementos para reclasificar.,19.474675,-99.058025
ECA26073106302,2026-07-31,21:08:00,CUAUTITLAN IZCALLI,METROPOLITANA,PERSONA TIRADA EN VIA PUBLICA,BAJA,0,2,A menos de 1 km y ±6 h de otro reporte por arma de fuego | Atención médica documentada con persona consciente,Mantener en seguimiento estadístico; sin elementos para reclasificar.,19.63221,-99.234655
ECA26080100238,2026-08-01,01:01:00,TLALNEPANTLA,METROPOLITANA,PERSONA TIRADA EN VIA PUBLICA,BAJA,0,2,Hecho ocurrido en franja nocturna (22:00-06:00) | Atención médica documentada con persona consciente,Mantener en seguimiento estadístico; sin elementos para reclasificar.,19.56259,-99.208625
