sector_id,ranking,municipio,coordinacion,colonias,clasificacion,latitud,longitud,indice_ceguera,indice_violencia,eventos_hd,llamadas_violentas,dist_base_km,personal_3km,limitrofe,diagnostico
SEC-972_-4964,1,NAUCALPAN,METROPOLITANA,"VALLE DORADO, LOMAS DE CHAMAPA, SAN LORENZO TOTOLINGA PRIMERA SECCIÓN",MIXTO,19.45,-99.27,395.5,191.5,6,62,2.79,24,No,Cobertura intermedia: verificar recorridos y tiempos de respuesta en el cuadrante.
SEC-972_-4965,2,NAUCALPAN,METROPOLITANA,"OLIMPIADA 68, EL COYOTE",DESATENDIDO,19.45,-99.29,336.2,102.0,3,32,4.59,0,No,Violencia registrada sin despliegue a distancia útil: procede extender cobertura o reasignar cuadrante.
SEC-984_-4957,3,TULTEPEC,ECATEPEC,"AMPLIACIÓN LA PIEDAD, EL MIRADOR, LA CANTERA",DESATENDIDO,19.69,-99.13,326.0,90.5,6,10,5.21,0,Sí,Violencia registrada sin despliegue a distancia útil: procede extender cobertura o reasignar cuadrante.
SEC-988_-4962,4,TEOLOYUCAN,METROPOLITANA,"SANTA CRUZ DEL MONTE, SANTIAGO, SEGUNDA SECCIÓN DEL BARRIO DE SANTIAGO",DESATENDIDO,19.77,-99.23,320.1,111.5,8,5,3.74,0,Sí,Violencia registrada sin despliegue a distancia útil: procede extender cobertura o reasignar cuadrante.
SEC-973_-4964,5,NAUCALPAN,METROPOLITANA,"PASEOS DE LOS BOSQUES, LOS REMEDIOS",DESATENDIDO,19.47,-99.27,317.3,118.5,2,38,3.36,0,No,Violencia registrada sin despliegue a distancia útil: procede extender cobertura o reasignar cuadrante.
SEC-983_-4963,6,CUAUTITLAN IZCALLI,METROPOLITANA,"VILLA DE SAN PABLO EJIDO HUILANGO, LA PIEDAD, SAN PABLO DE LOS GALLOS",DESATENDIDO,19.67,-99.25,297.4,100.5,5,23,3.92,0,No,Violencia registrada sin despliegue a distancia útil: procede extender cobertura o reasignar cuadrante.
SEC-972_-4963,7,NAUCALPAN,METROPOLITANA,"SAN JOSE DE LOS LEONES SEGUNDA SECCIÓN, HIDALGO, LA SOLEDAD EL CAPULIN",MIXTO,19.45,-99.25,287.4,213.0,4,69,1.81,62,No,Cobertura intermedia: verificar recorridos y tiempos de respuesta en el cuadrante.
SEC-970_-4945,8,CHICOLOAPAN,ORIENTE,"EJIDOS DE CHICOLOAPAN, REAL DE COSTITLAN, AMPLIACIÓN SANTA ROSA",DESATENDIDO,19.41,-98.89,276.3,95.0,7,13,3.82,0,No,Violencia registrada sin despliegue a distancia útil: procede extender cobertura o reasignar cuadrante.
SEC-968_-4984,9,TOLUCA,VALLE TOLUCA,,DESATENDIDO,19.37,-99.67,240.0,60.0,0,30,6.48,0,No,Violencia registrada sin despliegue a distancia útil: procede extender cobertura o reasignar cuadrante.
SEC-978_-4954,10,ECATEPEC,ECATEPEC,"PRIZO II, TEXALPA, TULPETLAC",DESATENDIDO,19.57,-99.07,225.0,89.0,6,14,3.06,0,No,Violencia registrada sin despliegue a distancia útil: procede extender cobertura o reasignar cuadrante.
SEC-967_-4983,11,TOLUCA,VALLE TOLUCA,,DESATENDIDO,19.35,-99.65,221.0,72.0,0,34,4.14,0,No,Violencia registrada sin despliegue a distancia útil: procede extender cobertura o reasignar cuadrante.
SEC-963_-4948,12,VALLE DE CHALCO,CHALCO,SAN MIGUEL XICO,DESATENDIDO,19.27,-98.95,205.9,82.0,1,32,3.02,0,No,Violencia registrada sin despliegue a distancia útil: procede extender cobertura o reasignar cuadrante.
SEC-965_-4979,13,TOLUCA,VALLE TOLUCA,,DESATENDIDO,19.31,-99.57,204.7,65.5,0,30,4.25,0,No,Violencia registrada sin despliegue a distancia útil: procede extender cobertura o reasignar cuadrante.
SEC-967_-4949,14,LA PAZ,ORIENTE,"LOS REYES ACAQUILPAN CENTRO, EMILIANO ZAPATA, TECAMACHALCO",MIXTO,19.35,-98.97,203.0,125.0,5,29,2.87,75,No,Cobertura intermedia: verificar recorridos y tiempos de respuesta en el cuadrante.
SEC-978_-4955,15,ECATEPEC,ECATEPEC,"SAN ANDRES DE LA CAÑADA, GUADALUPE VICTORIA, SAN ANDRÉS DE LA CAÑADA",DESATENDIDO,19.57,-99.09,198.9,59.5,3,10,4.68,0,No,Violencia registrada sin despliegue a distancia útil: procede extender cobertura o reasignar cuadrante.
SEC-976_-4957,16,TLALNEPANTLA,METROPOLITANA,"LAZARO CARDENAS, LÁZARO CÁRDENAS, LAZARO CARDENAS SEGUNDA SECCION",DESATENDIDO,19.53,-99.13,194.0,70.0,6,0,3.54,0,No,Violencia registrada sin despliegue a distancia útil: procede extender cobertura o reasignar cuadrante.
SEC-983_-4955,17,TULTITLAN,METROPOLITANA,SAN PABLO DE LAS SALINAS,MIXTO,19.67,-99.09,193.0,100.5,2,40,2.74,35,Sí,Cobertura intermedia: verificar recorridos y tiempos de respuesta en el cuadrante.
SEC-984_-4956,18,TULTEPEC,ECATEPEC,"EL MIRADOR, VICENTE SUAREZ",DESATENDIDO,19.69,-99.11,191.9,75.0,5,8,3.12,0,No,Violencia registrada sin despliegue a distancia útil: procede extender cobertura o reasignar cuadrante.
SEC-990_-4952,19,ZUMPANGO,ECATEPEC,"FRACC LAS PLAZAS, LAS PLAZA, LAS PLAZAS",DESATENDIDO,19.81,-99.03,178.0,44.5,3,2,8.31,0,No,Violencia registrada sin despliegue a distancia útil: procede extender cobertura o reasignar cuadrante.
SEC-982_-4955,20,COACALCO,ECATEPEC,SAN FRANCISCO,MIXTO,19.65,-99.09,176.4,91.0,1,33,2.89,39,Sí,Cobertura intermedia: verificar recorridos y tiempos de respuesta en el cuadrante.
SEC-984_-4968,21,NICOLAS ROMERO,METROPOLITANA,"SAN FRANCISCO MAGÚ, SAN FRANCISCO MAGU",DESATENDIDO,19.69,-99.35,174.0,43.5,2,2,7.91,0,No,Violencia registrada sin despliegue a distancia útil: procede extender cobertura o reasignar cuadrante.
SEC-964_-4976,22,LERMA,VALLE TOLUCA,"GUADALUPE LA CIENEGA, ISIDRO FABELA",DESATENDIDO,19.29,-99.51,170.8,64.5,2,20,3.3,0,No,Violencia registrada sin despliegue a distancia útil: procede extender cobertura o reasignar cuadrante.
SEC-980_-4953,23,ECATEPEC,ECATEPEC,LOMAS DE ATZOLCO,SATURADO,19.61,-99.05,170.3,252.0,1,104,0.32,108,No,"Hay base y personal a menos de 1.5 km y aun así concentra violencia: revisar efectividad y horarios del patrullaje existente, no sumar inmuebles."
SEC-990_-4953,24,ZUMPANGO,ECATEPEC,"FRACC LOS SAUCES 1, PARQUE DE LOS SAUCES, NUEVOS PASEOS DE SAN JUAN",DESATENDIDO,19.81,-99.05,166.0,41.5,4,1,6.41,0,No,Violencia registrada sin despliegue a distancia útil: procede extender cobertura o reasignar cuadrante.
SEC-982_-4954,25,ECATEPEC,ECATEPEC,,DESATENDIDO,19.65,-99.07,164.7,60.0,0,31,3.49,0,Sí,Violencia registrada sin despliegue a distancia útil: procede extender cobertura o reasignar cuadrante.
SEC-991_-4961,26,HUEHUETOCA,ECATEPEC,"PORTAL DEL SOL, SALITRILLO",MIXTO,19.83,-99.21,163.7,97.5,2,39,2.28,41,No,Cobertura intermedia: verificar recorridos y tiempos de respuesta en el cuadrante.
SEC-979_-4960,27,CUAUTITLAN IZCALLI,METROPOLITANA,"SANTA MARIA GUADALUPE, SANTA MARIA GUADALUPE LA QUEBRADA, SANTA MARÍA DE GUADALUPE LA QUEBRADA",SATURADO,19.59,-99.19,157.0,172.0,7,16,0.99,96,Sí,"Hay base y personal a menos de 1.5 km y aun así concentra violencia: revisar efectividad y horarios del patrullaje existente, no sumar inmuebles."
SEC-980_-4958,28,TULTITLAN,METROPOLITANA,"LAS TORRES, AMPLIACIÓN EL TESORO, MEXICALZINGO",MIXTO,19.61,-99.15,156.7,82.5,5,14,2.56,30,No,Cobertura intermedia: verificar recorridos y tiempos de respuesta en el cuadrante.
SEC-977_-4955,29,ECATEPEC,ECATEPEC,"LOMAS DE TEPEOLULCO, TABLA DEL POZO",DESATENDIDO,19.55,-99.09,147.2,54.0,3,12,3.45,0,Sí,Violencia registrada sin despliegue a distancia útil: procede extender cobertura o reasignar cuadrante.
SEC-971_-4964,30,NAUCALPAN,METROPOLITANA,,MIXTO,19.43,-99.27,144.5,100.5,0,45,2.16,67,Sí,Cobertura intermedia: verificar recorridos y tiempos de respuesta en el cuadrante.
SEC-978_-4953,31,ECATEPEC,ECATEPEC,"LOMAS DE SAN CARLOS, LOMAS DE TULPETLAC, TULPETLAC",MIXTO,19.57,-99.05,140.4,93.0,5,15,2.35,66,No,Cobertura intermedia: verificar recorridos y tiempos de respuesta en el cuadrante.
SEC-970_-4949,32,CHIMALHUACAN,ORIENTE,XALTIPAC,DESATENDIDO,19.41,-98.97,137.7,47.5,1,19,3.8,0,No,Violencia registrada sin despliegue a distancia útil: procede extender cobertura o reasignar cuadrante.
SEC-980_-4959,33,TULTITLAN,METROPOLITANA,"BUENAVISTA, LAS TORRES, LOMAS DEL PARQUE",SATURADO,19.61,-99.17,137.4,102.5,3,33,1.22,30,No,"Hay base y personal a menos de 1.5 km y aun así concentra violencia: revisar efectividad y horarios del patrullaje existente, no sumar inmuebles."
SEC-980_-4965,34,NICOLAS ROMERO,METROPOLITANA,"GRANJAS DE GUADALUPE, COLMENA CENTRO, QUINTO BARRIO SANTA MARÍA CAHUACAN",MIXTO,19.61,-99.29,135.0,93.5,4,22,2.27,72,No,Cobertura intermedia: verificar recorridos y tiempos de respuesta en el cuadrante.
SEC-982_-4961,35,CUAUTITLAN IZCALLI,METROPOLITANA,,MIXTO,19.65,-99.21,134.1,174.5,0,96,1.75,216,Sí,Cobertura intermedia: verificar recorridos y tiempos de respuesta en el cuadrante.
SEC-966_-4981,36,TOLUCA,VALLE TOLUCA,,DESATENDIDO,19.33,-99.61,129.2,51.5,0,25,3.02,0,No,Violencia registrada sin despliegue a distancia útil: procede extender cobertura o reasignar cuadrante.
SEC-969_-4946,37,CHIMALHUACAN,ORIENTE,"LOMAS DE SANTA CRUZ, BARRIO CORTE SAN PABLO, SAN VICENTE",DESATENDIDO,19.39,-98.91,128.2,47.0,3,9,3.46,0,Sí,Violencia registrada sin despliegue a distancia útil: procede extender cobertura o reasignar cuadrante.
SEC-963_-4973,38,OCOYOACAC,VALLE TOLUCA,,DESATENDIDO,19.27,-99.45,128.0,32.0,0,14,9.61,0,No,Violencia registrada sin despliegue a distancia útil: procede extender cobertura o reasignar cuadrante.
SEC-961_-4984,39,TOLUCA,VALLE TOLUCA,,DESATENDIDO,19.23,-99.67,126.6,41.0,0,19,4.17,0,No,Violencia registrada sin despliegue a distancia útil: procede extender cobertura o reasignar cuadrante.
SEC-966_-4978,40,TOLUCA,VALLE TOLUCA,SAN FRANCISCO TOTOLTEPEC,DESATENDIDO,19.33,-99.55,126.4,34.5,1,11,5.32,0,No,Violencia registrada sin despliegue a distancia útil: procede extender cobertura o reasignar cuadrante.
SEC-962_-4985,41,TOLUCA,VALLE TOLUCA,,DESATENDIDO,19.25,-99.69,123.4,45.0,0,21,3.48,0,No,Violencia registrada sin despliegue a distancia útil: procede extender cobertura o reasignar cuadrante.
SEC-977_-4959,42,TLALNEPANTLA,METROPOLITANA,,DESATENDIDO,19.55,-99.17,123.2,48.5,0,22,3.08,0,No,Violencia registrada sin despliegue a distancia útil: procede extender cobertura o reasignar cuadrante.
SEC-979_-4963,43,ATIZAPAN,METROPOLITANA,"MÉXICO 86, PRADOS DE IXTACALA 2DA SECCIÓN",MIXTO,19.59,-99.25,121.7,79.0,2,27,1.84,37,No,Cobertura intermedia: verificar recorridos y tiempos de respuesta en el cuadrante.
SEC-989_-4954,44,ZUMPANGO,ECATEPEC,SAN SEBASTIÁN,DESATENDIDO,19.79,-99.07,120.9,34.5,1,12,5.01,0,No,Violencia registrada sin despliegue a distancia útil: procede extender cobertura o reasignar cuadrante.
SEC-965_-4984,45,TOLUCA,VALLE TOLUCA,SAN LUIS OBISPO,DESATENDIDO,19.31,-99.67,120.2,46.5,1,20,3.17,0,No,Violencia registrada sin despliegue a distancia útil: procede extender cobertura o reasignar cuadrante.
SEC-960_-4946,46,CHALCO,CHALCO,SAN PABLO ATLAZALPA,DESATENDIDO,19.21,-98.91,120.2,34.0,1,6,5.07,0,No,Violencia registrada sin despliegue a distancia útil: procede extender cobertura o reasignar cuadrante.
SEC-974_-4964,47,NAUCALPAN,METROPOLITANA,"COLINAS DE SAN MATEO, CIUDAD BRISAS",MIXTO,19.49,-99.27,118.0,57.5,3,11,2.84,27,No,Cobertura intermedia: verificar recorridos y tiempos de respuesta en el cuadrante.
SEC-981_-4968,48,NICOLAS ROMERO,METROPOLITANA,"JOYA DEL TEJOCOTE, SAN PABLO DE LA CRUZ",MIXTO,19.63,-99.35,117.8,60.0,4,6,2.97,40,No,Cobertura intermedia: verificar recorridos y tiempos de respuesta en el cuadrante.
SEC-964_-4985,49,TOLUCA,VALLE TOLUCA,,DESATENDIDO,19.29,-99.69,117.2,44.5,0,21,3.27,0,No,Violencia registrada sin despliegue a distancia útil: procede extender cobertura o reasignar cuadrante.
SEC-968_-4949,50,LA PAZ,ORIENTE,"VALLE DE LOS REYES, ANCON, EL SALADO",SATURADO,19.37,-98.97,116.6,175.5,6,41,0.65,149,Sí,"Hay base y personal a menos de 1.5 km y aun así concentra violencia: revisar efectividad y horarios del patrullaje existente, no sumar inmuebles."
SEC-960_-4947,51,CHALCO,CHALCO,SANTA CATARINA AYOTZINGO,DESATENDIDO,19.21,-98.93,116.0,29.0,2,4,6.41,0,No,Violencia registrada sin despliegue a distancia útil: procede extender cobertura o reasignar cuadrante.
SEC-990_-4951,52,ZUMPANGO,ECATEPEC,SAN BARTOLO,DESATENDIDO,19.81,-99.01,116.0,29.0,1,8,6.96,0,No,Violencia registrada sin despliegue a distancia útil: procede extender cobertura o reasignar cuadrante.
SEC-983_-4958,53,CUAUTITLAN,METROPOLITANA,,DESATENDIDO,19.67,-99.15,115.7,35.0,0,20,4.61,0,Sí,Violencia registrada sin despliegue a distancia útil: procede extender cobertura o reasignar cuadrante.
SEC-989_-4955,54,ZUMPANGO,ECATEPEC,"SAN BARTOLO CUAUTLALPAN, SAN LORENZO",DESATENDIDO,19.79,-99.09,115.6,43.0,2,4,3.38,0,Sí,Violencia registrada sin despliegue a distancia útil: procede extender cobertura o reasignar cuadrante.
SEC-971_-4953,55,NEZAHUALCOYOTL,ORIENTE,METROPOLITANA SECCIÓN I,DESATENDIDO,19.43,-99.05,114.6,40.0,1,14,3.73,0,No,Violencia registrada sin despliegue a distancia útil: procede extender cobertura o reasignar cuadrante.
SEC-982_-4963,56,CUAUTITLAN IZCALLI,METROPOLITANA,"CONJUNTO URBANO LOMAS DE CUAUTITLAN, LOMAS DE SAN FRANCISCO",DESATENDIDO,19.65,-99.25,114.4,33.5,2,2,4.83,0,No,Violencia registrada sin despliegue a distancia útil: procede extender cobertura o reasignar cuadrante.
SEC-983_-4957,57,TULTEPEC,ECATEPEC,SANTIAGO TEYAHUALCO,DESATENDIDO,19.67,-99.13,113.0,30.5,1,11,5.41,0,No,Violencia registrada sin despliegue a distancia útil: procede extender cobertura o reasignar cuadrante.
SEC-963_-4985,58,TOLUCA,VALLE TOLUCA,,MIXTO,19.27,-99.69,110.3,68.0,0,36,2.54,60,No,Cobertura intermedia: verificar recorridos y tiempos de respuesta en el cuadrante.
SEC-975_-4952,59,ECATEPEC,ECATEPEC,"FUENTES DE ARAGÓN, LA PLAYITA, VALLE DE ARAGÓN 3RA SECCIÓN",SATURADO,19.51,-99.03,110.1,115.5,3,28,1.17,99,No,"Hay base y personal a menos de 1.5 km y aun así concentra violencia: revisar efectividad y horarios del patrullaje existente, no sumar inmuebles."
SEC-984_-4949,60,TECAMAC,ECATEPEC,LOS OLIVOS,DESATENDIDO,19.69,-98.97,110.1,32.5,1,14,4.78,0,No,Violencia registrada sin despliegue a distancia útil: procede extender cobertura o reasignar cuadrante.
SEC-981_-4953,61,TECAMAC,ECATEPEC,LOS HÉROES TECÁMAC,MIXTO,19.63,-99.05,109.9,76.5,1,34,2.54,87,Sí,Cobertura intermedia: verificar recorridos y tiempos de respuesta en el cuadrante.
SEC-961_-4946,62,CHALCO,CHALCO,,DESATENDIDO,19.23,-98.91,109.9,39.0,0,14,3.64,0,Sí,Violencia registrada sin despliegue a distancia útil: procede extender cobertura o reasignar cuadrante.
SEC-988_-4961,63,COYOTEPEC,ECATEPEC,"IZTACALCO, SANTIAGO, BARRIO SANTIAGO",MIXTO,19.77,-99.21,107.6,60.0,4,9,2.35,32,Sí,Cobertura intermedia: verificar recorridos y tiempos de respuesta en el cuadrante.
SEC-976_-4956,64,TLALNEPANTLA,METROPOLITANA,"LAZARO CARDENAS, SAN JUAN IXHUATEPEC",MIXTO,19.53,-99.11,106.1,70.5,3,22,1.69,34,No,Cobertura intermedia: verificar recorridos y tiempos de respuesta en el cuadrante.
SEC-964_-4948,65,VALLE DE CHALCO,CHALCO,"CONCEPCIÓN, SANTIAGO, AMERICAS II",SATURADO,19.29,-98.95,106.0,101.0,3,29,0.83,52,Sí,"Hay base y personal a menos de 1.5 km y aun así concentra violencia: revisar efectividad y horarios del patrullaje existente, no sumar inmuebles."
SEC-969_-4947,66,LA PAZ,ORIENTE,"PORTEZUELOS, EMILIANO ZAPATA",MIXTO,19.39,-98.93,105.8,68.0,2,24,2.79,81,Sí,Cobertura intermedia: verificar recorridos y tiempos de respuesta en el cuadrante.
SEC-981_-4962,67,CUAUTITLAN IZCALLI,METROPOLITANA,"VALLE DE LAS FLORES, LOMAS DE LOS ÁNGELES",MIXTO,19.63,-99.23,105.7,55.5,2,17,2.77,38,No,Cobertura intermedia: verificar recorridos y tiempos de respuesta en el cuadrante.
SEC-980_-4949,68,ACOLMAN,ECATEPEC,,DESATENDIDO,19.61,-98.97,105.1,41.0,0,17,3.12,0,Sí,Violencia registrada sin despliegue a distancia útil: procede extender cobertura o reasignar cuadrante.
SEC-963_-4980,69,METEPEC,VALLE TOLUCA,,MIXTO,19.27,-99.59,104.9,62.0,0,30,2.29,40,No,Cobertura intermedia: verificar recorridos y tiempos de respuesta en el cuadrante.
SEC-988_-4959,70,TEOLOYUCAN,METROPOLITANA,SANTO TOMÁS,DESATENDIDO,19.77,-99.17,103.9,35.5,2,5,3.85,0,No,Violencia registrada sin despliegue a distancia útil: procede extender cobertura o reasignar cuadrante.
SEC-981_-4958,71,TULTITLAN,METROPOLITANA,SAN JUAN,DESATENDIDO,19.63,-99.15,102.3,33.5,1,11,4.11,0,No,Violencia registrada sin despliegue a distancia útil: procede extender cobertura o reasignar cuadrante.
SEC-982_-4957,72,TULTITLAN,METROPOLITANA,VILLA ESMERALDA,DESATENDIDO,19.65,-99.13,101.8,36.0,1,13,3.65,0,Sí,Violencia registrada sin despliegue a distancia útil: procede extender cobertura o reasignar cuadrante.
SEC-981_-4959,73,TULTITLAN,METROPOLITANA,LA CONCEPCION,DESATENDIDO,19.63,-99.17,100.6,37.0,1,13,3.44,0,No,Violencia registrada sin despliegue a distancia útil: procede extender cobertura o reasignar cuadrante.
SEC-962_-4982,74,METEPEC,VALLE TOLUCA,,DESATENDIDO,19.25,-99.63,97.6,35.5,0,18,3.5,0,Sí,Violencia registrada sin despliegue a distancia útil: procede extender cobertura o reasignar cuadrante.
SEC-994_-4961,75,HUEHUETOCA,ECATEPEC,,DESATENDIDO,19.89,-99.21,96.9,24.5,0,14,5.91,0,No,Violencia registrada sin despliegue a distancia útil: procede extender cobertura o reasignar cuadrante.
SEC-979_-4962,76,ATIZAPAN,METROPOLITANA,,MIXTO,19.59,-99.23,96.8,50.5,0,23,2.78,37,No,Cobertura intermedia: verificar recorridos y tiempos de respuesta en el cuadrante.
SEC-975_-5006,77,VILLA VICTORIA,VALLE DE BRAVO,PALIZADA,DESATENDIDO,19.51,-100.11,96.0,24.0,1,1,14.27,0,No,Violencia registrada sin despliegue a distancia útil: procede extender cobertura o reasignar cuadrante.
SEC-968_-4988,78,ALMOLOYA,VALLE TOLUCA,,DESATENDIDO,19.37,-99.75,96.0,24.0,0,12,8.48,0,No,Violencia registrada sin despliegue a distancia útil: procede extender cobertura o reasignar cuadrante.
SEC-986_-4940,79,OTUMBA,ORIENTE,SANTIAGO TOLMAN,DESATENDIDO,19.73,-98.79,95.3,27.0,1,4,5.06,0,No,Violencia registrada sin despliegue a distancia útil: procede extender cobertura o reasignar cuadrante.
SEC-977_-4954,80,ECATEPEC,ECATEPEC,"SAN PEDRO XALOSTOC, LA PALMA, HANK GONZÁLEZ",MIXTO,19.55,-99.07,95.0,89.5,3,26,1.96,130,No,Cobertura intermedia: verificar recorridos y tiempos de respuesta en el cuadrante.
SEC-962_-4988,81,ZINACANTEPEC,VALLE TOLUCA,,DESATENDIDO,19.25,-99.75,94.9,37.5,0,12,3.06,0,No,Violencia registrada sin despliegue a distancia útil: procede extender cobertura o reasignar cuadrante.
SEC-970_-4967,82,HUIXQUILUCAN,METROPOLITANA,,DESATENDIDO,19.41,-99.33,94.8,30.0,0,14,4.32,0,No,Violencia registrada sin despliegue a distancia útil: procede extender cobertura o reasignar cuadrante.
SEC-981_-4952,83,TECAMAC,ECATEPEC,"SAN JUAN PUEBLO NUEVO, FRACC. JARDINES DE LA VIÑA",MIXTO,19.63,-99.03,94.6,57.5,2,15,2.5,55,Sí,Cobertura intermedia: verificar recorridos y tiempos de respuesta en el cuadrante.
SEC-983_-4962,84,CUAUTITLAN IZCALLI,METROPOLITANA,"SAN ANTONIO 2a SECCIÓN, EJIDO LA PIEDAD",MIXTO,19.67,-99.23,94.5,66.5,3,18,1.9,56,No,Cobertura intermedia: verificar recorridos y tiempos de respuesta en el cuadrante.
SEC-985_-4957,85,TULTEPEC,ECATEPEC,JARDINES DE SANTA CRUZ,DESATENDIDO,19.71,-99.13,94.2,25.0,1,3,5.53,0,Sí,Violencia registrada sin despliegue a distancia útil: procede extender cobertura o reasignar cuadrante.
SEC-991_-5000,86,TEMASCALCINGO,ATLACOMULCO,,DESATENDIDO,19.83,-99.99,94.0,23.5,0,12,11.33,0,No,Violencia registrada sin despliegue a distancia útil: procede extender cobertura o reasignar cuadrante.
SEC-982_-4956,87,COACALCO,ECATEPEC,"SAN PABLO CTM, SAN PABLO",MIXTO,19.65,-99.11,91.9,51.0,2,17,2.54,39,Sí,Cobertura intermedia: verificar recorridos y tiempos de respuesta en el cuadrante.
SEC-964_-4947,88,VALLE DE CHALCO,CHALCO,"PROVIDENCIA, SAN ISIDRO",SATURADO,19.29,-98.93,91.1,123.0,2,43,1.48,203,Sí,"Hay base y personal a menos de 1.5 km y aun así concentra violencia: revisar efectividad y horarios del patrullaje existente, no sumar inmuebles."
SEC-976_-4952,89,ECATEPEC,ECATEPEC,"EL CEGOR, CIUDAD AZTECA",SATURADO,19.53,-99.03,91.0,121.0,2,41,1.14,163,No,"Hay base y personal a menos de 1.5 km y aun así concentra violencia: revisar efectividad y horarios del patrullaje existente, no sumar inmuebles."
SEC-980_-4966,90,NICOLAS ROMERO,METROPOLITANA,"VICENTE GUERRERO, LIBERTAD",MIXTO,19.61,-99.31,90.1,78.5,3,23,2.01,112,No,Cobertura intermedia: verificar recorridos y tiempos de respuesta en el cuadrante.
SEC-985_-4949,91,TECAMAC,ECATEPEC,,DESATENDIDO,19.71,-98.97,89.7,24.5,0,12,5.33,0,No,Violencia registrada sin despliegue a distancia útil: procede extender cobertura o reasignar cuadrante.
SEC-970_-4964,92,HUIXQUILUCAN,METROPOLITANA,"INTERLOMAS, BALCONES DE LA RESIDENCIA, FEDERAL BUROCRÁTICA",SATURADO,19.41,-99.27,88.8,74.0,3,18,1.09,43,No,"Hay base y personal a menos de 1.5 km y aun así concentra violencia: revisar efectividad y horarios del patrullaje existente, no sumar inmuebles."
SEC-972_-4968,93,NAUCALPAN,METROPOLITANA,SAN JUAN CHIMALPA,DESATENDIDO,19.45,-99.35,88.0,22.0,1,5,8.57,0,No,Violencia registrada sin despliegue a distancia útil: procede extender cobertura o reasignar cuadrante.
SEC-970_-4948,94,CHIMALHUACAN,ORIENTE,"TENEPANTLA, SANTA MARÍA CHIMALHUACÁN",MIXTO,19.41,-98.95,87.9,64.0,2,21,2.23,81,No,Cobertura intermedia: verificar recorridos y tiempos de respuesta en el cuadrante.
SEC-977_-4956,95,TLALNEPANTLA,METROPOLITANA,LÁZARO CÁRDENAS,DESATENDIDO,19.55,-99.11,87.9,31.5,2,1,3.58,0,No,Violencia registrada sin despliegue a distancia útil: procede extender cobertura o reasignar cuadrante.
SEC-962_-4946,96,CHALCO,CHALCO,"EL NARANJO, JARDINES DE CHALCO",SATURADO,19.25,-98.91,87.5,55.5,2,17,1.49,16,No,"Hay base y personal a menos de 1.5 km y aun así concentra violencia: revisar efectividad y horarios del patrullaje existente, no sumar inmuebles."
SEC-962_-4989,97,ZINACANTEPEC,VALLE TOLUCA,,DESATENDIDO,19.25,-99.77,87.2,30.5,0,17,3.72,0,No,Violencia registrada sin despliegue a distancia útil: procede extender cobertura o reasignar cuadrante.
SEC-963_-4984,98,TOLUCA,VALLE TOLUCA,,SATURADO,19.27,-99.67,86.1,113.5,0,56,0.47,94,No,"Hay base y personal a menos de 1.5 km y aun así concentra violencia: revisar efectividad y horarios del patrullaje existente, no sumar inmuebles."
SEC-971_-4947,99,CHIMALHUACAN,ORIENTE,"ARBOLEDAS DE ACUITLAPILCO, ACUITLAPILCO",MIXTO,19.43,-98.93,85.6,89.0,2,38,1.66,135,Sí,Cobertura intermedia: verificar recorridos y tiempos de respuesta en el cuadrante.
SEC-963_-4945,100,CHALCO,CHALCO,CULTURAS DE CHALCO,SATURADO,19.27,-98.89,83.5,169.0,1,73,0.94,297,Sí,"Hay base y personal a menos de 1.5 km y aun así concentra violencia: revisar efectividad y horarios del patrullaje existente, no sumar inmuebles."
SEC-966_-4944,101,IXTAPALUCA,CHALCO,LOS HEROES,MIXTO,19.33,-98.87,83.5,49.0,2,14,2.7,57,No,Cobertura intermedia: verificar recorridos y tiempos de respuesta en el cuadrante.
SEC-963_-4977,102,SAN MATEO ATENCO,VALLE TOLUCA,,MIXTO,19.27,-99.53,82.8,68.0,0,36,1.81,85,Sí,Cobertura intermedia: verificar recorridos y tiempos de respuesta en el cuadrante.
SEC-973_-4962,103,NAUCALPAN,METROPOLITANA,"SAN FRANCISCO CUAUTLALPAN, AMPLIACIÓN SAN ESTEBAN",SATURADO,19.47,-99.23,81.2,93.5,2,32,0.93,103,No,"Hay base y personal a menos de 1.5 km y aun así concentra violencia: revisar efectividad y horarios del patrullaje existente, no sumar inmuebles."
SEC-979_-4964,104,ATIZAPAN,METROPOLITANA,,MIXTO,19.59,-99.27,80.9,42.0,0,22,2.8,37,Sí,Cobertura intermedia: verificar recorridos y tiempos de respuesta en el cuadrante.
SEC-985_-4958,105,MELCHOR OCAMPO,ECATEPEC,SAN ISIDRO,DESATENDIDO,19.71,-99.15,80.0,20.0,1,1,6.98,0,Sí,Violencia registrada sin despliegue a distancia útil: procede extender cobertura o reasignar cuadrante.
SEC-977_-4940,106,TEPETLAOXTOC,ORIENTE,"SAN BERNARDO TLALMIMILOLPAN, SAN ANDRÉS DE LAS PERAS",DESATENDIDO,19.55,-98.79,80.0,20.0,2,0,9.5,0,No,Violencia registrada sin despliegue a distancia útil: procede extender cobertura o reasignar cuadrante.
SEC-1011_-4996,107,POLOTITLAN,ATLACOMULCO,S/D,DESATENDIDO,20.23,-99.91,80.0,20.0,1,0,9.92,0,No,Violencia registrada sin despliegue a distancia útil: procede extender cobertura o reasignar cuadrante.
SEC-973_-4968,108,NAUCALPAN,METROPOLITANA,SANTIAGO TEPATLAXCO,DESATENDIDO,19.47,-99.35,80.0,20.0,1,4,10.29,0,No,Violencia registrada sin despliegue a distancia útil: procede extender cobertura o reasignar cuadrante.
SEC-991_-4943,109,TEMASCALAPA,ORIENTE,SAN BARTOLOMÉ ACTOPAN,DESATENDIDO,19.83,-98.85,80.0,20.0,1,2,13.96,0,No,Violencia registrada sin despliegue a distancia útil: procede extender cobertura o reasignar cuadrante.
SEC-1001_-5003,110,ACAMBAY,ATLACOMULCO,GANDO,DESATENDIDO,20.03,-100.05,80.0,20.0,1,1,11.92,0,No,Violencia registrada sin despliegue a distancia útil: procede extender cobertura o reasignar cuadrante.
SEC-987_-4975,111,VILLA DEL CARBON,ATLACOMULCO,LAS CASCADAS,DESATENDIDO,19.75,-99.49,80.0,20.0,1,0,8.85,0,No,Violencia registrada sin despliegue a distancia útil: procede extender cobertura o reasignar cuadrante.
SEC-973_-4963,112,NAUCALPAN,METROPOLITANA,"CIUDAD DE LOS CIPRESES, LOMA COLORADA, LA RIVERA",SATURADO,19.47,-99.25,78.6,68.5,3,16,1.29,65,No,"Hay base y personal a menos de 1.5 km y aun así concentra violencia: revisar efectividad y horarios del patrullaje existente, no sumar inmuebles."
SEC-979_-4959,113,TULTITLAN,METROPOLITANA,"AMPLIACION BUENA VISTA 2A SECCION, BUGAMBILIAS, AMPLIACIÓN SAN MARCOS",SATURADO,19.59,-99.17,78.5,67.0,3,17,1.03,44,No,"Hay base y personal a menos de 1.5 km y aun así concentra violencia: revisar efectividad y horarios del patrullaje existente, no sumar inmuebles."
SEC-969_-4951,114,NEZAHUALCOYOTL,ORIENTE,"METROPOLITANA 3 SECCION, JOSÉ VICENTE VILLADA, EVOLUCIÓN",MIXTO,19.39,-99.01,77.3,86.5,4,22,2.28,209,No,Cobertura intermedia: verificar recorridos y tiempos de respuesta en el cuadrante.
SEC-958_-4979,115,SAN ANTONIO LA ISLA,VALLE TOLUCA,SAN LUCAS TEPEMAJALCO,DESATENDIDO,19.17,-99.57,77.1,29.0,1,10,3.32,0,No,Violencia registrada sin despliegue a distancia útil: procede extender cobertura o reasignar cuadrante.
SEC-969_-4948,116,CHIMALHUACAN,ORIENTE,"SAN SEBASTIÁN CHIMALPA, COPALERA, ARENITAS",MIXTO,19.39,-98.95,76.9,50.0,3,5,2.62,75,Sí,Cobertura intermedia: verificar recorridos y tiempos de respuesta en el cuadrante.
SEC-1002_-4975,117,SOYANIQUILPAN,ATLACOMULCO,SAN AGUSTIN,DESATENDIDO,20.05,-99.49,76.8,20.0,1,0,5.68,0,No,Violencia registrada sin despliegue a distancia útil: procede extender cobertura o reasignar cuadrante.
SEC-981_-4950,118,ECATEPEC,ECATEPEC,"CIUDAD CUAUHTEMOC, SAN ISIDRO ATLAUTENCO",SATURADO,19.63,-98.99,76.0,62.0,4,10,1.5,64,Sí,"Hay base y personal a menos de 1.5 km y aun así concentra violencia: revisar efectividad y horarios del patrullaje existente, no sumar inmuebles."
SEC-986_-4959,119,TEOLOYUCAN,METROPOLITANA,SANTA MARIA HUECATITLA,DESATENDIDO,19.73,-99.17,74.4,25.0,1,5,3.95,0,Sí,Violencia registrada sin despliegue a distancia útil: procede extender cobertura o reasignar cuadrante.
SEC-987_-4959,120,TEOLOYUCAN,METROPOLITANA,GUADALUPE,DESATENDIDO,19.75,-99.17,74.2,28.5,1,9,3.21,0,No,Violencia registrada sin despliegue a distancia útil: procede extender cobertura o reasignar cuadrante.
SEC-966_-4985,121,TOLUCA,VALLE TOLUCA,,DESATENDIDO,19.33,-99.69,73.8,18.5,0,10,5.98,0,No,Violencia registrada sin despliegue a distancia útil: procede extender cobertura o reasignar cuadrante.
SEC-982_-4946,122,ACOLMAN,ECATEPEC,"SAN JOSE, S/D, REAL DEL VALLE",MIXTO,19.65,-98.91,73.5,44.5,4,2,1.74,20,No,Cobertura intermedia: verificar recorridos y tiempos de respuesta en el cuadrante.
SEC-962_-4941,123,CHALCO,CHALCO,,DESATENDIDO,19.25,-98.81,73.5,29.0,0,11,3.07,0,No,Violencia registrada sin despliegue a distancia útil: procede extender cobertura o reasignar cuadrante.
SEC-975_-4964,124,NAUCALPAN,METROPOLITANA,,DESATENDIDO,19.51,-99.27,73.5,25.5,0,14,3.76,0,No,Violencia registrada sin despliegue a distancia útil: procede extender cobertura o reasignar cuadrante.
SEC-967_-4981,125,TOLUCA,VALLE TOLUCA,SAN JOSÉ GUADALUPE OTZACATIPAN,DESATENDIDO,19.35,-99.61,72.9,22.5,1,5,4.48,0,Sí,Violencia registrada sin despliegue a distancia útil: procede extender cobertura o reasignar cuadrante.
SEC-963_-4947,126,VALLE DE CHALCO,CHALCO,"EMILIANO ZAPATA, SAN MARTIN XICO",MIXTO,19.27,-98.93,72.7,68.5,2,23,2.26,151,Sí,Cobertura intermedia: verificar recorridos y tiempos de respuesta en el cuadrante.
SEC-981_-4955,127,COACALCO,ECATEPEC,SAN LORENZO TETLIXTAC,MIXTO,19.63,-99.09,72.5,52.0,2,16,1.52,39,No,Cobertura intermedia: verificar recorridos y tiempos de respuesta en el cuadrante.
SEC-974_-4944,128,TEXCOCO,ORIENTE,BELLAVISTA,DESATENDIDO,19.49,-98.87,72.1,24.5,1,3,3.89,0,No,Violencia registrada sin despliegue a distancia útil: procede extender cobertura o reasignar cuadrante.
SEC-947_-4985,129,VILLA GUERRERO,IXTAPAN,ZACANGO LA ALTA,DESATENDIDO,18.95,-99.69,71.9,20.0,1,0,5.19,0,No,Violencia registrada sin despliegue a distancia útil: procede extender cobertura o reasignar cuadrante.
SEC-972_-4962,130,NAUCALPAN,METROPOLITANA,"EL MOLINITO, SAN ESTEBAN",MIXTO,19.45,-99.23,71.7,60.0,3,10,1.98,100,No,Cobertura intermedia: verificar recorridos y tiempos de respuesta en el cuadrante.
SEC-958_-4971,131,XALATLACO,VALLE TOLUCA,BARRIO SAN AGUSTÍN,DESATENDIDO,19.17,-99.41,71.6,18.0,1,4,5.96,0,No,Violencia registrada sin despliegue a distancia útil: procede extender cobertura o reasignar cuadrante.
SEC-970_-4946,132,CHICOLOAPAN,ORIENTE,,MIXTO,19.41,-98.91,71.5,53.5,0,28,2.12,81,Sí,Cobertura intermedia: verificar recorridos y tiempos de respuesta en el cuadrante.
SEC-980_-4954,133,ECATEPEC,ECATEPEC,"TIERRA BLANCA, TORRES DE ALTAVISTA",MIXTO,19.61,-99.07,71.5,43.0,2,11,2.03,32,No,Cobertura intermedia: verificar recorridos y tiempos de respuesta en el cuadrante.
SEC-962_-4977,134,SAN MATEO ATENCO,VALLE TOLUCA,,DESATENDIDO,19.25,-99.53,71.4,24.5,0,14,3.83,0,No,Violencia registrada sin despliegue a distancia útil: procede extender cobertura o reasignar cuadrante.
SEC-972_-4944,135,TEXCOCO,ORIENTE,,DESATENDIDO,19.45,-98.87,70.8,24.5,0,9,3.78,0,No,Violencia registrada sin despliegue a distancia útil: procede extender cobertura o reasignar cuadrante.
SEC-984_-4961,136,CUAUTITLAN IZCALLI,METROPOLITANA,"BOSQUES DE HACIENDA, BOSQUES DE LA HACIENDA 1RA SECCIÓN",MIXTO,19.69,-99.21,70.2,62.5,2,20,1.52,85,Sí,Cobertura intermedia: verificar recorridos y tiempos de respuesta en el cuadrante.
SEC-965_-4973,137,LERMA,VALLE TOLUCA,,DESATENDIDO,19.31,-99.45,70.0,17.5,0,8,9.96,0,No,Violencia registrada sin despliegue a distancia útil: procede extender cobertura o reasignar cuadrante.
SEC-962_-4981,138,METEPEC,VALLE TOLUCA,,DESATENDIDO,19.25,-99.61,69.6,22.5,0,12,4.19,0,No,Violencia registrada sin despliegue a distancia útil: procede extender cobertura o reasignar cuadrante.
SEC-974_-4965,139,NAUCALPAN,METROPOLITANA,,DESATENDIDO,19.49,-99.29,69.4,20.0,0,9,4.94,0,No,Violencia registrada sin despliegue a distancia útil: procede extender cobertura o reasignar cuadrante.
SEC-983_-4943,140,TEOTIHUACAN,ORIENTE,"SAN SEBASTIAN XOLALPA, SANTIAGO TOLMAN",DESATENDIDO,19.67,-98.85,69.0,23.0,2,1,4.0,0,Sí,Violencia registrada sin despliegue a distancia útil: procede extender cobertura o reasignar cuadrante.
SEC-985_-4963,141,TEPOTZOTLAN,METROPOLITANA,"SAN MATEO XOLOC, SAN MATEO XALOC",DESATENDIDO,19.71,-99.25,68.9,27.5,2,3,3.01,0,No,Violencia registrada sin despliegue a distancia útil: procede extender cobertura o reasignar cuadrante.
SEC-975_-4951,142,ECATEPEC,ECATEPEC,,MIXTO,19.51,-99.01,68.6,49.0,0,21,2.65,99,No,Cobertura intermedia: verificar recorridos y tiempos de respuesta en el cuadrante.
SEC-990_-4935,143,NOPALTEPEC,ORIENTE,SAN FELIPE TEOTITLAN,DESATENDIDO,19.81,-98.69,68.0,17.0,1,3,7.54,0,No,Violencia registrada sin despliegue a distancia útil: procede extender cobertura o reasignar cuadrante.
SEC-971_-4976,144,OTZOLOTEPEC,VALLE TOLUCA,,DESATENDIDO,19.43,-99.51,68.0,17.0,0,5,9.1,0,No,Violencia registrada sin despliegue a distancia útil: procede extender cobertura o reasignar cuadrante.
SEC-986_-4938,145,AXAPUSCO,ORIENTE,"GUADALUPE RELINAS, SANTA MARÍA ATICPAC",DESATENDIDO,19.73,-98.75,67.5,24.0,2,2,3.62,0,No,Violencia registrada sin despliegue a distancia útil: procede extender cobertura o reasignar cuadrante.
SEC-977_-4957,146,TLALNEPANTLA,METROPOLITANA,"LAZARO CARDENAS SEGUNDA SECCION, LAZARO CARDENAS SEGUNDA SECCIÓN",DESATENDIDO,19.55,-99.13,67.4,20.0,2,0,4.74,0,No,Violencia registrada sin despliegue a distancia útil: procede extender cobertura o reasignar cuadrante.
SEC-956_-4972,147,TIANGUISTENCO,VALLE TOLUCA,,DESATENDIDO,19.13,-99.43,67.0,17.0,0,8,5.88,0,No,Violencia registrada sin despliegue a distancia útil: procede extender cobertura o reasignar cuadrante.
SEC-988_-4951,148,TECAMAC,ECATEPEC,LOS REYES ACOZAC,DESATENDIDO,19.77,-99.01,66.9,22.0,1,3,4.08,0,Sí,Violencia registrada sin despliegue a distancia útil: procede extender cobertura o reasignar cuadrante.
SEC-965_-4948,149,VALLE DE CHALCO,CHALCO,DARIO MARTINEZ II,SATURADO,19.31,-98.95,66.4,63.5,1,30,1.46,98,Sí,"Hay base y personal a menos de 1.5 km y aun así concentra violencia: revisar efectividad y horarios del patrullaje existente, no sumar inmuebles."
SEC-976_-4951,150,ECATEPEC,ECATEPEC,,MIXTO,19.53,-99.01,66.4,47.5,0,17,2.64,99,No,Cobertura intermedia: verificar recorridos y tiempos de respuesta en el cuadrante.
SEC-962_-4974,151,OCOYOACAC,VALLE TOLUCA,,DESATENDIDO,19.25,-99.47,66.0,16.5,0,9,8.26,0,No,Violencia registrada sin despliegue a distancia útil: procede extender cobertura o reasignar cuadrante.
SEC-971_-4952,152,NEZAHUALCOYOTL,ORIENTE,,MIXTO,19.43,-99.03,65.8,47.0,0,23,2.28,79,Sí,Cobertura intermedia: verificar recorridos y tiempos de respuesta en el cuadrante.
SEC-964_-4980,153,METEPEC,VALLE TOLUCA,,SATURADO,19.29,-99.59,65.2,49.5,0,26,1.34,40,Sí,"Hay base y personal a menos de 1.5 km y aun así concentra violencia: revisar efectividad y horarios del patrullaje existente, no sumar inmuebles."
SEC-983_-4954,154,JALTENCO,ECATEPEC,ALBORADA JALTENCO,MIXTO,19.67,-99.07,64.2,51.5,4,5,2.77,137,Sí,Cobertura intermedia: verificar recorridos y tiempos de respuesta en el cuadrante.
SEC-978_-4960,155,TLALNEPANTLA,METROPOLITANA,"BUENAVISTA, BOSQUES DE CEYLÁN",MIXTO,19.57,-99.19,64.1,36.5,2,9,1.84,14,Sí,Cobertura intermedia: verificar recorridos y tiempos de respuesta en el cuadrante.
SEC-972_-4993,156,ALMOLOYA,VALLE TOLUCA,BENITO JUAREZ,DESATENDIDO,19.45,-99.85,64.0,16.0,1,1,8.61,0,No,Violencia registrada sin despliegue a distancia útil: procede extender cobertura o reasignar cuadrante.
SEC-984_-4973,157,VILLA DEL CARBON,ATLACOMULCO,,DESATENDIDO,19.69,-99.45,64.0,16.0,0,4,15.23,0,No,Violencia registrada sin despliegue a distancia útil: procede extender cobertura o reasignar cuadrante.
SEC-983_-4952,158,TECAMAC,ECATEPEC,,MIXTO,19.67,-99.03,63.3,41.5,0,20,2.17,55,No,Cobertura intermedia: verificar recorridos y tiempos de respuesta en el cuadrante.
SEC-966_-4945,159,IXTAPALUCA,CHALCO,,MIXTO,19.33,-98.89,62.9,35.5,0,14,2.28,31,No,Cobertura intermedia: verificar recorridos y tiempos de respuesta en el cuadrante.
SEC-986_-4954,160,NEXTLALPAN,ECATEPEC,,DESATENDIDO,19.73,-99.07,62.7,20.0,0,11,4.27,0,Sí,Violencia registrada sin despliegue a distancia útil: procede extender cobertura o reasignar cuadrante.
SEC-981_-4957,161,TULTITLAN,METROPOLITANA,,MIXTO,19.63,-99.13,62.6,33.5,0,17,2.71,39,Sí,Cobertura intermedia: verificar recorridos y tiempos de respuesta en el cuadrante.
SEC-972_-4984,162,TOLUCA,VALLE TOLUCA,TLACHALOYA 1RA SECCIÓN,DESATENDIDO,19.45,-99.67,62.0,15.5,1,3,7.33,0,No,Violencia registrada sin despliegue a distancia útil: procede extender cobertura o reasignar cuadrante.
SEC-980_-4968,163,NICOLAS ROMERO,METROPOLITANA,EL TRÁFICO,DESATENDIDO,19.61,-99.35,61.9,23.5,1,6,3.27,0,No,Violencia registrada sin despliegue a distancia útil: procede extender cobertura o reasignar cuadrante.
SEC-971_-4948,164,CHIMALHUACAN,ORIENTE,SAN PABLO,MIXTO,19.43,-98.95,61.2,88.5,1,35,2.11,296,Sí,Cobertura intermedia: verificar recorridos y tiempos de respuesta en el cuadrante.
SEC-971_-4979,165,TEMOAYA,VALLE TOLUCA,,DESATENDIDO,19.43,-99.57,60.9,16.5,0,7,5.39,0,Sí,Violencia registrada sin despliegue a distancia útil: procede extender cobertura o reasignar cuadrante.
SEC-964_-4974,166,OCOYOACAC,VALLE TOLUCA,LA CAMPANA,DESATENDIDO,19.29,-99.47,60.0,15.0,1,3,7.44,0,No,Violencia registrada sin despliegue a distancia útil: procede extender cobertura o reasignar cuadrante.
SEC-989_-4953,167,ZUMPANGO,ECATEPEC,1° DE MAYO,DESATENDIDO,19.79,-99.05,60.0,15.0,1,3,6.89,0,No,Violencia registrada sin despliegue a distancia útil: procede extender cobertura o reasignar cuadrante.
SEC-986_-4974,168,VILLA DEL CARBON,ATLACOMULCO,,DESATENDIDO,19.73,-99.47,60.0,15.0,0,5,11.84,0,No,Violencia registrada sin despliegue a distancia útil: procede extender cobertura o reasignar cuadrante.
SEC-968_-4946,169,LA PAZ,ORIENTE,"LAS PARCELAS, LOMAS DE SAN SEBASTIÁN",DESATENDIDO,19.37,-98.91,59.7,21.5,2,1,3.55,0,No,Violencia registrada sin despliegue a distancia útil: procede extender cobertura o reasignar cuadrante.
SEC-968_-4982,170,TOLUCA,VALLE TOLUCA,,DESATENDIDO,19.37,-99.63,59.3,20.0,0,9,3.93,0,No,Violencia registrada sin despliegue a distancia útil: procede extender cobertura o reasignar cuadrante.
SEC-966_-4982,171,TOLUCA,VALLE TOLUCA,,MIXTO,19.33,-99.63,58.4,46.5,0,18,1.65,68,No,Cobertura intermedia: verificar recorridos y tiempos de respuesta en el cuadrante.
SEC-971_-4963,172,NAUCALPAN,METROPOLITANA,"LOS HÉROES TECÁMAC III, BENITO JUÁREZ",SATURADO,19.43,-99.25,57.7,55.5,2,18,0.41,24,Sí,"Hay base y personal a menos de 1.5 km y aun así concentra violencia: revisar efectividad y horarios del patrullaje existente, no sumar inmuebles."
SEC-975_-4953,173,ECATEPEC,ECATEPEC,"VALLE DE ANAHUAC, EL PROGRESO DE GUADALUPE VICTORIA, EL CHAMIZAL",MIXTO,19.51,-99.05,57.5,73.0,3,20,2.08,238,No,Cobertura intermedia: verificar recorridos y tiempos de respuesta en el cuadrante.
SEC-987_-4960,174,TEOLOYUCAN,METROPOLITANA,"CERRADA DEL BOSQUE, SANTO TOMÁS",SATURADO,19.75,-99.19,57.2,44.5,2,12,1.12,32,No,"Hay base y personal a menos de 1.5 km y aun así concentra violencia: revisar efectividad y horarios del patrullaje existente, no sumar inmuebles."
SEC-976_-4953,175,ECATEPEC,ECATEPEC,"TEXALPA, HÉROES DE LA INDEPENDENCIA (AMPLIACIÓN MIGUEL HIDALGO), LA POPULAR",SATURADO,19.53,-99.05,57.0,122.0,5,28,0.36,229,No,"Hay base y personal a menos de 1.5 km y aun así concentra violencia: revisar efectividad y horarios del patrullaje existente, no sumar inmuebles."
SEC-984_-4940,176,OTUMBA,ORIENTE,CUAUTLACINGO,DESATENDIDO,19.69,-98.79,56.8,20.0,1,1,3.68,0,No,Violencia registrada sin despliegue a distancia útil: procede extender cobertura o reasignar cuadrante.
SEC-969_-4977,177,LERMA,VALLE TOLUCA,,DESATENDIDO,19.39,-99.53,56.8,16.0,0,8,5.1,0,Sí,Violencia registrada sin despliegue a distancia útil: procede extender cobertura o reasignar cuadrante.
SEC-965_-4981,178,TOLUCA,VALLE TOLUCA,,MIXTO,19.31,-99.61,56.6,50.5,0,21,2.47,149,No,Cobertura intermedia: verificar recorridos y tiempos de respuesta en el cuadrante.
SEC-963_-4946,179,CHALCO,CHALCO,"CULTURAS DE MÉXICO, JARDINES DE CHALCO, UNIÓN DE GUADALUPE",SATURADO,19.27,-98.91,56.4,92.5,3,29,1.06,226,Sí,"Hay base y personal a menos de 1.5 km y aun así concentra violencia: revisar efectividad y horarios del patrullaje existente, no sumar inmuebles."
SEC-978_-4984,180,JIQUIPILCO,ATLACOMULCO,EJIDO DE MAÑI,DESATENDIDO,19.57,-99.67,56.0,14.0,1,1,9.35,0,No,Violencia registrada sin despliegue a distancia útil: procede extender cobertura o reasignar cuadrante.
SEC-965_-4947,181,IXTAPALUCA,CHALCO,"EMILIANO ZAPATA, AVANDARO",SATURADO,19.31,-98.93,55.8,80.5,4,19,1.49,228,Sí,"Hay base y personal a menos de 1.5 km y aun así concentra violencia: revisar efectividad y horarios del patrullaje existente, no sumar inmuebles."
SEC-983_-4960,182,CUAUTITLAN,METROPOLITANA,"EL SABINO, LA CAPILLA, PARQUE INDUSTRIAL CUAMATLA",SATURADO,19.67,-99.19,55.1,74.5,5,6,1.23,178,Sí,"Hay base y personal a menos de 1.5 km y aun así concentra violencia: revisar efectividad y horarios del patrullaje existente, no sumar inmuebles."
SEC-977_-4952,183,ECATEPEC,ECATEPEC,,MIXTO,19.55,-99.03,55.1,41.5,0,24,2.23,89,Sí,Cobertura intermedia: verificar recorridos y tiempos de respuesta en el cuadrante.
SEC-982_-4966,184,NICOLAS ROMERO,METROPOLITANA,"INDEPENDENCIA 1A SECCIÓN, LIBERTAD",MIXTO,19.65,-99.31,55.1,33.5,2,7,2.87,72,No,Cobertura intermedia: verificar recorridos y tiempos de respuesta en el cuadrante.
SEC-962_-4978,185,METEPEC,VALLE TOLUCA,AGRÍCOLA LÁZARO CÁRDENAS,DESATENDIDO,19.25,-99.55,55.1,19.0,1,5,3.8,0,Sí,Violencia registrada sin despliegue a distancia útil: procede extender cobertura o reasignar cuadrante.
SEC-965_-4985,186,TOLUCA,VALLE TOLUCA,,DESATENDIDO,19.31,-99.69,54.6,17.0,0,6,4.42,0,No,Violencia registrada sin despliegue a distancia útil: procede extender cobertura o reasignar cuadrante.
SEC-964_-4984,187,TOLUCA,VALLE TOLUCA,,SATURADO,19.29,-99.67,54.4,52.0,0,27,1.4,94,No,"Hay base y personal a menos de 1.5 km y aun así concentra violencia: revisar efectividad y horarios del patrullaje existente, no sumar inmuebles."
SEC-980_-4967,188,NICOLAS ROMERO,METROPOLITANA,"SANTANITA CENTRO, SAN PABLO DE LA CRUZ",MIXTO,19.61,-99.33,54.4,37.0,2,8,1.72,40,No,Cobertura intermedia: verificar recorridos y tiempos de respuesta en el cuadrante.
SEC-978_-4963,189,ATIZAPAN,METROPOLITANA,"PROF. CRISTÓBAL HIGUERA, CENTRO",SATURADO,19.57,-99.25,54.3,63.0,2,22,0.88,101,No,"Hay base y personal a menos de 1.5 km y aun así concentra violencia: revisar efectividad y horarios del patrullaje existente, no sumar inmuebles."
SEC-972_-4953,190,NEZAHUALCOYOTL,ORIENTE,C CIUDAD LAGO,MIXTO,19.45,-99.05,54.3,36.5,1,9,2.36,70,No,Cobertura intermedia: verificar recorridos y tiempos de respuesta en el cuadrante.
SEC-964_-4973,191,OCOYOACAC,VALLE TOLUCA,LOS CHIRINOS,DESATENDIDO,19.29,-99.45,54.0,13.5,1,2,9.53,0,No,Violencia registrada sin despliegue a distancia útil: procede extender cobertura o reasignar cuadrante.
SEC-975_-4979,192,TEMOAYA,VALLE TOLUCA,SOLALPAN,DESATENDIDO,19.51,-99.57,54.0,13.5,1,2,12.89,0,No,Violencia registrada sin despliegue a distancia útil: procede extender cobertura o reasignar cuadrante.
SEC-965_-4974,193,LERMA,VALLE TOLUCA,SANTA CRUZ CHIGNAHUAPAN,DESATENDIDO,19.31,-99.47,54.0,13.5,1,2,7.99,0,No,Violencia registrada sin despliegue a distancia útil: procede extender cobertura o reasignar cuadrante.
SEC-984_-4959,194,CUAUTITLAN IZCALLI,METROPOLITANA,SAN MATEO IZTACALCO,DESATENDIDO,19.69,-99.17,53.9,17.5,1,4,4.16,0,Sí,Violencia registrada sin despliegue a distancia útil: procede extender cobertura o reasignar cuadrante.
SEC-963_-4976,195,LERMA,VALLE TOLUCA,,DESATENDIDO,19.27,-99.51,53.7,19.5,0,11,3.51,0,No,Violencia registrada sin despliegue a distancia útil: procede extender cobertura o reasignar cuadrante.
SEC-959_-4974,196,CAPULHUAC,VALLE TOLUCA,SAN MIGUELITO,MIXTO,19.19,-99.47,53.1,45.0,1,13,2.25,120,Sí,Cobertura intermedia: verificar recorridos y tiempos de respuesta en el cuadrante.
SEC-970_-4951,197,NEZAHUALCOYOTL,ORIENTE,BENITO JUAREZ,SATURADO,19.41,-99.01,52.9,102.0,1,47,0.25,175,Sí,"Hay base y personal a menos de 1.5 km y aun así concentra violencia: revisar efectividad y horarios del patrullaje existente, no sumar inmuebles."
SEC-991_-4964,198,HUEHUETOCA,ECATEPEC,SAN MIGUEL DE LOS JAGÜEYES,DESATENDIDO,19.83,-99.27,52.4,20.0,1,0,3.24,0,No,Violencia registrada sin despliegue a distancia útil: procede extender cobertura o reasignar cuadrante.
SEC-982_-4951,199,ECATEPEC,ECATEPEC,"MARGARITO F. AYALA, LOMAS DE TECÁMAC",SATURADO,19.65,-99.01,52.1,70.0,2,25,1.34,186,Sí,"Hay base y personal a menos de 1.5 km y aun así concentra violencia: revisar efectividad y horarios del patrullaje existente, no sumar inmuebles."
SEC-974_-4951,200,ECATEPEC,ECATEPEC,MEDIA LUNA,DESATENDIDO,19.49,-99.01,52.1,17.5,1,4,3.95,0,No,Violencia registrada sin despliegue a distancia útil: procede extender cobertura o reasignar cuadrante.
SEC-966_-4980,201,TOLUCA,VALLE TOLUCA,,DESATENDIDO,19.33,-99.59,52.0,15.0,0,8,4.93,0,No,Violencia registrada sin despliegue a distancia útil: procede extender cobertura o reasignar cuadrante.
SEC-974_-4966,202,NAUCALPAN,METROPOLITANA,PUEBLO SANTIAGO TEPETLAOXTOC,DESATENDIDO,19.49,-99.31,52.0,13.0,1,1,7.03,0,No,Violencia registrada sin despliegue a distancia útil: procede extender cobertura o reasignar cuadrante.
SEC-974_-4945,203,TEXCOCO,ORIENTE,,DESATENDIDO,19.49,-98.89,51.8,18.5,0,9,3.6,0,No,Violencia registrada sin despliegue a distancia útil: procede extender cobertura o reasignar cuadrante.
SEC-980_-4964,204,ATIZAPAN,METROPOLITANA,,MIXTO,19.61,-99.27,51.5,31.0,0,16,2.14,37,Sí,Cobertura intermedia: verificar recorridos y tiempos de respuesta en el cuadrante.
SEC-967_-4982,205,TOLUCA,VALLE TOLUCA,,DESATENDIDO,19.35,-99.63,51.1,17.5,0,8,3.84,0,No,Violencia registrada sin despliegue a distancia útil: procede extender cobertura o reasignar cuadrante.
SEC-970_-4947,206,CHIMALHUACAN,ORIENTE,,SATURADO,19.41,-98.93,50.9,61.0,0,24,0.57,81,Sí,"Hay base y personal a menos de 1.5 km y aun así concentra violencia: revisar efectividad y horarios del patrullaje existente, no sumar inmuebles."
SEC-979_-4953,207,ECATEPEC,ECATEPEC,"VIVEROS DE TULPETLAC, LOMAS DE SAN CARLOS",MIXTO,19.59,-99.05,50.9,59.5,2,10,1.78,181,No,Cobertura intermedia: verificar recorridos y tiempos de respuesta en el cuadrante.
SEC-988_-4960,208,COYOTEPEC,ECATEPEC,,MIXTO,19.77,-99.19,50.9,28.0,0,12,2.41,32,Sí,Cobertura intermedia: verificar recorridos y tiempos de respuesta en el cuadrante.
SEC-953_-4981,209,TENANGO DEL VALLE,IXTAPAN,SAN BARTOLOME ATLATLAHUCA,DESATENDIDO,19.07,-99.61,50.9,16.0,1,3,4.36,0,No,Violencia registrada sin despliegue a distancia útil: procede extender cobertura o reasignar cuadrante.
SEC-980_-4950,210,ECATEPEC,ECATEPEC,JARDINES DE MORELOS,MIXTO,19.61,-98.99,50.5,47.5,1,18,1.7,111,No,Cobertura intermedia: verificar recorridos y tiempos de respuesta en el cuadrante.
SEC-962_-4947,211,VALLE DE CHALCO,CHALCO,SAN MIGUEL XICO,DESATENDIDO,19.25,-98.93,50.3,20.0,1,0,3.03,0,No,Violencia registrada sin despliegue a distancia útil: procede extender cobertura o reasignar cuadrante.
SEC-977_-4960,212,TLALNEPANTLA,METROPOLITANA,"TABLA HONDA, SAN JAVIER",MIXTO,19.55,-99.19,50.2,59.0,2,18,2.05,207,No,Cobertura intermedia: verificar recorridos y tiempos de respuesta en el cuadrante.
SEC-967_-4988,213,ALMOLOYA,VALLE TOLUCA,,DESATENDIDO,19.35,-99.75,50.0,12.5,0,7,6.32,0,No,Violencia registrada sin despliegue a distancia útil: procede extender cobertura o reasignar cuadrante.
SEC-966_-4974,214,LERMA,VALLE TOLUCA,,DESATENDIDO,19.33,-99.47,50.0,12.5,0,6,9.06,0,No,Violencia registrada sin despliegue a distancia útil: procede extender cobertura o reasignar cuadrante.
SEC-981_-4945,215,ACOLMAN,ECATEPEC,SAN PEDRO TEPETITLAN,MIXTO,19.63,-98.89,49.5,24.5,1,3,2.58,20,No,Cobertura intermedia: verificar recorridos y tiempos de respuesta en el cuadrante.
SEC-986_-4932,216,AXAPUSCO,ORIENTE,JALTEPEC,DESATENDIDO,19.73,-98.63,49.5,16.0,1,2,4.18,0,No,Violencia registrada sin despliegue a distancia útil: procede extender cobertura o reasignar cuadrante.
SEC-987_-4958,217,TEOLOYUCAN,METROPOLITANA,,DESATENDIDO,19.75,-99.15,49.3,13.5,0,6,5.3,0,No,Violencia registrada sin despliegue a distancia útil: procede extender cobertura o reasignar cuadrante.
SEC-982_-4958,218,TULTITLAN,METROPOLITANA,SANTIAGUITO,DESATENDIDO,19.65,-99.15,49.2,15.0,1,3,4.57,0,Sí,Violencia registrada sin despliegue a distancia útil: procede extender cobertura o reasignar cuadrante.
SEC-963_-4979,219,METEPEC,VALLE TOLUCA,,DESATENDIDO,19.27,-99.57,48.7,18.0,0,11,3.41,0,Sí,Violencia registrada sin despliegue a distancia útil: procede extender cobertura o reasignar cuadrante.
SEC-970_-4953,220,NEZAHUALCOYOTL,ORIENTE,JUÁREZ PANTITLÁN,MIXTO,19.41,-99.05,48.5,56.5,1,27,1.51,157,No,Cobertura intermedia: verificar recorridos y tiempos de respuesta en el cuadrante.
SEC-969_-4965,221,HUIXQUILUCAN,METROPOLITANA,,MIXTO,19.39,-99.29,48.4,30.5,0,15,2.08,43,No,Cobertura intermedia: verificar recorridos y tiempos de respuesta en el cuadrante.
SEC-986_-4955,222,NEXTLALPAN,ECATEPEC,AGUILUCHOS,DESATENDIDO,19.73,-99.09,48.4,15.5,1,3,4.25,0,No,Violencia registrada sin despliegue a distancia útil: procede extender cobertura o reasignar cuadrante.
SEC-984_-4951,223,TECAMAC,ECATEPEC,,DESATENDIDO,19.69,-99.01,48.0,17.0,0,9,3.65,0,No,Violencia registrada sin despliegue a distancia útil: procede extender cobertura o reasignar cuadrante.
SEC-978_-4985,224,JIQUIPILCO,ATLACOMULCO,SANTA CRUZ TEPEXPAN,DESATENDIDO,19.57,-99.69,48.0,12.0,1,1,7.25,0,No,Violencia registrada sin despliegue a distancia útil: procede extender cobertura o reasignar cuadrante.
SEC-996_-4950,225,HUEYPOXTLA,ECATEPEC,SAN FRANCISCO ZACACALCO,DESATENDIDO,19.93,-98.99,48.0,12.0,1,1,18.17,0,No,Violencia registrada sin despliegue a distancia útil: procede extender cobertura o reasignar cuadrante.
SEC-994_-4944,226,TEMASCALAPA,ORIENTE,IXTLAHUACA DE CUAHTÉMOC,DESATENDIDO,19.89,-98.87,48.0,12.0,1,1,18.24,0,No,Violencia registrada sin despliegue a distancia útil: procede extender cobertura o reasignar cuadrante.
SEC-977_-4981,227,JIQUIPILCO,ATLACOMULCO,,DESATENDIDO,19.55,-99.61,48.0,12.0,0,7,13.66,0,Sí,Violencia registrada sin despliegue a distancia útil: procede extender cobertura o reasignar cuadrante.
SEC-970_-4975,228,XONACATLAN,VALLE TOLUCA,,DESATENDIDO,19.41,-99.49,48.0,12.0,0,7,9.83,0,No,Violencia registrada sin despliegue a distancia útil: procede extender cobertura o reasignar cuadrante.
SEC-983_-4950,229,TECAMAC,ECATEPEC,SANTA MARÍA OZUMBILLA,MIXTO,19.67,-98.99,47.7,48.0,1,10,1.72,131,No,Cobertura intermedia: verificar recorridos y tiempos de respuesta en el cuadrante.
SEC-961_-4982,230,METEPEC,VALLE TOLUCA,,MIXTO,19.23,-99.63,47.7,29.0,0,13,1.97,31,No,Cobertura intermedia: verificar recorridos y tiempos de respuesta en el cuadrante.
SEC-984_-4960,231,CUAUTITLAN IZCALLI,METROPOLITANA,"LA CAPILLA, SAN SEBATIAN XHALA",MIXTO,19.69,-99.19,47.7,27.0,2,4,2.85,56,Sí,Cobertura intermedia: verificar recorridos y tiempos de respuesta en el cuadrante.
SEC-992_-4962,232,HUEHUETOCA,ECATEPEC,CIUDAD SANTA TERESA VII,SATURADO,19.85,-99.23,47.6,34.5,1,13,1.0,13,No,"Hay base y personal a menos de 1.5 km y aun así concentra violencia: revisar efectividad y horarios del patrullaje existente, no sumar inmuebles."
SEC-976_-4962,233,TLALNEPANTLA,METROPOLITANA,,MIXTO,19.53,-99.23,47.3,47.0,0,21,1.65,122,Sí,Cobertura intermedia: verificar recorridos y tiempos de respuesta en el cuadrante.
SEC-978_-4959,234,TULTITLAN,METROPOLITANA,AMPLIACION SAN MARCOS,DESATENDIDO,19.57,-99.17,47.2,18.0,1,3,3.24,0,Sí,Violencia registrada sin despliegue a distancia útil: procede extender cobertura o reasignar cuadrante.
SEC-965_-4977,235,LERMA,VALLE TOLUCA,,DESATENDIDO,19.31,-99.53,46.8,18.0,0,9,3.2,0,Sí,Violencia registrada sin despliegue a distancia útil: procede extender cobertura o reasignar cuadrante.
SEC-982_-4969,236,NICOLAS ROMERO,METROPOLITANA,CAJA DE AGUA,DESATENDIDO,19.65,-99.37,46.7,12.0,1,1,5.78,0,No,Violencia registrada sin despliegue a distancia útil: procede extender cobertura o reasignar cuadrante.
SEC-967_-4980,237,TOLUCA,VALLE TOLUCA,,DESATENDIDO,19.35,-99.59,46.6,18.5,0,11,3.04,0,No,Violencia registrada sin despliegue a distancia útil: procede extender cobertura o reasignar cuadrante.
SEC-983_-4949,238,TECAMAC,ECATEPEC,SAN PABLO TECALCO,DESATENDIDO,19.67,-98.97,46.5,17.0,1,4,3.48,0,No,Violencia registrada sin despliegue a distancia útil: procede extender cobertura o reasignar cuadrante.
SEC-983_-4948,239,TECAMAC,ECATEPEC,,DESATENDIDO,19.67,-98.95,46.4,12.5,0,6,5.42,0,No,Violencia registrada sin despliegue a distancia útil: procede extender cobertura o reasignar cuadrante.
SEC-938_-4974,240,MALINALCO,IXTAPAN,SAN ANDRÉS NICOLÁS BRAVO,DESATENDIDO,18.77,-99.47,46.0,11.5,1,1,18.12,0,No,Violencia registrada sin despliegue a distancia útil: procede extender cobertura o reasignar cuadrante.
SEC-944_-5008,241,TEJUPILCO,IXTAPAN,MÉXICO SESENTA Y OCHO,DESATENDIDO,18.89,-100.15,46.0,11.5,1,1,29.9,0,No,Violencia registrada sin despliegue a distancia útil: procede extender cobertura o reasignar cuadrante.
SEC-974_-4980,242,TEMOAYA,VALLE TOLUCA,SAN PEDRO ABAJO I SECCIÓN (LOMA DE CARACOL),DESATENDIDO,19.49,-99.59,46.0,11.5,1,1,10.06,0,No,Violencia registrada sin despliegue a distancia útil: procede extender cobertura o reasignar cuadrante.
SEC-964_-4992,243,ZINACANTEPEC,VALLE TOLUCA,,DESATENDIDO,19.29,-99.83,46.0,11.5,0,7,8.52,0,No,Violencia registrada sin despliegue a distancia útil: procede extender cobertura o reasignar cuadrante.
SEC-976_-4959,244,TLALNEPANTLA,METROPOLITANA,SAN LUCAS PATONI,MIXTO,19.53,-99.17,45.7,61.5,1,23,2.05,259,No,Cobertura intermedia: verificar recorridos y tiempos de respuesta en el cuadrante.
SEC-971_-4949,245,CHIMALHUACAN,ORIENTE,BARRIO VIDRIEROS,MIXTO,19.43,-98.97,45.7,60.0,1,27,1.71,215,No,Cobertura intermedia: verificar recorridos y tiempos de respuesta en el cuadrante.
SEC-975_-4956,246,TLALNEPANTLA,METROPOLITANA,"IGNACIO ALLENDE, LOMAS DE SAN JUAN IXHUATEPEC",MIXTO,19.51,-99.11,45.7,30.5,2,7,1.67,34,No,Cobertura intermedia: verificar recorridos y tiempos de respuesta en el cuadrante.
SEC-969_-4983,247,TOLUCA,VALLE TOLUCA,,DESATENDIDO,19.39,-99.65,45.5,16.5,0,8,3.52,0,No,Violencia registrada sin despliegue a distancia útil: procede extender cobertura o reasignar cuadrante.
SEC-979_-4965,248,NICOLAS ROMERO,METROPOLITANA,,DESATENDIDO,19.59,-99.29,45.4,14.5,0,8,4.26,0,No,Violencia registrada sin despliegue a distancia útil: procede extender cobertura o reasignar cuadrante.
SEC-986_-4958,249,TEOLOYUCAN,METROPOLITANA,SAN BARTOLO,DESATENDIDO,19.73,-99.15,44.7,11.5,1,1,5.78,0,Sí,Violencia registrada sin despliegue a distancia útil: procede extender cobertura o reasignar cuadrante.
SEC-985_-4959,250,CUAUTITLAN,METROPOLITANA,SANTA MARÍA HUECATITLA,DESATENDIDO,19.71,-99.17,44.3,12.0,1,1,5.39,0,No,Violencia registrada sin despliegue a distancia útil: procede extender cobertura o reasignar cuadrante.
SEC-982_-4962,251,CUAUTITLAN IZCALLI,METROPOLITANA,,DESATENDIDO,19.65,-99.23,43.9,17.0,0,9,3.17,0,No,Violencia registrada sin despliegue a distancia útil: procede extender cobertura o reasignar cuadrante.
SEC-982_-4952,252,TECAMAC,ECATEPEC,LOS HÉROES OZUMBILLA,SATURADO,19.65,-99.03,43.8,44.0,1,12,0.72,55,No,"Hay base y personal a menos de 1.5 km y aun así concentra violencia: revisar efectividad y horarios del patrullaje existente, no sumar inmuebles."
SEC-954_-4943,253,JUCHITEPEC,CHALCO,,DESATENDIDO,19.09,-98.85,43.6,14.0,0,2,4.23,0,No,Violencia registrada sin despliegue a distancia útil: procede extender cobertura o reasignar cuadrante.
SEC-979_-4966,254,NICOLAS ROMERO,METROPOLITANA,,DESATENDIDO,19.59,-99.31,43.3,14.5,0,6,3.97,0,No,Violencia registrada sin despliegue a distancia útil: procede extender cobertura o reasignar cuadrante.
SEC-963_-4975,255,OCOYOACAC,VALLE TOLUCA,,DESATENDIDO,19.27,-99.49,43.1,11.5,0,7,5.49,0,No,Violencia registrada sin despliegue a distancia útil: procede extender cobertura o reasignar cuadrante.
SEC-980_-4951,256,ECATEPEC,ECATEPEC,"LA VELETA, NUEVA DIAZ ORDAZ",MIXTO,19.61,-99.01,42.8,58.0,2,18,1.57,213,No,Cobertura intermedia: verificar recorridos y tiempos de respuesta en el cuadrante.
SEC-980_-4946,257,TEZOYUCA,ORIENTE,BUENOS AIRES,MIXTO,19.61,-98.91,42.3,29.0,1,7,2.06,59,Sí,Cobertura intermedia: verificar recorridos y tiempos de respuesta en el cuadrante.
SEC-961_-4978,258,METEPEC,VALLE TOLUCA,,DESATENDIDO,19.23,-99.55,41.2,15.0,0,8,3.5,0,No,Violencia registrada sin despliegue a distancia útil: procede extender cobertura o reasignar cuadrante.
SEC-989_-4961,259,COYOTEPEC,ECATEPEC,PUEBLO NUEVO,DESATENDIDO,19.79,-99.21,41.2,13.5,1,2,4.11,0,No,Violencia registrada sin despliegue a distancia útil: procede extender cobertura o reasignar cuadrante.
SEC-969_-4966,260,HUIXQUILUCAN,METROPOLITANA,,DESATENDIDO,19.39,-99.31,41.1,14.5,0,8,3.66,0,No,Violencia registrada sin despliegue a distancia útil: procede extender cobertura o reasignar cuadrante.
SEC-975_-4954,261,ECATEPEC,ECATEPEC,"LAS VEGAS XALOSTOC, EMILIANO ZAPATA 2DA SECCIÓN, GRANJAS VALLE",SATURADO,19.51,-99.07,40.5,49.0,3,8,1.24,144,No,"Hay base y personal a menos de 1.5 km y aun así concentra violencia: revisar efectividad y horarios del patrullaje existente, no sumar inmuebles."
SEC-959_-4976,262,TIANGUISTENCO,VALLE TOLUCA,,DESATENDIDO,19.19,-99.51,40.5,11.5,0,6,5.04,0,No,Violencia registrada sin despliegue a distancia útil: procede extender cobertura o reasignar cuadrante.
SEC-974_-4953,263,ECATEPEC,ECATEPEC,,SATURADO,19.49,-99.05,40.4,68.0,0,35,0.34,145,Sí,"Hay base y personal a menos de 1.5 km y aun así concentra violencia: revisar efectividad y horarios del patrullaje existente, no sumar inmuebles."
SEC-965_-4980,264,TOLUCA,VALLE TOLUCA,,MIXTO,19.31,-99.59,40.4,21.0,0,12,2.87,40,No,Cobertura intermedia: verificar recorridos y tiempos de respuesta en el cuadrante.
SEC-967_-4984,265,TOLUCA,VALLE TOLUCA,,DESATENDIDO,19.35,-99.67,40.3,11.0,0,5,5.33,0,No,Violencia registrada sin despliegue a distancia útil: procede extender cobertura o reasignar cuadrante.
SEC-970_-4978,266,OTZOLOTEPEC,VALLE TOLUCA,,DESATENDIDO,19.41,-99.55,40.2,12.5,0,6,4.44,0,No,Violencia registrada sin despliegue a distancia útil: procede extender cobertura o reasignar cuadrante.
SEC-947_-4978,267,TENANCINGO,IXTAPAN,SAN MIGUEL TECOMATLÁN,DESATENDIDO,18.95,-99.55,40.2,12.0,1,1,4.69,0,No,Violencia registrada sin despliegue a distancia útil: procede extender cobertura o reasignar cuadrante.
SEC-998_-5002,268,TEMASCALCINGO,ATLACOMULCO,SAN JOSE SOLIS,DESATENDIDO,19.97,-100.03,40.2,11.5,1,1,4.99,0,No,Violencia registrada sin despliegue a distancia útil: procede extender cobertura o reasignar cuadrante.
SEC-975_-4963,269,NAUCALPAN,METROPOLITANA,SANTA CRUZ ACATLAN,MIXTO,19.51,-99.25,40.1,36.5,1,14,1.89,116,No,Cobertura intermedia: verificar recorridos y tiempos de respuesta en el cuadrante.
SEC-977_-4975,270,ISIDRO FABELA,METROPOLITANA,S/D,DESATENDIDO,19.55,-99.49,40.0,10.0,1,0,7.61,0,No,Violencia registrada sin despliegue a distancia útil: procede extender cobertura o reasignar cuadrante.
SEC-965_-4969,271,HUIXQUILUCAN,METROPOLITANA,MARQUESA,DESATENDIDO,19.31,-99.37,40.0,10.0,1,0,7.57,0,No,Violencia registrada sin despliegue a distancia útil: procede extender cobertura o reasignar cuadrante.
SEC-988_-4954,272,ZUMPANGO,ECATEPEC,SAN SEBASTIAN,DESATENDIDO,19.77,-99.07,40.0,10.0,1,0,6.43,0,No,Violencia registrada sin despliegue a distancia útil: procede extender cobertura o reasignar cuadrante.
SEC-971_-4991,273,ALMOLOYA,VALLE TOLUCA,SAN DIEGO,DESATENDIDO,19.43,-99.81,40.0,10.0,1,0,11.83,0,No,Violencia registrada sin despliegue a distancia útil: procede extender cobertura o reasignar cuadrante.
SEC-960_-4989,274,ZINACANTEPEC,VALLE TOLUCA,SAN JUAN DE LAS HUERTAS,DESATENDIDO,19.21,-99.77,40.0,10.0,1,0,7.8,0,No,Violencia registrada sin despliegue a distancia útil: procede extender cobertura o reasignar cuadrante.
SEC-966_-4930,275,IXTAPALUCA,CHALCO,AVILA CAMACHO,DESATENDIDO,19.33,-98.59,40.0,10.0,1,0,26.12,0,No,Violencia registrada sin despliegue a distancia útil: procede extender cobertura o reasignar cuadrante.
SEC-993_-4939,276,AXAPUSCO,ORIENTE,GUADALUPE RELINAS,DESATENDIDO,19.87,-98.77,40.0,10.0,1,0,17.55,0,No,Violencia registrada sin despliegue a distancia útil: procede extender cobertura o reasignar cuadrante.
SEC-947_-4941,277,ATLAUTLA,CHALCO,SAN ANDRES TLALAMAC,DESATENDIDO,18.95,-98.81,40.0,10.0,1,0,9.41,0,No,Violencia registrada sin despliegue a distancia útil: procede extender cobertura o reasignar cuadrante.
SEC-965_-5015,278,IXTAPAN DEL ORO,VALLE DE BRAVO,MIAHUATLÁN DE HIDALGO,DESATENDIDO,19.31,-100.29,40.0,10.0,1,0,15.25,0,No,Violencia registrada sin despliegue a distancia útil: procede extender cobertura o reasignar cuadrante.
SEC-984_-4948,279,TECAMAC,ECATEPEC,SANTA CRUZ,DESATENDIDO,19.69,-98.95,40.0,10.0,1,0,6.38,0,No,Violencia registrada sin despliegue a distancia útil: procede extender cobertura o reasignar cuadrante.
SEC-986_-4968,280,TEPOTZOTLAN,METROPOLITANA,SAN MIGUEL CAÑADAS,DESATENDIDO,19.73,-99.35,40.0,10.0,1,0,12.16,0,No,Violencia registrada sin despliegue a distancia útil: procede extender cobertura o reasignar cuadrante.
SEC-993_-4942,281,AXAPUSCO,ORIENTE,SAN ANTONIO COAYUCA,DESATENDIDO,19.87,-98.83,40.0,10.0,1,0,18.32,0,No,Violencia registrada sin despliegue a distancia útil: procede extender cobertura o reasignar cuadrante.
SEC-1009_-4989,282,POLOTITLAN,ATLACOMULCO,RUANO,DESATENDIDO,20.19,-99.77,40.0,10.0,1,0,6.03,0,No,Violencia registrada sin despliegue a distancia útil: procede extender cobertura o reasignar cuadrante.
SEC-949_-4946,283,HUEHUETOCA,ECATEPEC,SAN MIGUEL DE LOS JAGÜEYES,DESATENDIDO,18.99,-98.91,40.0,10.0,1,0,10.25,0,No,Violencia registrada sin despliegue a distancia útil: procede extender cobertura o reasignar cuadrante.
SEC-1013_-4995,284,POLOTITLAN,ATLACOMULCO,,DESATENDIDO,20.27,-99.89,40.0,10.0,1,0,9.34,0,No,Violencia registrada sin despliegue a distancia útil: procede extender cobertura o reasignar cuadrante.
SEC-941_-4973,285,MALINALCO,IXTAPAN,EL PLATANAR,DESATENDIDO,18.83,-99.45,40.0,10.0,1,0,11.19,0,No,Violencia registrada sin despliegue a distancia útil: procede extender cobertura o reasignar cuadrante.
SEC-989_-4936,286,NOPALTEPEC,ORIENTE,SAN FELIPE TEOTITLÁN,DESATENDIDO,19.79,-98.71,40.0,10.0,1,0,6.71,0,No,Violencia registrada sin despliegue a distancia útil: procede extender cobertura o reasignar cuadrante.
SEC-988_-4938,287,AXAPUSCO,ORIENTE,SAN NICOLAS TETEPANTLA,DESATENDIDO,19.77,-98.75,40.0,10.0,1,0,8.04,0,No,Violencia registrada sin despliegue a distancia útil: procede extender cobertura o reasignar cuadrante.
SEC-966_-4939,288,IXTAPALUCA,CHALCO,GENERAL MANUEL ÁVILA CAMACHO,DESATENDIDO,19.33,-98.77,40.0,10.0,1,0,9.25,0,No,Violencia registrada sin despliegue a distancia útil: procede extender cobertura o reasignar cuadrante.
SEC-983_-4976,289,VILLA DEL CARBON,ATLACOMULCO,SAN ISIDRO DEL BOSQUE,DESATENDIDO,19.67,-99.51,40.0,10.0,1,0,15.9,0,No,Violencia registrada sin despliegue a distancia útil: procede extender cobertura o reasignar cuadrante.
SEC-989_-4939,290,AXAPUSCO,ORIENTE,SANTO DOMINGO AZTACAMECA,DESATENDIDO,19.79,-98.77,40.0,10.0,1,0,10.35,0,No,Violencia registrada sin despliegue a distancia útil: procede extender cobertura o reasignar cuadrante.
SEC-960_-4948,291,LA PAZ,ORIENTE,VALLE DE LOS REYES,DESATENDIDO,19.21,-98.95,40.0,10.0,1,0,7.54,0,No,Violencia registrada sin despliegue a distancia útil: procede extender cobertura o reasignar cuadrante.
SEC-973_-4983,292,TOLUCA,VALLE TOLUCA,,DESATENDIDO,19.47,-99.65,40.0,10.0,0,4,7.98,0,No,Violencia registrada sin despliegue a distancia útil: procede extender cobertura o reasignar cuadrante.
SEC-977_-5008,293,SAN JOSE DEL RINCON,VALLE DE BRAVO,,DESATENDIDO,19.55,-100.15,40.0,10.0,0,3,11.19,0,No,Violencia registrada sin despliegue a distancia útil: procede extender cobertura o reasignar cuadrante.
SEC-972_-4994,294,ALMOLOYA,VALLE TOLUCA,,DESATENDIDO,19.45,-99.87,40.0,10.0,0,2,6.88,0,No,Violencia registrada sin despliegue a distancia útil: procede extender cobertura o reasignar cuadrante.
SEC-951_-4974,295,OCUILAN,IXTAPAN,,DESATENDIDO,19.03,-99.47,40.0,10.0,0,1,6.48,0,No,Violencia registrada sin despliegue a distancia útil: procede extender cobertura o reasignar cuadrante.
SEC-992_-4954,296,ZUMPANGO,ECATEPEC,LOS ROMEROS,DESATENDIDO,19.85,-99.07,39.8,10.0,1,0,5.96,0,No,Violencia registrada sin despliegue a distancia útil: procede extender cobertura o reasignar cuadrante.
SEC-977_-4962,297,ATIZAPAN,METROPOLITANA,AMPLIACION LOMAS DE SAN ANDRES ATENCO,SATURADO,19.55,-99.23,39.7,37.5,1,15,1.5,98,Sí,"Hay base y personal a menos de 1.5 km y aun así concentra violencia: revisar efectividad y horarios del patrullaje existente, no sumar inmuebles."
SEC-968_-4980,298,TOLUCA,VALLE TOLUCA,EJIDO DE LA Y SECCION 7,MIXTO,19.37,-99.59,39.6,29.5,1,11,1.58,50,No,Cobertura intermedia: verificar recorridos y tiempos de respuesta en el cuadrante.
SEC-990_-4958,299,ZUMPANGO,ECATEPEC,BARRIO SAN MIGUEL,DESATENDIDO,19.81,-99.15,39.5,13.0,1,1,4.07,0,No,Violencia registrada sin despliegue a distancia útil: procede extender cobertura o reasignar cuadrante.
SEC-985_-4948,300,TECAMAC,ECATEPEC,FRACCIONAMIENTO SANTA CRUZ,DESATENDIDO,19.71,-98.95,39.2,10.0,1,0,5.84,0,No,Violencia registrada sin despliegue a distancia útil: procede extender cobertura o reasignar cuadrante.
SEC-976_-4955,301,TLALNEPANTLA,METROPOLITANA,,SATURADO,19.53,-99.09,39.1,40.5,0,19,1.4,114,Sí,"Hay base y personal a menos de 1.5 km y aun así concentra violencia: revisar efectividad y horarios del patrullaje existente, no sumar inmuebles."
SEC-981_-4946,302,ACOLMAN,ECATEPEC,"SAN JUANICO, LAS BRISAS, SAN MATEO CHIPILTÉPEC",SATURADO,19.63,-98.91,39.1,33.0,3,1,0.69,20,No,"Hay base y personal a menos de 1.5 km y aun así concentra violencia: revisar efectividad y horarios del patrullaje existente, no sumar inmuebles."
SEC-980_-4948,303,TEZOYUCA,ORIENTE,,DESATENDIDO,19.61,-98.95,38.7,13.5,0,6,3.74,0,Sí,Violencia registrada sin despliegue a distancia útil: procede extender cobertura o reasignar cuadrante.
SEC-989_-4991,304,ATLACOMULCO,ATLACOMULCO,SAN PEDRO DEL ROSAL,DESATENDIDO,19.79,-99.81,38.7,12.0,1,1,4.46,0,No,Violencia registrada sin despliegue a distancia útil: procede extender cobertura o reasignar cuadrante.
SEC-983_-4946,305,TEOTIHUACAN,ORIENTE,SANTIAGO ATLATONGO,DESATENDIDO,19.67,-98.91,38.6,13.0,1,1,3.94,0,No,Violencia registrada sin despliegue a distancia útil: procede extender cobertura o reasignar cuadrante.
SEC-969_-4945,306,CHIMALHUACAN,ORIENTE,,DESATENDIDO,19.39,-98.89,38.4,11.0,0,2,4.99,0,No,Violencia registrada sin despliegue a distancia útil: procede extender cobertura o reasignar cuadrante.
SEC-1011_-4991,307,POLOTITLAN,ATLACOMULCO,"LA PURISIMA, EL ÁLAMO, PUEBLO NUEVO",SATURADO,20.23,-99.81,38.2,30.0,3,0,0.87,19,No,"Hay base y personal a menos de 1.5 km y aun así concentra violencia: revisar efectividad y horarios del patrullaje existente, no sumar inmuebles."
SEC-971_-4965,308,NAUCALPAN,METROPOLITANA,,MIXTO,19.43,-99.29,38.2,20.0,0,10,2.91,43,No,Cobertura intermedia: verificar recorridos y tiempos de respuesta en el cuadrante.
SEC-967_-4944,309,IXTAPALUCA,CHALCO,,DESATENDIDO,19.35,-98.87,38.1,11.0,0,6,4.92,0,No,Violencia registrada sin despliegue a distancia útil: procede extender cobertura o reasignar cuadrante.
SEC-984_-4958,310,CUAUTITLAN,METROPOLITANA,JOYAS DE CUAUTITLÁN,DESATENDIDO,19.69,-99.15,38.1,10.0,1,0,5.62,0,No,Violencia registrada sin despliegue a distancia útil: procede extender cobertura o reasignar cuadrante.
SEC-968_-4995,311,VALLE DE BRAVO,VALLE DE BRAVO,SANTA MARÍA AHUACATLÁN,DESATENDIDO,19.37,-99.89,38.1,10.0,1,0,5.61,0,No,Violencia registrada sin despliegue a distancia útil: procede extender cobertura o reasignar cuadrante.
SEC-959_-5007,312,VALLE DE BRAVO,VALLE DE BRAVO,,DESATENDIDO,19.19,-100.13,38.0,14.5,0,8,3.24,0,No,Violencia registrada sin despliegue a distancia útil: procede extender cobertura o reasignar cuadrante.
SEC-993_-5002,313,TEMASCALCINGO,ATLACOMULCO,,MIXTO,19.87,-100.03,38.0,9.5,0,3,7.15,0,No,Cobertura intermedia: verificar recorridos y tiempos de respuesta en el cuadrante.
SEC-982_-4950,314,ECATEPEC,ECATEPEC,CIUDAD CUAUHTEMOC,SATURADO,19.65,-98.99,37.9,41.0,1,13,1.46,131,Sí,"Hay base y personal a menos de 1.5 km y aun así concentra violencia: revisar efectividad y horarios del patrullaje existente, no sumar inmuebles."
SEC-982_-4959,315,TULTITLAN,METROPOLITANA,BUENAVISTA,MIXTO,19.65,-99.17,37.8,30.0,1,9,2.57,122,Sí,Cobertura intermedia: verificar recorridos y tiempos de respuesta en el cuadrante.
SEC-969_-4949,316,CHIMALHUACAN,ORIENTE,,MIXTO,19.39,-98.97,37.7,42.0,0,20,1.58,149,Sí,Cobertura intermedia: verificar recorridos y tiempos de respuesta en el cuadrante.
SEC-984_-4962,317,CUAUTITLAN IZCALLI,METROPOLITANA,COFRADÍA DE SAN MIGUEL I,MIXTO,19.69,-99.23,37.7,27.5,1,8,2.3,85,No,Cobertura intermedia: verificar recorridos y tiempos de respuesta en el cuadrante.
SEC-960_-4972,318,TIANGUISTENCO,VALLE TOLUCA,,MIXTO,19.21,-99.43,37.5,9.5,0,5,5.9,0,Sí,Cobertura intermedia: verificar recorridos y tiempos de respuesta en el cuadrante.
SEC-962_-4945,319,CHALCO,CHALCO,SAN SEBASTIAN,MIXTO,19.25,-98.89,37.4,32.5,1,5,2.02,112,No,Cobertura intermedia: verificar recorridos y tiempos de respuesta en el cuadrante.
SEC-974_-4952,320,ECATEPEC,ECATEPEC,EJÉRCITO DEL TRABAJO II,MIXTO,19.49,-99.03,37.3,38.0,1,14,1.86,145,Sí,Cobertura intermedia: verificar recorridos y tiempos de respuesta en el cuadrante.
SEC-987_-4961,321,TEOLOYUCAN,METROPOLITANA,SAN SEBASTIAN,SATURADO,19.75,-99.21,36.9,30.0,3,0,0.98,32,No,"Hay base y personal a menos de 1.5 km y aun así concentra violencia: revisar efectividad y horarios del patrullaje existente, no sumar inmuebles."
SEC-974_-4963,322,NAUCALPAN,METROPOLITANA,LOS ÁLAMOS,SATURADO,19.49,-99.25,36.8,38.0,1,14,0.78,65,No,"Hay base y personal a menos de 1.5 km y aun así concentra violencia: revisar efectividad y horarios del patrullaje existente, no sumar inmuebles."
SEC-971_-4945,323,CHICOLOAPAN,ORIENTE,REAL DE SAN VICENTE II,MIXTO,19.43,-98.89,36.8,25.0,1,9,2.01,54,Sí,Cobertura intermedia: verificar recorridos y tiempos de respuesta en el cuadrante.
SEC-963_-4981,324,METEPEC,VALLE TOLUCA,,MIXTO,19.27,-99.61,36.8,23.0,0,12,2.05,40,Sí,Cobertura intermedia: verificar recorridos y tiempos de respuesta en el cuadrante.
SEC-977_-4964,325,ATIZAPAN,METROPOLITANA,,SATURADO,19.55,-99.27,36.6,35.0,0,18,1.5,101,No,"Hay base y personal a menos de 1.5 km y aun así concentra violencia: revisar efectividad y horarios del patrullaje existente, no sumar inmuebles."
SEC-986_-4944,326,SAN MARTIN DE LAS PIRAMIDES,ORIENTE,IXTLAHUACA,DESATENDIDO,19.73,-98.87,36.5,12.0,1,1,4.09,0,No,Violencia registrada sin despliegue a distancia útil: procede extender cobertura o reasignar cuadrante.
SEC-988_-4936,327,NOPALTEPEC,ORIENTE,,DESATENDIDO,19.77,-98.71,36.5,10.0,0,1,5.31,0,No,Violencia registrada sin despliegue a distancia útil: procede extender cobertura o reasignar cuadrante.
SEC-948_-4977,328,TENANCINGO,IXTAPAN,,DESATENDIDO,18.97,-99.53,36.1,11.5,0,5,4.29,0,No,Violencia registrada sin despliegue a distancia útil: procede extender cobertura o reasignar cuadrante.
SEC-966_-4946,329,IXTAPALUCA,CHALCO,"GUADALUPANA, NUEVA INDEPENDENCIA",MIXTO,19.33,-98.91,36.0,31.5,2,7,1.58,85,No,Cobertura intermedia: verificar recorridos y tiempos de respuesta en el cuadrante.
SEC-977_-4958,330,TLALNEPANTLA,METROPOLITANA,,DESATENDIDO,19.55,-99.15,36.0,10.5,0,6,4.85,0,No,Violencia registrada sin despliegue a distancia útil: procede extender cobertura o reasignar cuadrante.
SEC-962_-4990,331,ZINACANTEPEC,VALLE TOLUCA,SAN ANTONIO ACAHUALCO,DESATENDIDO,19.25,-99.79,36.0,10.0,1,0,5.2,0,No,Violencia registrada sin despliegue a distancia útil: procede extender cobertura o reasignar cuadrante.
SEC-959_-4971,332,XALATLACO,VALLE TOLUCA,,MIXTO,19.19,-99.41,36.0,9.0,0,6,6.37,0,No,Cobertura intermedia: verificar recorridos y tiempos de respuesta en el cuadrante.
SEC-981_-4951,333,ECATEPEC,ECATEPEC,SANTA,SATURADO,19.63,-99.01,35.9,30.5,1,11,1.35,64,Sí,"Hay base y personal a menos de 1.5 km y aun así concentra violencia: revisar efectividad y horarios del patrullaje existente, no sumar inmuebles."
SEC-981_-4966,334,NICOLAS ROMERO,METROPOLITANA,"INDEPENDENCIA, NICOLAS ROMERO",SATURADO,19.63,-99.31,35.8,36.0,2,8,1.47,112,Sí,"Hay base y personal a menos de 1.5 km y aun así concentra violencia: revisar efectividad y horarios del patrullaje existente, no sumar inmuebles."
SEC-983_-5009,335,SAN JOSE DEL RINCON,VALLE DE BRAVO,SAN JOSE DEL RINCON,DESATENDIDO,19.67,-100.17,35.8,10.0,1,0,5.16,0,No,Violencia registrada sin despliegue a distancia útil: procede extender cobertura o reasignar cuadrante.
SEC-986_-4956,336,NEXTLALPAN,ECATEPEC,SANTA ANA NEXTLALPAN,DESATENDIDO,19.73,-99.11,35.8,10.0,1,0,5.16,0,No,Violencia registrada sin despliegue a distancia útil: procede extender cobertura o reasignar cuadrante.
SEC-969_-4950,337,NEZAHUALCOYOTL,ORIENTE,LA PERLA,MIXTO,19.39,-98.99,35.5,40.0,1,17,1.54,149,Sí,Cobertura intermedia: verificar recorridos y tiempos de respuesta en el cuadrante.
SEC-981_-4961,338,CUAUTITLAN IZCALLI,METROPOLITANA,,SATURADO,19.63,-99.21,35.2,39.5,0,20,0.85,90,No,"Hay base y personal a menos de 1.5 km y aun así concentra violencia: revisar efectividad y horarios del patrullaje existente, no sumar inmuebles."
SEC-961_-4943,339,COCOTITLAN,CHALCO,,DESATENDIDO,19.23,-98.85,35.1,11.5,0,6,4.11,0,Sí,Violencia registrada sin despliegue a distancia útil: procede extender cobertura o reasignar cuadrante.
SEC-975_-4955,340,TLALNEPANTLA,METROPOLITANA,,SATURADO,19.51,-99.09,34.7,38.5,0,17,1.17,114,Sí,"Hay base y personal a menos de 1.5 km y aun así concentra violencia: revisar efectividad y horarios del patrullaje existente, no sumar inmuebles."
SEC-981_-4947,341,ACOLMAN,ECATEPEC,TEPEXPAN,MIXTO,19.63,-98.93,34.7,21.0,1,5,1.75,20,Sí,Cobertura intermedia: verificar recorridos y tiempos de respuesta en el cuadrante.
SEC-992_-4961,342,HUEHUETOCA,ECATEPEC,SANTA MARÍA,MIXTO,19.85,-99.21,34.7,16.0,1,3,2.71,13,No,Cobertura intermedia: verificar recorridos y tiempos de respuesta en el cuadrante.
SEC-973_-4945,343,TEXCOCO,ORIENTE,,DESATENDIDO,19.47,-98.89,34.7,12.5,0,5,3.55,0,No,Violencia registrada sin despliegue a distancia útil: procede extender cobertura o reasignar cuadrante.
SEC-955_-4978,344,TENANGO DEL VALLE,IXTAPAN,SANTA MARÍA JAJALPA,MIXTO,19.11,-99.55,34.2,20.0,1,0,2.09,29,No,Cobertura intermedia: verificar recorridos y tiempos de respuesta en el cuadrante.
SEC-990_-4991,345,ATLACOMULCO,ATLACOMULCO,EL SALTO,DESATENDIDO,19.81,-99.81,34.2,10.0,1,0,4.85,0,No,Violencia registrada sin despliegue a distancia útil: procede extender cobertura o reasignar cuadrante.
SEC-982_-4965,346,NICOLAS ROMERO,METROPOLITANA,"SANTA CRUZ, LIBERTAD",MIXTO,19.65,-99.29,34.0,24.0,2,2,2.2,72,Sí,Cobertura intermedia: verificar recorridos y tiempos de respuesta en el cuadrante.
SEC-977_-4941,347,TEXCOCO,ORIENTE,,MIXTO,19.55,-98.81,34.0,8.5,0,4,7.41,0,Sí,Cobertura intermedia: verificar recorridos y tiempos de respuesta en el cuadrante.
SEC-968_-4975,348,LERMA,VALLE TOLUCA,,MIXTO,19.37,-99.49,34.0,8.5,0,4,8.97,0,No,Cobertura intermedia: verificar recorridos y tiempos de respuesta en el cuadrante.
SEC-963_-4974,349,OCOYOACAC,VALLE TOLUCA,,MIXTO,19.27,-99.47,34.0,8.5,0,5,7.54,0,No,Cobertura intermedia: verificar recorridos y tiempos de respuesta en el cuadrante.
SEC-961_-4974,350,CAPULHUAC,VALLE TOLUCA,,MIXTO,19.23,-99.47,34.0,8.5,0,4,6.68,0,No,Cobertura intermedia: verificar recorridos y tiempos de respuesta en el cuadrante.
SEC-973_-4980,351,TEMOAYA,VALLE TOLUCA,,MIXTO,19.47,-99.59,34.0,8.5,0,5,7.98,0,No,Cobertura intermedia: verificar recorridos y tiempos de respuesta en el cuadrante.
SEC-946_-4972,352,OCUILAN,IXTAPAN,CHALMA,SATURADO,18.93,-99.43,33.8,26.5,1,5,0.65,6,Sí,"Hay base y personal a menos de 1.5 km y aun así concentra violencia: revisar efectividad y horarios del patrullaje existente, no sumar inmuebles."
SEC-964_-4990,353,ALMOLOYA,VALLE TOLUCA,,DESATENDIDO,19.29,-99.79,33.8,10.5,0,4,4.43,0,No,Violencia registrada sin despliegue a distancia útil: procede extender cobertura o reasignar cuadrante.
SEC-941_-4987,354,IXTAPAN DE LA SAL,IXTAPAN,SAN ALEJO,DESATENDIDO,18.83,-99.73,33.8,10.0,1,0,4.75,0,No,Violencia registrada sin despliegue a distancia útil: procede extender cobertura o reasignar cuadrante.
SEC-960_-4938,355,TLALMANALCO,CHALCO,,MIXTO,19.21,-98.75,33.2,9.0,0,5,5.37,0,No,Cobertura intermedia: verificar recorridos y tiempos de respuesta en el cuadrante.
SEC-984_-4945,356,TEOTIHUACAN,ORIENTE,MAQUIXCO,SATURADO,19.69,-98.89,33.1,26.5,1,10,1.29,48,No,"Hay base y personal a menos de 1.5 km y aun así concentra violencia: revisar efectividad y horarios del patrullaje existente, no sumar inmuebles."
SEC-976_-4958,357,TLALNEPANTLA,METROPOLITANA,,DESATENDIDO,19.53,-99.15,33.1,13.0,0,6,3.09,0,No,Violencia registrada sin despliegue a distancia útil: procede extender cobertura o reasignar cuadrante.
SEC-976_-4943,358,TEPETLAOXTOC,ORIENTE,CAPULALPAN,DESATENDIDO,19.53,-98.85,33.1,11.5,1,1,3.76,0,Sí,Violencia registrada sin despliegue a distancia útil: procede extender cobertura o reasignar cuadrante.
SEC-945_-4975,359,MALINALCO,IXTAPAN,AMATE AMARILLO,DESATENDIDO,18.91,-99.49,33.1,10.0,1,0,4.62,0,No,Violencia registrada sin despliegue a distancia útil: procede extender cobertura o reasignar cuadrante.
SEC-968_-4983,360,TOLUCA,VALLE TOLUCA,,MIXTO,19.37,-99.65,32.9,9.5,0,5,4.93,0,No,Cobertura intermedia: verificar recorridos y tiempos de respuesta en el cuadrante.
SEC-975_-4945,361,TEXCOCO,ORIENTE,"SAN PEDRO, SANTA CRUZ DE ABAJO",SATURADO,19.51,-98.89,32.8,43.5,2,10,1.44,192,No,"Hay base y personal a menos de 1.5 km y aun así concentra violencia: revisar efectividad y horarios del patrullaje existente, no sumar inmuebles."
SEC-974_-4946,362,TEXCOCO,ORIENTE,GUADALUPE VICTORIA,DESATENDIDO,19.49,-98.91,32.2,10.0,1,0,4.43,0,No,Violencia registrada sin despliegue a distancia útil: procede extender cobertura o reasignar cuadrante.
SEC-965_-4976,363,LERMA,VALLE TOLUCA,PROLONGACION,DESATENDIDO,19.31,-99.51,32.0,10.0,1,0,4.39,0,No,Violencia registrada sin despliegue a distancia útil: procede extender cobertura o reasignar cuadrante.
SEC-962_-4970,364,OCOYOACAC,VALLE TOLUCA,,MIXTO,19.25,-99.39,32.0,8.0,0,2,12.01,0,No,Cobertura intermedia: verificar recorridos y tiempos de respuesta en el cuadrante.
SEC-967_-4989,365,ALMOLOYA,VALLE TOLUCA,,MIXTO,19.35,-99.77,32.0,8.0,0,4,7.18,0,No,Cobertura intermedia: verificar recorridos y tiempos de respuesta en el cuadrante.
SEC-964_-4943,366,IXTAPALUCA,CHALCO,CUATRO VIENTOS,MIXTO,19.29,-98.85,31.9,23.0,1,8,2.88,114,No,Cobertura intermedia: verificar recorridos y tiempos de respuesta en el cuadrante.
SEC-970_-4952,367,NEZAHUALCOYOTL,ORIENTE,ATLACOMULCO,MIXTO,19.41,-99.03,31.6,43.5,1,20,1.74,236,No,Cobertura intermedia: verificar recorridos y tiempos de respuesta en el cuadrante.
SEC-977_-4947,368,ATENCO,ORIENTE,SAN SALVADOR ATENCO,DESATENDIDO,19.55,-98.93,31.5,11.5,1,1,3.48,0,No,Violencia registrada sin despliegue a distancia útil: procede extender cobertura o reasignar cuadrante.
SEC-964_-4987,369,ZINACANTEPEC,VALLE TOLUCA,LOMA DE SAN FRANCISCO,SATURADO,19.29,-99.73,31.4,57.0,1,23,0.7,218,No,"Hay base y personal a menos de 1.5 km y aun así concentra violencia: revisar efectividad y horarios del patrullaje existente, no sumar inmuebles."
SEC-981_-4954,370,ECATEPEC,ECATEPEC,,DESATENDIDO,19.63,-99.07,31.4,12.0,0,6,3.24,0,Sí,Violencia registrada sin despliegue a distancia útil: procede extender cobertura o reasignar cuadrante.
SEC-973_-4953,371,NEZAHUALCOYOTL,ORIENTE,PLAZA ARAGÓN,SATURADO,19.47,-99.05,31.3,44.5,1,18,0.77,145,No,"Hay base y personal a menos de 1.5 km y aun así concentra violencia: revisar efectividad y horarios del patrullaje existente, no sumar inmuebles."
SEC-991_-4955,372,ZUMPANGO,ECATEPEC,,MIXTO,19.83,-99.09,31.2,17.0,0,8,2.92,51,No,Cobertura intermedia: verificar recorridos y tiempos de respuesta en el cuadrante.
SEC-968_-4981,373,TOLUCA,VALLE TOLUCA,,DESATENDIDO,19.37,-99.61,30.9,11.5,0,5,3.37,0,No,Violencia registrada sin despliegue a distancia útil: procede extender cobertura o reasignar cuadrante.
SEC-968_-4950,374,NEZAHUALCOYOTL,ORIENTE,REFORMA,SATURADO,19.37,-98.99,30.8,43.5,2,14,0.82,149,Sí,"Hay base y personal a menos de 1.5 km y aun así concentra violencia: revisar efectividad y horarios del patrullaje existente, no sumar inmuebles."
SEC-961_-4983,375,TOLUCA,VALLE TOLUCA,,MIXTO,19.23,-99.65,30.8,16.5,0,9,2.5,31,No,Cobertura intermedia: verificar recorridos y tiempos de respuesta en el cuadrante.
SEC-958_-4972,376,XALATLACO,VALLE TOLUCA,,DESATENDIDO,19.17,-99.43,30.8,10.5,0,6,3.86,0,No,Violencia registrada sin despliegue a distancia útil: procede extender cobertura o reasignar cuadrante.
SEC-984_-4955,377,TULTITLAN,METROPOLITANA,LAS ALMENAS,SATURADO,19.69,-99.09,30.4,24.5,1,7,1.06,35,Sí,"Hay base y personal a menos de 1.5 km y aun así concentra violencia: revisar efectividad y horarios del patrullaje existente, no sumar inmuebles."
SEC-957_-4944,378,JUCHITEPEC,CHALCO,S/D,DESATENDIDO,19.15,-98.87,30.4,10.0,1,0,4.07,0,No,Violencia registrada sin despliegue a distancia útil: procede extender cobertura o reasignar cuadrante.
SEC-967_-4979,379,TOLUCA,VALLE TOLUCA,,MIXTO,19.35,-99.57,30.2,14.0,0,7,2.69,13,No,Cobertura intermedia: verificar recorridos y tiempos de respuesta en el cuadrante.
SEC-955_-4977,380,TENANGO DEL VALLE,IXTAPAN,SAN PEDRO TECHUCHULCO,SATURADO,19.11,-99.53,30.1,31.5,1,6,0.28,29,Sí,"Hay base y personal a menos de 1.5 km y aun así concentra violencia: revisar efectividad y horarios del patrullaje existente, no sumar inmuebles."
SEC-973_-4946,381,TEXCOCO,ORIENTE,,DESATENDIDO,19.47,-98.91,30.1,11.5,0,5,3.23,0,No,Violencia registrada sin despliegue a distancia útil: procede extender cobertura o reasignar cuadrante.
SEC-972_-4948,382,CHIMALHUACAN,ORIENTE,"BARRIO CARPINTEROS, PESCADORES",MIXTO,19.45,-98.95,30.0,41.0,2,12,1.57,215,No,Cobertura intermedia: verificar recorridos y tiempos de respuesta en el cuadrante.
SEC-955_-4983,383,TENANGO DEL VALLE,IXTAPAN,,MIXTO,19.11,-99.65,30.0,7.5,0,4,6.23,0,No,Cobertura intermedia: verificar recorridos y tiempos de respuesta en el cuadrante.
SEC-981_-4971,384,NICOLAS ROMERO,METROPOLITANA,,MIXTO,19.63,-99.41,30.0,7.5,0,2,8.21,0,No,Cobertura intermedia: verificar recorridos y tiempos de respuesta en el cuadrante.
SEC-980_-4995,385,IXTLAHUACA,ATLACOMULCO,,MIXTO,19.61,-99.89,30.0,7.5,0,4,13.13,0,Sí,Cobertura intermedia: verificar recorridos y tiempos de respuesta en el cuadrante.
SEC-985_-4961,386,TEPOTZOTLAN,METROPOLITANA,EJIDOS DE CAÑADAS,SATURADO,19.71,-99.21,29.8,22.0,1,1,1.23,29,No,"Hay base y personal a menos de 1.5 km y aun así concentra violencia: revisar efectividad y horarios del patrullaje existente, no sumar inmuebles."
SEC-1010_-4993,387,ACULCO,ATLACOMULCO,BAÑE,DESATENDIDO,20.21,-99.85,29.7,10.0,1,0,3.95,0,No,Violencia registrada sin despliegue a distancia útil: procede extender cobertura o reasignar cuadrante.
SEC-984_-4939,388,AXAPUSCO,ORIENTE,"SANTO DOMINGO AZTACAMECA, CUAUTLACINGO",MIXTO,19.69,-98.77,29.6,20.0,2,0,1.72,39,Sí,Cobertura intermedia: verificar recorridos y tiempos de respuesta en el cuadrante.
SEC-969_-4969,389,HUIXQUILUCAN,METROPOLITANA,,DESATENDIDO,19.39,-99.37,29.6,11.0,0,3,3.38,0,No,Violencia registrada sin despliegue a distancia útil: procede extender cobertura o reasignar cuadrante.
SEC-986_-4939,390,AXAPUSCO,ORIENTE,AXAPUSCO,DESATENDIDO,19.73,-98.77,29.3,10.0,1,0,3.87,0,No,Violencia registrada sin despliegue a distancia útil: procede extender cobertura o reasignar cuadrante.
SEC-969_-4952,391,NEZAHUALCOYOTL,ORIENTE,METROPOLITANA 2DA SECCION,SATURADO,19.39,-99.03,28.9,49.0,1,20,0.42,157,No,"Hay base y personal a menos de 1.5 km y aun así concentra violencia: revisar efectividad y horarios del patrullaje existente, no sumar inmuebles."
SEC-975_-4959,392,TLALNEPANTLA,METROPOLITANA,PRENSA NACIONAL,SATURADO,19.51,-99.17,28.8,30.0,1,12,0.59,52,No,"Hay base y personal a menos de 1.5 km y aun así concentra violencia: revisar efectividad y horarios del patrullaje existente, no sumar inmuebles."
SEC-984_-4950,393,TECAMAC,ECATEPEC,SAN FRANCISCO CUAUTLIQUIXCO,DESATENDIDO,19.69,-98.99,28.5,10.0,1,0,3.7,0,No,Violencia registrada sin despliegue a distancia útil: procede extender cobertura o reasignar cuadrante.
SEC-963_-4978,394,SAN MATEO ATENCO,VALLE TOLUCA,,MIXTO,19.27,-99.55,28.1,23.5,0,13,1.75,85,No,Cobertura intermedia: verificar recorridos y tiempos de respuesta en el cuadrante.
SEC-976_-4960,395,TLALNEPANTLA,METROPOLITANA,,SATURADO,19.53,-99.19,28.0,75.0,0,40,0.28,307,No,"Hay base y personal a menos de 1.5 km y aun así concentra violencia: revisar efectividad y horarios del patrullaje existente, no sumar inmuebles."
SEC-974_-4979,396,TEMOAYA,VALLE TOLUCA,,MIXTO,19.49,-99.57,28.0,7.0,0,4,10.9,0,No,Cobertura intermedia: verificar recorridos y tiempos de respuesta en el cuadrante.
SEC-969_-4986,397,TOLUCA,VALLE TOLUCA,,MIXTO,19.39,-99.71,28.0,7.0,0,4,9.58,0,No,Cobertura intermedia: verificar recorridos y tiempos de respuesta en el cuadrante.
SEC-965_-4983,398,TOLUCA,VALLE TOLUCA,,MIXTO,19.31,-99.65,27.8,72.0,0,28,1.75,578,No,Cobertura intermedia: verificar recorridos y tiempos de respuesta en el cuadrante.
SEC-983_-4961,399,CUAUTITLAN IZCALLI,METROPOLITANA,CUAUTITLÁN IZCALLI SECCIÓN PARQUES,SATURADO,19.67,-99.21,27.7,43.0,1,17,0.81,178,No,"Hay base y personal a menos de 1.5 km y aun así concentra violencia: revisar efectividad y horarios del patrullaje existente, no sumar inmuebles."
SEC-989_-4994,400,ATLACOMULCO,ATLACOMULCO,,MIXTO,19.79,-99.87,27.7,22.5,0,12,1.71,76,No,Cobertura intermedia: verificar recorridos y tiempos de respuesta en el cuadrante.
SEC-970_-4981,401,TEMOAYA,VALLE TOLUCA,"SAN ANTONIO DEL PUENTE, LLANO DE LA ""Y""",SATURADO,19.41,-99.61,27.7,21.5,2,1,1.23,38,No,"Hay base y personal a menos de 1.5 km y aun así concentra violencia: revisar efectividad y horarios del patrullaje existente, no sumar inmuebles."
SEC-979_-4948,402,TEZOYUCA,ORIENTE,,DESATENDIDO,19.59,-98.95,27.7,10.5,0,6,3.28,0,Sí,Violencia registrada sin despliegue a distancia útil: procede extender cobertura o reasignar cuadrante.
SEC-965_-4946,403,IXTAPALUCA,CHALCO,,SATURADO,19.31,-98.91,27.5,38.5,0,18,1.11,177,No,"Hay base y personal a menos de 1.5 km y aun así concentra violencia: revisar efectividad y horarios del patrullaje existente, no sumar inmuebles."
SEC-979_-4951,404,ECATEPEC,ECATEPEC,"LAS AMERICAS, LAS AMÉRICAS, JARDINES DE MORELOS",SATURADO,19.59,-99.01,27.4,99.5,4,29,1.12,698,No,"Hay base y personal a menos de 1.5 km y aun así concentra violencia: revisar efectividad y horarios del patrullaje existente, no sumar inmuebles."
SEC-967_-4967,405,HUIXQUILUCAN,METROPOLITANA,,MIXTO,19.35,-99.33,27.4,13.0,0,7,2.92,25,No,Cobertura intermedia: verificar recorridos y tiempos de respuesta en el cuadrante.
SEC-978_-4945,406,CHIAUTLA,ORIENTE,SANTIAGO CHIMALPA,MIXTO,19.57,-98.89,27.1,21.5,2,1,2.25,103,No,Cobertura intermedia: verificar recorridos y tiempos de respuesta en el cuadrante.
SEC-949_-4977,407,TENANCINGO,IXTAPAN,,MIXTO,18.99,-99.53,27.0,7.0,0,2,5.7,0,No,Cobertura intermedia: verificar recorridos y tiempos de respuesta en el cuadrante.
SEC-976_-4954,408,ECATEPEC,ECATEPEC,AMPLIACIÓN SAN PEDRO XALOSTOC,MIXTO,19.53,-99.07,26.8,34.0,1,13,1.79,210,No,Cobertura intermedia: verificar recorridos y tiempos de respuesta en el cuadrante.
SEC-985_-4954,409,NEXTLALPAN,ECATEPEC,,MIXTO,19.71,-99.07,26.8,24.5,0,10,2.19,137,No,Cobertura intermedia: verificar recorridos y tiempos de respuesta en el cuadrante.
SEC-947_-4984,410,VILLA GUERRERO,IXTAPAN,SAN MATEO COAPEXCO,DESATENDIDO,18.95,-99.67,26.8,10.0,1,0,3.35,0,No,Violencia registrada sin despliegue a distancia útil: procede extender cobertura o reasignar cuadrante.
SEC-991_-4954,411,ZUMPANGO,ECATEPEC,,MIXTO,19.83,-99.07,26.8,8.0,0,4,4.71,0,No,Cobertura intermedia: verificar recorridos y tiempos de respuesta en el cuadrante.
SEC-964_-4978,412,SAN MATEO ATENCO,VALLE TOLUCA,,SATURADO,19.29,-99.55,26.6,25.5,0,15,1.27,85,Sí,"Hay base y personal a menos de 1.5 km y aun así concentra violencia: revisar efectividad y horarios del patrullaje existente, no sumar inmuebles."
SEC-965_-4982,413,TOLUCA,VALLE TOLUCA,,SATURADO,19.31,-99.63,26.5,92.0,0,44,0.8,578,No,"Hay base y personal a menos de 1.5 km y aun así concentra violencia: revisar efectividad y horarios del patrullaje existente, no sumar inmuebles."
SEC-954_-4980,414,TENANGO DEL VALLE,IXTAPAN,EL COLOSO,SATURADO,19.09,-99.59,26.4,25.0,1,6,1.41,93,No,"Hay base y personal a menos de 1.5 km y aun así concentra violencia: revisar efectividad y horarios del patrullaje existente, no sumar inmuebles."
SEC-947_-4976,415,MALINALCO,IXTAPAN,"SAN MARTÍN DE LAS PORRAS, SAN MARTÍIN",MIXTO,18.95,-99.51,26.4,22.0,2,1,1.66,79,No,Cobertura intermedia: verificar recorridos y tiempos de respuesta en el cuadrante.
SEC-966_-4986,416,TOLUCA,VALLE TOLUCA,,MIXTO,19.33,-99.71,26.3,8.0,0,3,4.58,0,No,Cobertura intermedia: verificar recorridos y tiempos de respuesta en el cuadrante.
SEC-975_-4965,417,NAUCALPAN,METROPOLITANA,,MIXTO,19.51,-99.29,26.3,7.0,0,4,5.52,0,No,Cobertura intermedia: verificar recorridos y tiempos de respuesta en el cuadrante.
SEC-964_-4989,418,ALMOLOYA,VALLE TOLUCA,,MIXTO,19.29,-99.77,26.2,25.0,0,13,2.52,174,Sí,Cobertura intermedia: verificar recorridos y tiempos de respuesta en el cuadrante.
SEC-967_-4943,419,IXTAPALUCA,CHALCO,,MIXTO,19.35,-98.85,26.0,7.0,0,4,5.44,0,No,Cobertura intermedia: verificar recorridos y tiempos de respuesta en el cuadrante.
SEC-960_-4949,420,CHALCO,CHALCO,,MIXTO,19.21,-98.97,26.0,6.5,0,4,9.02,0,No,Cobertura intermedia: verificar recorridos y tiempos de respuesta en el cuadrante.
SEC-972_-4978,421,OTZOLOTEPEC,VALLE TOLUCA,,MIXTO,19.45,-99.55,26.0,6.5,0,3,8.16,0,No,Cobertura intermedia: verificar recorridos y tiempos de respuesta en el cuadrante.
SEC-983_-4938,422,OTUMBA,ORIENTE,TLALMIMILOLPA,DESATENDIDO,19.67,-98.75,25.8,10.0,1,0,3.16,0,No,Violencia registrada sin despliegue a distancia útil: procede extender cobertura o reasignar cuadrante.
SEC-972_-4947,423,CHIMALHUACAN,ORIENTE,,MIXTO,19.45,-98.93,25.6,14.5,0,7,2.8,54,No,Cobertura intermedia: verificar recorridos y tiempos de respuesta en el cuadrante.
SEC-963_-4982,424,TOLUCA,VALLE TOLUCA,,SATURADO,19.27,-99.63,25.5,66.5,0,34,1.45,526,Sí,"Hay base y personal a menos de 1.5 km y aun así concentra violencia: revisar efectividad y horarios del patrullaje existente, no sumar inmuebles."
SEC-961_-4981,425,METEPEC,VALLE TOLUCA,,DESATENDIDO,19.23,-99.61,25.5,10.0,0,6,3.1,0,No,Violencia registrada sin despliegue a distancia útil: procede extender cobertura o reasignar cuadrante.
SEC-979_-4949,426,ATENCO,ORIENTE,EL SALADO,MIXTO,19.59,-98.97,25.1,19.0,1,5,1.47,47,Sí,Cobertura intermedia: verificar recorridos y tiempos de respuesta en el cuadrante.
SEC-992_-4964,427,HUEHUETOCA,ECATEPEC,,MIXTO,19.85,-99.27,24.7,8.5,0,4,3.82,0,No,Cobertura intermedia: verificar recorridos y tiempos de respuesta en el cuadrante.
SEC-968_-4951,428,NEZAHUALCOYOTL,ORIENTE,LAS AGUILAS,MIXTO,19.37,-99.01,24.6,19.0,1,3,1.87,74,No,Cobertura intermedia: verificar recorridos y tiempos de respuesta en el cuadrante.
SEC-981_-4956,429,COACALCO,ECATEPEC,,SATURADO,19.63,-99.11,24.2,23.0,0,11,0.65,39,No,"Hay base y personal a menos de 1.5 km y aun así concentra violencia: revisar efectividad y horarios del patrullaje existente, no sumar inmuebles."
SEC-963_-4983,430,TOLUCA,VALLE TOLUCA,,SATURADO,19.27,-99.65,24.0,80.0,0,45,1.07,620,Sí,"Hay base y personal a menos de 1.5 km y aun así concentra violencia: revisar efectividad y horarios del patrullaje existente, no sumar inmuebles."
SEC-980_-4955,431,COACALCO,ECATEPEC,,MIXTO,19.61,-99.09,24.0,13.5,0,7,2.48,39,No,Cobertura intermedia: verificar recorridos y tiempos de respuesta en el cuadrante.
SEC-970_-4977,432,XONACATLAN,VALLE TOLUCA,,MIXTO,19.41,-99.53,24.0,6.0,0,3,6.13,0,No,Cobertura intermedia: verificar recorridos y tiempos de respuesta en el cuadrante.
SEC-967_-4934,433,IXTAPALUCA,CHALCO,,MIXTO,19.35,-98.67,24.0,6.0,0,3,19.07,0,No,Cobertura intermedia: verificar recorridos y tiempos de respuesta en el cuadrante.
SEC-967_-4986,434,TOLUCA,VALLE TOLUCA,,MIXTO,19.35,-99.71,24.0,6.0,0,4,6.56,0,No,Cobertura intermedia: verificar recorridos y tiempos de respuesta en el cuadrante.
SEC-970_-4993,435,ALMOLOYA,VALLE TOLUCA,,MIXTO,19.41,-99.85,24.0,6.0,0,2,7.45,0,No,Cobertura intermedia: verificar recorridos y tiempos de respuesta en el cuadrante.
SEC-952_-5003,436,TEMASCALTEPEC,VALLE DE BRAVO,,MIXTO,19.05,-100.05,24.0,6.0,0,3,13.67,0,No,Cobertura intermedia: verificar recorridos y tiempos de respuesta en el cuadrante.
SEC-959_-5013,437,SANTO TOMAS,VALLE DE BRAVO,,MIXTO,19.19,-100.25,24.0,6.0,0,2,9.2,0,No,Cobertura intermedia: verificar recorridos y tiempos de respuesta en el cuadrante.
SEC-991_-4963,438,HUEHUETOCA,ECATEPEC,,MIXTO,19.83,-99.25,23.9,19.0,0,12,1.51,59,No,Cobertura intermedia: verificar recorridos y tiempos de respuesta en el cuadrante.
SEC-990_-4955,439,ZUMPANGO,ECATEPEC,,MIXTO,19.81,-99.09,23.7,15.0,0,8,2.24,51,No,Cobertura intermedia: verificar recorridos y tiempos de respuesta en el cuadrante.
SEC-959_-4978,440,CALIMAYA,IXTAPAN,,MIXTO,19.19,-99.55,23.7,11.5,0,5,2.53,15,Sí,Cobertura intermedia: verificar recorridos y tiempos de respuesta en el cuadrante.
SEC-970_-4950,441,CHIMALHUACAN,ORIENTE,,MIXTO,19.41,-98.99,23.5,24.0,0,14,2.24,175,Sí,Cobertura intermedia: verificar recorridos y tiempos de respuesta en el cuadrante.
SEC-974_-4962,442,NAUCALPAN,METROPOLITANA,LA FLORIDA,SATURADO,19.49,-99.23,23.4,28.0,1,8,1.38,154,No,"Hay base y personal a menos de 1.5 km y aun así concentra violencia: revisar efectividad y horarios del patrullaje existente, no sumar inmuebles."
SEC-972_-4946,443,TEXCOCO,ORIENTE,,SATURADO,19.45,-98.91,23.4,20.5,0,10,1.1,54,No,"Hay base y personal a menos de 1.5 km y aun así concentra violencia: revisar efectividad y horarios del patrullaje existente, no sumar inmuebles."
SEC-984_-4952,444,TECAMAC,ECATEPEC,SAN PEDRO ATZOMPA,MIXTO,19.69,-99.03,23.4,17.5,1,3,2.49,102,No,Cobertura intermedia: verificar recorridos y tiempos de respuesta en el cuadrante.
SEC-981_-4965,445,NICOLAS ROMERO,METROPOLITANA,PROGRESO INDUSTRIAL,SATURADO,19.63,-99.29,22.7,30.0,1,11,0.24,72,No,"Hay base y personal a menos de 1.5 km y aun así concentra violencia: revisar efectividad y horarios del patrullaje existente, no sumar inmuebles."
SEC-983_-4951,446,TECAMAC,ECATEPEC,AMPLIACIÓN LOMA BONITA,MIXTO,19.67,-99.01,22.7,23.5,1,8,1.62,131,No,Cobertura intermedia: verificar recorridos y tiempos de respuesta en el cuadrante.
SEC-960_-4974,447,CAPULHUAC,VALLE TOLUCA,,MIXTO,19.21,-99.47,22.6,7.0,0,4,4.46,0,No,Cobertura intermedia: verificar recorridos y tiempos de respuesta en el cuadrante.
SEC-964_-4982,448,TOLUCA,VALLE TOLUCA,,SATURADO,19.29,-99.63,22.5,89.0,0,46,0.78,675,No,"Hay base y personal a menos de 1.5 km y aun así concentra violencia: revisar efectividad y horarios del patrullaje existente, no sumar inmuebles."
SEC-968_-4948,449,LA PAZ,ORIENTE,TLAZALA,MIXTO,19.37,-98.95,22.5,53.0,1,19,2.19,591,No,Cobertura intermedia: verificar recorridos y tiempos de respuesta en el cuadrante.
SEC-983_-4991,450,IXTLAHUACA,ATLACOMULCO,,MIXTO,19.67,-99.81,22.5,7.5,0,4,4.0,0,Sí,Cobertura intermedia: verificar recorridos y tiempos de respuesta en el cuadrante.
SEC-980_-4961,451,CUAUTITLAN IZCALLI,METROPOLITANA,"PLAN DE GUADALUPE 2, AMPLIACIÓN EJIDAL SAN ISIDRO",SATURADO,19.61,-99.21,22.4,25.0,2,3,0.86,90,Sí,"Hay base y personal a menos de 1.5 km y aun así concentra violencia: revisar efectividad y horarios del patrullaje existente, no sumar inmuebles."
SEC-965_-4943,452,IXTAPALUCA,CHALCO,SAN BUENAVENTURA,MIXTO,19.31,-98.85,22.4,18.0,1,4,2.38,114,No,Cobertura intermedia: verificar recorridos y tiempos de respuesta en el cuadrante.
SEC-964_-4949,453,VALLE DE CHALCO,CHALCO,SAN MIGUEL LAS TABLAS,MIXTO,19.29,-98.97,22.3,15.0,1,3,2.01,52,No,Cobertura intermedia: verificar recorridos y tiempos de respuesta en el cuadrante.
SEC-965_-4944,454,IXTAPALUCA,CHALCO,UNIDAD HABITACIONAL CAPILLA,SATURADO,19.31,-98.87,22.2,37.0,1,13,0.52,165,No,"Hay base y personal a menos de 1.5 km y aun así concentra violencia: revisar efectividad y horarios del patrullaje existente, no sumar inmuebles."
SEC-977_-4961,455,TLALNEPANTLA,METROPOLITANA,SAN ANDRÉS ATENCO,SATURADO,19.55,-99.21,22.1,34.5,1,12,1.39,246,Sí,"Hay base y personal a menos de 1.5 km y aun así concentra violencia: revisar efectividad y horarios del patrullaje existente, no sumar inmuebles."
SEC-988_-4956,456,ZUMPANGO,ECATEPEC,,MIXTO,19.77,-99.11,22.0,6.5,0,3,4.77,0,No,Cobertura intermedia: verificar recorridos y tiempos de respuesta en el cuadrante.
SEC-981_-4960,457,CUAUTITLAN IZCALLI,METROPOLITANA,,MIXTO,19.63,-99.19,21.9,19.5,0,10,1.59,90,No,Cobertura intermedia: verificar recorridos y tiempos de respuesta en el cuadrante.
SEC-985_-4943,458,SAN MARTIN DE LAS PIRAMIDES,ORIENTE,SAN ANTONIO DE LAS PALMAS,MIXTO,19.71,-98.85,21.8,16.5,1,4,1.68,59,Sí,Cobertura intermedia: verificar recorridos y tiempos de respuesta en el cuadrante.
SEC-964_-4983,459,TOLUCA,VALLE TOLUCA,,SATURADO,19.29,-99.65,21.5,74.5,0,36,1.13,661,No,"Hay base y personal a menos de 1.5 km y aun así concentra violencia: revisar efectividad y horarios del patrullaje existente, no sumar inmuebles."
SEC-971_-4950,460,CHIMALHUACAN,ORIENTE,,SATURADO,19.43,-98.99,21.5,24.5,0,12,1.05,111,No,"Hay base y personal a menos de 1.5 km y aun así concentra violencia: revisar efectividad y horarios del patrullaje existente, no sumar inmuebles."
SEC-975_-4944,461,TEXCOCO,ORIENTE,SAN JUANITO,MIXTO,19.51,-98.87,21.3,24.0,1,7,2.05,192,No,Cobertura intermedia: verificar recorridos y tiempos de respuesta en el cuadrante.
SEC-972_-4949,462,CHIMALHUACAN,ORIENTE,,SATURADO,19.45,-98.97,21.2,35.0,0,17,0.94,215,No,"Hay base y personal a menos de 1.5 km y aun así concentra violencia: revisar efectividad y horarios del patrullaje existente, no sumar inmuebles."
SEC-975_-4946,463,TEXCOCO,ORIENTE,,MIXTO,19.51,-98.91,21.2,19.5,0,9,2.96,192,No,Cobertura intermedia: verificar recorridos y tiempos de respuesta en el cuadrante.
SEC-985_-4956,464,MELCHOR OCAMPO,ECATEPEC,,MIXTO,19.71,-99.11,21.1,7.5,0,5,3.64,0,No,Cobertura intermedia: verificar recorridos y tiempos de respuesta en el cuadrante.
SEC-979_-4950,465,ACOLMAN,ECATEPEC,"JARDINES DE MORELOS, LOS ÁNGELES, TEPEXPAN",SATURADO,19.59,-98.99,21.0,64.0,4,11,0.96,526,Sí,"Hay base y personal a menos de 1.5 km y aun así concentra violencia: revisar efectividad y horarios del patrullaje existente, no sumar inmuebles."
SEC-970_-4966,466,HUIXQUILUCAN,METROPOLITANA,,MIXTO,19.41,-99.31,21.0,8.0,0,2,3.25,0,No,Cobertura intermedia: verificar recorridos y tiempos de respuesta en el cuadrante.
SEC-969_-4978,467,XONACATLAN,VALLE TOLUCA,,MIXTO,19.39,-99.55,20.9,8.0,0,2,3.23,0,Sí,Cobertura intermedia: verificar recorridos y tiempos de respuesta en el cuadrante.
SEC-965_-4945,468,IXTAPALUCA,CHALCO,,SATURADO,19.31,-98.89,20.5,31.5,0,12,1.01,196,No,"Hay base y personal a menos de 1.5 km y aun así concentra violencia: revisar efectividad y horarios del patrullaje existente, no sumar inmuebles."
SEC-968_-4978,469,TOLUCA,VALLE TOLUCA,,MIXTO,19.37,-99.55,20.5,9.5,0,4,2.7,13,Sí,Cobertura intermedia: verificar recorridos y tiempos de respuesta en el cuadrante.
SEC-989_-4995,470,ATLACOMULCO,ATLACOMULCO,SANTA CRUZ BOMBATEVI,MIXTO,19.79,-99.89,20.4,13.5,1,2,2.56,76,No,Cobertura intermedia: verificar recorridos y tiempos de respuesta en el cuadrante.
SEC-947_-4979,471,TENANCINGO,IXTAPAN,,MIXTO,18.95,-99.57,20.4,8.0,0,3,3.11,0,No,Cobertura intermedia: verificar recorridos y tiempos de respuesta en el cuadrante.
SEC-958_-4978,472,SAN ANTONIO LA ISLA,VALLE TOLUCA,,MIXTO,19.17,-99.55,20.4,6.5,0,4,4.28,0,No,Cobertura intermedia: verificar recorridos y tiempos de respuesta en el cuadrante.
SEC-976_-4963,473,ATIZAPAN,METROPOLITANA,,MIXTO,19.53,-99.25,20.1,14.5,0,8,2.42,89,No,Cobertura intermedia: verificar recorridos y tiempos de respuesta en el cuadrante.
SEC-984_-4944,474,TEOTIHUACAN,ORIENTE,CENTRO,MIXTO,19.69,-98.87,19.8,17.5,1,3,0.99,48,No,Cobertura intermedia: verificar recorridos y tiempos de respuesta en el cuadrante.
SEC-959_-4975,475,TIANGUISTENCO,VALLE TOLUCA,,MIXTO,19.19,-99.49,19.8,7.5,0,4,3.29,0,No,Cobertura intermedia: verificar recorridos y tiempos de respuesta en el cuadrante.
SEC-949_-4979,476,TENANCINGO,IXTAPAN,,MIXTO,18.99,-99.57,19.7,11.0,0,5,2.37,33,No,Cobertura intermedia: verificar recorridos y tiempos de respuesta en el cuadrante.
SEC-960_-4978,477,CHAPULTEPEC,VALLE TOLUCA,,MIXTO,19.21,-99.55,19.5,10.5,0,6,2.09,15,No,Cobertura intermedia: verificar recorridos y tiempos de respuesta en el cuadrante.
SEC-998_-4959,478,APAXCO,ECATEPEC,LOMA BONITA,MIXTO,19.97,-99.17,19.4,13.0,1,1,1.59,30,No,Cobertura intermedia: verificar recorridos y tiempos de respuesta en el cuadrante.
SEC-985_-4955,479,NEXTLALPAN,ECATEPEC,PRADOS DE SAN FRANCISCO,MIXTO,19.71,-99.09,19.4,11.5,1,1,2.15,35,Sí,Cobertura intermedia: verificar recorridos y tiempos de respuesta en el cuadrante.
SEC-985_-4938,480,OTUMBA,ORIENTE,EL RANCHITO,MIXTO,19.71,-98.75,19.3,14.0,1,1,1.48,39,Sí,Cobertura intermedia: verificar recorridos y tiempos de respuesta en el cuadrante.
SEC-966_-4987,481,ZINACANTEPEC,VALLE TOLUCA,,MIXTO,19.33,-99.73,19.1,6.5,0,3,3.87,0,Sí,Cobertura intermedia: verificar recorridos y tiempos de respuesta en el cuadrante.
SEC-971_-4981,482,TEMOAYA,VALLE TOLUCA,,MIXTO,19.43,-99.61,19.0,7.5,0,3,3.07,0,No,Cobertura intermedia: verificar recorridos y tiempos de respuesta en el cuadrante.
SEC-960_-5007,483,VALLE DE BRAVO,VALLE DE BRAVO,BARRIO DE GUADALUPE,MIXTO,19.21,-100.13,18.9,13.5,1,2,1.52,38,No,Cobertura intermedia: verificar recorridos y tiempos de respuesta en el cuadrante.
SEC-990_-4959,484,ZUMPANGO,ECATEPEC,LOMA GRANDE,MIXTO,19.81,-99.17,18.9,10.0,1,0,2.48,28,No,Cobertura intermedia: verificar recorridos y tiempos de respuesta en el cuadrante.
SEC-979_-4952,485,ECATEPEC,ECATEPEC,"LA RENDA, JARDINES DE MORELOS, SAN MARTÍN DE LAS PORRAS",SATURADO,19.59,-99.03,18.7,78.5,5,11,0.65,683,Sí,"Hay base y personal a menos de 1.5 km y aun así concentra violencia: revisar efectividad y horarios del patrullaje existente, no sumar inmuebles."
SEC-984_-4943,486,SAN MARTIN DE LAS PIRAMIDES,ORIENTE,OTRO TEOTIHUACÁN,MIXTO,19.69,-98.85,18.7,12.0,1,1,2.34,59,Sí,Cobertura intermedia: verificar recorridos y tiempos de respuesta en el cuadrante.
SEC-989_-4956,487,ZUMPANGO,ECATEPEC,,MIXTO,19.79,-99.11,18.7,11.0,0,4,2.55,51,No,Cobertura intermedia: verificar recorridos y tiempos de respuesta en el cuadrante.
SEC-971_-4946,488,CHICOLOAPAN,ORIENTE,,SATURADO,19.43,-98.91,18.6,21.0,0,12,1.37,135,Sí,"Hay base y personal a menos de 1.5 km y aun así concentra violencia: revisar efectividad y horarios del patrullaje existente, no sumar inmuebles."
SEC-977_-4946,489,ATENCO,ORIENTE,,MIXTO,19.55,-98.91,18.5,13.5,0,8,1.42,37,Sí,Cobertura intermedia: verificar recorridos y tiempos de respuesta en el cuadrante.
SEC-973_-4961,490,NAUCALPAN,METROPOLITANA,AHUIZOTLA,MIXTO,19.47,-99.21,18.4,18.0,1,4,1.08,76,No,Cobertura intermedia: verificar recorridos y tiempos de respuesta en el cuadrante.
SEC-998_-4994,491,ACAMBAY,ATLACOMULCO,ESDOCA,MIXTO,19.97,-99.87,18.4,10.0,1,0,2.66,40,No,Cobertura intermedia: verificar recorridos y tiempos de respuesta en el cuadrante.
SEC-979_-4961,492,ATIZAPAN,METROPOLITANA,,MIXTO,19.59,-99.21,18.3,15.5,0,4,1.41,66,No,Cobertura intermedia: verificar recorridos y tiempos de respuesta en el cuadrante.
SEC-957_-4939,493,AMECAMECA,CHALCO,SANTA ISABEL CHALMA,MIXTO,19.15,-98.77,18.2,10.0,1,0,2.99,56,No,Cobertura intermedia: verificar recorridos y tiempos de respuesta en el cuadrante.
SEC-948_-4980,494,TENANCINGO,IXTAPAN,"BARRIO DE TEOTLA, LA CAMPANA",SATURADO,18.97,-99.59,18.1,44.0,2,13,0.69,340,No,"Hay base y personal a menos de 1.5 km y aun así concentra violencia: revisar efectividad y horarios del patrullaje existente, no sumar inmuebles."
SEC-966_-4984,495,TOLUCA,VALLE TOLUCA,,MIXTO,19.33,-99.67,18.1,6.0,0,3,4.05,0,No,Cobertura intermedia: verificar recorridos y tiempos de respuesta en el cuadrante.
SEC-991_-4960,496,HUEHUETOCA,ECATEPEC,SAN BARTOLO,MIXTO,19.83,-99.19,17.8,14.5,1,2,0.91,28,No,Cobertura intermedia: verificar recorridos y tiempos de respuesta en el cuadrante.
SEC-971_-4944,497,CHICOLOAPAN,ORIENTE,,MIXTO,19.43,-98.87,17.6,6.0,0,3,3.87,0,No,Cobertura intermedia: verificar recorridos y tiempos de respuesta en el cuadrante.
SEC-977_-4953,498,ECATEPEC,ECATEPEC,JARDINES DE CASA NUEVA,SATURADO,19.55,-99.05,17.5,30.0,1,11,0.18,130,No,"Hay base y personal a menos de 1.5 km y aun así concentra violencia: revisar efectividad y horarios del patrullaje existente, no sumar inmuebles."
SEC-980_-4957,499,TULTITLAN,METROPOLITANA,,MIXTO,19.61,-99.13,17.4,6.5,0,3,3.34,0,No,Cobertura intermedia: verificar recorridos y tiempos de respuesta en el cuadrante.
SEC-980_-4962,500,ATIZAPAN,METROPOLITANA,,MIXTO,19.61,-99.23,16.8,13.0,0,7,2.12,89,Sí,Cobertura intermedia: verificar recorridos y tiempos de respuesta en el cuadrante.
SEC-962_-4943,501,CHALCO,CHALCO,,MIXTO,19.25,-98.85,16.7,30.0,0,13,2.9,512,No,Cobertura intermedia: verificar recorridos y tiempos de respuesta en el cuadrante.
SEC-987_-4948,502,TECAMAC,ECATEPEC,SANTA MARIA AJOLOAPAN,MIXTO,19.75,-98.95,16.7,10.0,1,0,2.58,56,No,Cobertura intermedia: verificar recorridos y tiempos de respuesta en el cuadrante.
SEC-993_-4962,503,HUEHUETOCA,ECATEPEC,,MIXTO,19.87,-99.23,16.7,6.5,0,4,3.14,0,No,Cobertura intermedia: verificar recorridos y tiempos de respuesta en el cuadrante.
SEC-969_-4979,504,TOLUCA,VALLE TOLUCA,GUADALUPE VICTORIA,MIXTO,19.39,-99.57,16.6,13.0,1,2,1.4,50,Sí,Cobertura intermedia: verificar recorridos y tiempos de respuesta en el cuadrante.
SEC-980_-4945,505,ACOLMAN,ECATEPEC,,MIXTO,19.61,-98.89,16.6,6.0,0,3,3.54,0,Sí,Cobertura intermedia: verificar recorridos y tiempos de respuesta en el cuadrante.
SEC-976_-4944,506,TEXCOCO,ORIENTE,,MIXTO,19.53,-98.87,16.4,23.5,0,13,1.79,258,No,Cobertura intermedia: verificar recorridos y tiempos de respuesta en el cuadrante.
SEC-970_-4963,507,HUIXQUILUCAN,METROPOLITANA,,MIXTO,19.41,-99.25,16.3,10.0,0,6,1.78,24,Sí,Cobertura intermedia: verificar recorridos y tiempos de respuesta en el cuadrante.
SEC-980_-4960,508,CUAUTITLAN IZCALLI,METROPOLITANA,,MIXTO,19.61,-99.19,16.1,16.0,0,8,1.3,96,Sí,Cobertura intermedia: verificar recorridos y tiempos de respuesta en el cuadrante.
SEC-979_-4946,509,TEZOYUCA,ORIENTE,,MIXTO,19.59,-98.91,16.1,13.5,0,5,1.01,39,No,Cobertura intermedia: verificar recorridos y tiempos de respuesta en el cuadrante.
SEC-965_-4949,510,VALLE DE CHALCO,CHALCO,LA PUNTA,MIXTO,19.31,-98.97,16.1,10.0,1,0,2.34,52,No,Cobertura intermedia: verificar recorridos y tiempos de respuesta en el cuadrante.
SEC-963_-4943,511,CHALCO,CHALCO,"LO HÉROES CHALCO, LOS HÉROES",MIXTO,19.27,-98.85,16.0,35.0,2,8,2.04,512,No,Cobertura intermedia: verificar recorridos y tiempos de respuesta en el cuadrante.
SEC-975_-4962,512,NAUCALPAN,METROPOLITANA,,SATURADO,19.51,-99.23,15.8,23.5,0,13,0.67,149,Sí,"Hay base y personal a menos de 1.5 km y aun así concentra violencia: revisar efectividad y horarios del patrullaje existente, no sumar inmuebles."
SEC-970_-4979,513,OTZOLOTEPEC,VALLE TOLUCA,,MIXTO,19.41,-99.57,15.7,6.0,0,2,3.25,0,Sí,Cobertura intermedia: verificar recorridos y tiempos de respuesta en el cuadrante.
SEC-980_-4952,514,ECATEPEC,ECATEPEC,,SATURADO,19.61,-99.03,15.6,20.5,0,11,1.36,181,Sí,"Hay base y personal a menos de 1.5 km y aun así concentra violencia: revisar efectividad y horarios del patrullaje existente, no sumar inmuebles."
SEC-960_-4980,515,MEXICALTZINGO,VALLE TOLUCA,,MIXTO,19.21,-99.59,15.5,18.0,0,8,0.15,37,No,Cobertura intermedia: verificar recorridos y tiempos de respuesta en el cuadrante.
SEC-964_-4977,516,SAN MATEO ATENCO,VALLE TOLUCA,,MIXTO,19.29,-99.53,15.5,14.5,0,7,1.35,85,Sí,Cobertura intermedia: verificar recorridos y tiempos de respuesta en el cuadrante.
SEC-988_-4949,517,TECAMAC,ECATEPEC,,MIXTO,19.77,-98.97,15.5,12.5,0,7,1.4,56,No,Cobertura intermedia: verificar recorridos y tiempos de respuesta en el cuadrante.
SEC-989_-5007,518,EL ORO,VALLE DE BRAVO,,MIXTO,19.79,-100.13,15.5,11.0,0,5,1.23,22,No,Cobertura intermedia: verificar recorridos y tiempos de respuesta en el cuadrante.
SEC-971_-4962,519,NAUCALPAN,METROPOLITANA,,MIXTO,19.43,-99.23,15.4,10.0,0,4,1.58,24,No,Cobertura intermedia: verificar recorridos y tiempos de respuesta en el cuadrante.
SEC-978_-4961,520,TLALNEPANTLA,METROPOLITANA,,MIXTO,19.57,-99.21,15.2,11.5,0,6,1.57,53,Sí,Cobertura intermedia: verificar recorridos y tiempos de respuesta en el cuadrante.
SEC-971_-4982,521,TEMOAYA,VALLE TOLUCA,,MIXTO,19.43,-99.63,15.2,6.0,0,2,3.07,0,No,Cobertura intermedia: verificar recorridos y tiempos de respuesta en el cuadrante.
SEC-965_-4987,522,ZINACANTEPEC,VALLE TOLUCA,,MIXTO,19.31,-99.73,14.9,10.5,0,4,1.68,44,Sí,Cobertura intermedia: verificar recorridos y tiempos de respuesta en el cuadrante.
SEC-977_-4971,523,ISIDRO FABELA,METROPOLITANA,TLAZALA DE FABELA,MIXTO,19.55,-99.41,14.8,11.5,1,1,1.08,30,No,Cobertura intermedia: verificar recorridos y tiempos de respuesta en el cuadrante.
SEC-966_-4983,524,TOLUCA,VALLE TOLUCA,,MIXTO,19.33,-99.65,14.7,10.0,0,5,2.27,68,No,Cobertura intermedia: verificar recorridos y tiempos de respuesta en el cuadrante.
SEC-964_-4946,525,CHALCO,CHALCO,,SATURADO,19.29,-98.91,14.5,35.5,0,19,0.09,233,Sí,"Hay base y personal a menos de 1.5 km y aun así concentra violencia: revisar efectividad y horarios del patrullaje existente, no sumar inmuebles."
SEC-964_-4944,526,CHALCO,CHALCO,SAN MARCOS HUIXTOCO,SATURADO,19.29,-98.87,14.5,28.5,1,7,1.19,320,No,"Hay base y personal a menos de 1.5 km y aun así concentra violencia: revisar efectividad y horarios del patrullaje existente, no sumar inmuebles."
SEC-964_-4942,527,IXTAPALUCA,CHALCO,,MIXTO,19.29,-98.83,14.4,25.5,0,13,2.27,416,No,Cobertura intermedia: verificar recorridos y tiempos de respuesta en el cuadrante.
SEC-978_-4962,528,ATIZAPAN,METROPOLITANA,ALFREDO V. BONFIL,MIXTO,19.57,-99.23,14.4,13.0,1,2,1.67,98,No,Cobertura intermedia: verificar recorridos y tiempos de respuesta en el cuadrante.
SEC-994_-4987,529,TIMILPAN,ATLACOMULCO,SAN NICOLAS,MIXTO,19.89,-99.73,14.2,10.0,1,0,1.4,30,No,Cobertura intermedia: verificar recorridos y tiempos de respuesta en el cuadrante.
SEC-964_-4986,530,ZINACANTEPEC,VALLE TOLUCA,,MIXTO,19.29,-99.71,14.1,8.0,0,4,2.55,44,No,Cobertura intermedia: verificar recorridos y tiempos de respuesta en el cuadrante.
SEC-990_-4960,531,IXTAPALUCA,CHALCO,JORGE JIMENEZ CANTU,MIXTO,19.81,-99.19,14.0,10.0,1,0,1.31,28,No,Cobertura intermedia: verificar recorridos y tiempos de respuesta en el cuadrante.
SEC-997_-5000,532,TEMASCALCINGO,ATLACOMULCO,,MIXTO,19.95,-99.99,13.8,7.0,0,3,2.8,32,No,Cobertura intermedia: verificar recorridos y tiempos de respuesta en el cuadrante.
SEC-983_-4944,533,TEOTIHUACAN,ORIENTE,,MIXTO,19.67,-98.87,13.7,7.5,0,4,2.82,48,No,Cobertura intermedia: verificar recorridos y tiempos de respuesta en el cuadrante.
SEC-985_-4942,534,SAN MARTIN DE LAS PIRAMIDES,ORIENTE,CENTRO,MIXTO,19.71,-98.83,13.6,14.0,1,2,0.72,59,No,Cobertura intermedia: verificar recorridos y tiempos de respuesta en el cuadrante.
SEC-983_-4959,535,CUAUTITLAN,METROPOLITANA,,MIXTO,19.67,-99.17,13.5,10.5,0,6,2.65,122,No,Cobertura intermedia: verificar recorridos y tiempos de respuesta en el cuadrante.
SEC-992_-4963,536,HUEHUETOCA,ECATEPEC,,MIXTO,19.85,-99.25,13.3,7.5,0,5,1.84,13,No,Cobertura intermedia: verificar recorridos y tiempos de respuesta en el cuadrante.
SEC-957_-4979,537,SAN ANTONIO LA ISLA,VALLE TOLUCA,,MIXTO,19.15,-99.57,13.2,10.0,0,5,1.53,51,No,Cobertura intermedia: verificar recorridos y tiempos de respuesta en el cuadrante.
SEC-983_-4945,538,TEOTIHUACAN,ORIENTE,,MIXTO,19.67,-98.89,13.1,7.0,0,3,2.94,48,No,Cobertura intermedia: verificar recorridos y tiempos de respuesta en el cuadrante.
SEC-966_-4947,539,IXTAPALUCA,CHALCO,"COLONIA 06 DE JUNIO, REY ITZCÓATL",MIXTO,19.33,-98.93,13.0,37.5,2,7,1.53,616,No,Cobertura intermedia: verificar recorridos y tiempos de respuesta en el cuadrante.
SEC-975_-4960,540,TLALNEPANTLA,METROPOLITANA,,SATURADO,19.51,-99.19,12.9,24.5,0,12,1.44,339,No,"Hay base y personal a menos de 1.5 km y aun así concentra violencia: revisar efectividad y horarios del patrullaje existente, no sumar inmuebles."
SEC-985_-4998,541,SAN FELIPE DEL PROGRESO,VALLE DE BRAVO,,MIXTO,19.71,-99.95,12.9,11.5,0,5,0.87,41,No,Cobertura intermedia: verificar recorridos y tiempos de respuesta en el cuadrante.
SEC-984_-4942,542,TEOTIHUACAN,ORIENTE,,MIXTO,19.69,-98.83,12.9,9.5,0,4,1.77,59,No,Cobertura intermedia: verificar recorridos y tiempos de respuesta en el cuadrante.
SEC-966_-4948,543,VALLE DE CHALCO,CHALCO,SAN JUAN TLALPIZAHUAC,SATURADO,19.33,-98.95,12.8,36.0,1,12,1.36,562,Sí,"Hay base y personal a menos de 1.5 km y aun así concentra violencia: revisar efectividad y horarios del patrullaje existente, no sumar inmuebles."
SEC-968_-4968,544,HUIXQUILUCAN,METROPOLITANA,,MIXTO,19.37,-99.35,12.6,10.5,0,4,0.8,25,No,Cobertura intermedia: verificar recorridos y tiempos de respuesta en el cuadrante.
SEC-978_-4989,545,IXTLAHUACA,ATLACOMULCO,,MIXTO,19.57,-99.77,12.4,12.0,0,6,1.13,77,No,Cobertura intermedia: verificar recorridos y tiempos de respuesta en el cuadrante.
SEC-974_-4954,546,NEZAHUALCOYOTL,ORIENTE,,MIXTO,19.49,-99.07,12.3,8.5,0,5,2.36,75,No,Cobertura intermedia: verificar recorridos y tiempos de respuesta en el cuadrante.
SEC-956_-4976,547,TEXCALYACAC,IXTAPAN,,MIXTO,19.13,-99.51,12.3,6.0,0,2,2.89,29,No,Cobertura intermedia: verificar recorridos y tiempos de respuesta en el cuadrante.
SEC-982_-5006,548,SAN JOSE DEL RINCON,VALLE DE BRAVO,,MIXTO,19.65,-100.11,12.1,7.5,0,2,1.74,24,No,Cobertura intermedia: verificar recorridos y tiempos de respuesta en el cuadrante.
SEC-976_-4961,549,TLALNEPANTLA,METROPOLITANA,,SATURADO,19.53,-99.21,11.9,25.5,0,10,1.26,376,No,"Hay base y personal a menos de 1.5 km y aun así concentra violencia: revisar efectividad y horarios del patrullaje existente, no sumar inmuebles."
SEC-955_-4979,550,TENANGO DEL VALLE,IXTAPAN,LA CAMPESINA,MIXTO,19.11,-99.57,11.7,12.0,1,1,1.52,120,No,Cobertura intermedia: verificar recorridos y tiempos de respuesta en el cuadrante.
SEC-968_-4979,551,TOLUCA,VALLE TOLUCA,,MIXTO,19.37,-99.57,11.6,11.5,0,5,0.7,50,No,Cobertura intermedia: verificar recorridos y tiempos de respuesta en el cuadrante.
SEC-982_-4960,552,CUAUTITLAN IZCALLI,METROPOLITANA,PARQUE INDUSTRIAL LA JOYA,MIXTO,19.65,-99.19,11.5,15.5,1,3,1.05,160,Sí,Cobertura intermedia: verificar recorridos y tiempos de respuesta en el cuadrante.
SEC-980_-4963,553,ATIZAPAN,METROPOLITANA,,MIXTO,19.61,-99.25,11.5,12.0,0,7,0.38,37,Sí,Cobertura intermedia: verificar recorridos y tiempos de respuesta en el cuadrante.
SEC-969_-4953,554,NEZAHUALCOYOTL,ORIENTE,BENITO JUAREZ,MIXTO,19.39,-99.05,11.4,17.0,1,3,0.75,157,No,Cobertura intermedia: verificar recorridos y tiempos de respuesta en el cuadrante.
SEC-990_-4956,555,ZUMPANGO,ECATEPEC,,MIXTO,19.81,-99.11,11.4,13.0,0,5,0.35,51,No,Cobertura intermedia: verificar recorridos y tiempos de respuesta en el cuadrante.
SEC-978_-4952,556,ECATEPEC,ECATEPEC,,SATURADO,19.57,-99.03,11.2,34.5,0,16,1.15,575,No,"Hay base y personal a menos de 1.5 km y aun así concentra violencia: revisar efectividad y horarios del patrullaje existente, no sumar inmuebles."
SEC-964_-4981,557,TOLUCA,VALLE TOLUCA,,SATURADO,19.29,-99.61,11.2,22.0,0,11,0.87,273,Sí,"Hay base y personal a menos de 1.5 km y aun así concentra violencia: revisar efectividad y horarios del patrullaje existente, no sumar inmuebles."
SEC-967_-4948,558,LA PAZ,ORIENTE,"20 DE MAYO, TECAMACHALCO",SATURADO,19.35,-98.95,11.1,30.0,2,6,1.29,516,No,"Hay base y personal a menos de 1.5 km y aun así concentra violencia: revisar efectividad y horarios del patrullaje existente, no sumar inmuebles."
SEC-969_-4967,559,HUIXQUILUCAN,METROPOLITANA,,MIXTO,19.39,-99.33,11.1,6.0,0,2,2.32,25,No,Cobertura intermedia: verificar recorridos y tiempos de respuesta en el cuadrante.
SEC-975_-4961,560,TLALNEPANTLA,METROPOLITANA,,MIXTO,19.51,-99.21,10.9,16.0,0,7,0.9,169,Sí,Cobertura intermedia: verificar recorridos y tiempos de respuesta en el cuadrante.
SEC-997_-4977,561,JILOTEPEC,ATLACOMULCO,,MIXTO,19.95,-99.53,10.9,12.0,0,5,2.03,183,No,Cobertura intermedia: verificar recorridos y tiempos de respuesta en el cuadrante.
SEC-979_-4988,562,IXTLAHUACA,ATLACOMULCO,,MIXTO,19.59,-99.75,10.9,7.5,0,5,2.39,77,No,Cobertura intermedia: verificar recorridos y tiempos de respuesta en el cuadrante.
SEC-948_-4983,563,VILLA GUERRERO,IXTAPAN,SAN JOSE LA ALTA,MIXTO,18.97,-99.65,10.8,10.0,1,0,0.61,32,No,Cobertura intermedia: verificar recorridos y tiempos de respuesta en el cuadrante.
SEC-988_-4950,564,TECAMAC,ECATEPEC,,MIXTO,19.77,-98.99,10.8,7.0,0,4,2.22,56,No,Cobertura intermedia: verificar recorridos y tiempos de respuesta en el cuadrante.
SEC-960_-4982,565,CALIMAYA,IXTAPAN,,MIXTO,19.21,-99.63,10.7,10.0,0,3,0.58,31,No,Cobertura intermedia: verificar recorridos y tiempos de respuesta en el cuadrante.
SEC-988_-4984,566,MORELOS,ATLACOMULCO,,MIXTO,19.77,-99.67,10.6,9.0,0,4,0.85,31,No,Cobertura intermedia: verificar recorridos y tiempos de respuesta en el cuadrante.
SEC-972_-4945,567,TEXCOCO,ORIENTE,,MIXTO,19.45,-98.89,10.6,7.5,0,3,1.84,54,No,Cobertura intermedia: verificar recorridos y tiempos de respuesta en el cuadrante.
SEC-968_-4947,568,LA PAZ,ORIENTE,,MIXTO,19.37,-98.93,10.4,22.0,0,11,2.19,516,No,Cobertura intermedia: verificar recorridos y tiempos de respuesta en el cuadrante.
SEC-963_-4989,569,ZINACANTEPEC,VALLE TOLUCA,,MIXTO,19.27,-99.77,10.4,10.5,0,4,2.27,174,No,Cobertura intermedia: verificar recorridos y tiempos de respuesta en el cuadrante.
SEC-962_-4984,570,TOLUCA,VALLE TOLUCA,,MIXTO,19.25,-99.67,10.3,6.5,0,4,2.43,60,No,Cobertura intermedia: verificar recorridos y tiempos de respuesta en el cuadrante.
SEC-963_-4988,571,ZINACANTEPEC,VALLE TOLUCA,,MIXTO,19.27,-99.75,10.2,15.5,0,9,0.84,174,No,Cobertura intermedia: verificar recorridos y tiempos de respuesta en el cuadrante.
SEC-973_-4952,572,NEZAHUALCOYOTL,ORIENTE,,MIXTO,19.47,-99.03,10.2,12.0,0,6,1.33,145,No,Cobertura intermedia: verificar recorridos y tiempos de respuesta en el cuadrante.
SEC-960_-4941,573,TLALMANALCO,CHALCO,,MIXTO,19.21,-98.81,10.2,8.5,0,4,1.46,66,No,Cobertura intermedia: verificar recorridos y tiempos de respuesta en el cuadrante.
SEC-956_-4939,574,AMECAMECA,CHALCO,,MIXTO,19.13,-98.77,10.1,15.5,0,8,1.17,216,No,Cobertura intermedia: verificar recorridos y tiempos de respuesta en el cuadrante.
SEC-942_-4984,575,IXTAPAN DE LA SAL,IXTAPAN,,MIXTO,18.85,-99.67,9.9,12.5,0,5,0.52,90,No,Cobertura intermedia: verificar recorridos y tiempos de respuesta en el cuadrante.
SEC-991_-4962,576,HUEHUETOCA,ECATEPEC,,MIXTO,19.83,-99.23,9.8,8.0,0,5,1.42,59,No,Cobertura intermedia: verificar recorridos y tiempos de respuesta en el cuadrante.
SEC-960_-4979,577,CHAPULTEPEC,VALLE TOLUCA,,MIXTO,19.21,-99.57,9.6,9.0,0,3,0.66,37,Sí,Cobertura intermedia: verificar recorridos y tiempos de respuesta en el cuadrante.
SEC-963_-4987,578,ZINACANTEPEC,VALLE TOLUCA,,MIXTO,19.27,-99.73,9.5,11.0,0,6,2.25,218,No,Cobertura intermedia: verificar recorridos y tiempos de respuesta en el cuadrante.
SEC-969_-4964,579,HUIXQUILUCAN,METROPOLITANA,,MIXTO,19.39,-99.27,9.4,6.0,0,2,2.01,43,No,Cobertura intermedia: verificar recorridos y tiempos de respuesta en el cuadrante.
SEC-964_-4988,580,ZINACANTEPEC,VALLE TOLUCA,,MIXTO,19.29,-99.75,9.3,13.5,0,8,1.39,218,No,Cobertura intermedia: verificar recorridos y tiempos de respuesta en el cuadrante.
SEC-947_-4975,581,MALINALCO,IXTAPAN,,MIXTO,18.95,-99.49,9.3,11.5,0,7,0.48,79,No,Cobertura intermedia: verificar recorridos y tiempos de respuesta en el cuadrante.
SEC-948_-4979,582,TENANCINGO,IXTAPAN,,MIXTO,18.97,-99.57,9.3,6.0,0,3,1.77,33,No,Cobertura intermedia: verificar recorridos y tiempos de respuesta en el cuadrante.
SEC-964_-4945,583,CHALCO,CHALCO,,SATURADO,19.29,-98.89,9.2,23.0,0,11,0.96,406,Sí,"Hay base y personal a menos de 1.5 km y aun así concentra violencia: revisar efectividad y horarios del patrullaje existente, no sumar inmuebles."
SEC-958_-4975,584,ATIZAPAN,METROPOLITANA,,MIXTO,19.17,-99.49,9.2,7.5,0,4,2.42,120,Sí,Cobertura intermedia: verificar recorridos y tiempos de respuesta en el cuadrante.
SEC-971_-5000,585,VILLA VICTORIA,VALLE DE BRAVO,,MIXTO,19.43,-99.99,9.2,6.5,0,3,1.43,31,No,Cobertura intermedia: verificar recorridos y tiempos de respuesta en el cuadrante.
SEC-947_-4980,586,TENANCINGO,IXTAPAN,,MIXTO,18.95,-99.59,9.0,18.5,0,10,1.19,340,No,Cobertura intermedia: verificar recorridos y tiempos de respuesta en el cuadrante.
SEC-958_-5007,587,VALLE DE BRAVO,VALLE DE BRAVO,,MIXTO,19.17,-100.13,9.0,7.0,0,2,1.23,39,No,Cobertura intermedia: verificar recorridos y tiempos de respuesta en el cuadrante.
SEC-955_-4980,588,TENANGO DEL VALLE,IXTAPAN,,MIXTO,19.11,-99.59,8.9,12.5,0,6,0.81,145,No,Cobertura intermedia: verificar recorridos y tiempos de respuesta en el cuadrante.
SEC-984_-4953,589,TONANITLA,ECATEPEC,CHINAMPAS,MIXTO,19.69,-99.05,8.7,12.0,1,1,0.43,102,No,Cobertura intermedia: verificar recorridos y tiempos de respuesta en el cuadrante.
SEC-972_-4961,590,NAUCALPAN,METROPOLITANA,,MIXTO,19.45,-99.21,8.5,6.0,0,3,1.57,38,No,Cobertura intermedia: verificar recorridos y tiempos de respuesta en el cuadrante.
SEC-977_-4945,591,CHICONCUAC,ORIENTE,,MIXTO,19.55,-98.89,8.4,10.0,0,5,0.84,103,Sí,Cobertura intermedia: verificar recorridos y tiempos de respuesta en el cuadrante.
SEC-990_-4994,592,ATLACOMULCO,ATLACOMULCO,,MIXTO,19.81,-99.87,8.2,10.0,0,5,0.46,76,No,Cobertura intermedia: verificar recorridos y tiempos de respuesta en el cuadrante.
SEC-958_-4974,593,TIANGUISTENCO,VALLE TOLUCA,,MIXTO,19.17,-99.47,8.1,12.5,0,6,0.32,120,No,Cobertura intermedia: verificar recorridos y tiempos de respuesta en el cuadrante.
SEC-978_-4964,594,ATIZAPAN,METROPOLITANA,,MIXTO,19.57,-99.27,8.1,8.5,0,5,1.2,101,No,Cobertura intermedia: verificar recorridos y tiempos de respuesta en el cuadrante.
SEC-960_-4940,595,TLALMANALCO,CHALCO,,MIXTO,19.21,-98.79,7.9,6.5,0,2,1.49,66,No,Cobertura intermedia: verificar recorridos y tiempos de respuesta en el cuadrante.
SEC-977_-4963,596,ATIZAPAN,METROPOLITANA,,MIXTO,19.55,-99.25,7.4,7.5,0,5,1.29,101,No,Cobertura intermedia: verificar recorridos y tiempos de respuesta en el cuadrante.
SEC-985_-4962,597,TEPOTZOTLAN,METROPOLITANA,,MIXTO,19.71,-99.23,7.4,6.0,0,2,0.95,29,No,Cobertura intermedia: verificar recorridos y tiempos de respuesta en el cuadrante.
SEC-978_-4951,598,ECATEPEC,ECATEPEC,"RIO DE LUZ, ALFREDO DEL MAZO",SATURADO,19.57,-99.01,7.3,22.0,2,1,1.19,575,No,"Hay base y personal a menos de 1.5 km y aun así concentra violencia: revisar efectividad y horarios del patrullaje existente, no sumar inmuebles."
SEC-1000_-4977,599,SOYANIQUILPAN,ATLACOMULCO,,MIXTO,20.01,-99.53,7.1,7.5,0,4,0.43,44,No,Cobertura intermedia: verificar recorridos y tiempos de respuesta en el cuadrante.
SEC-997_-4993,600,ACAMBAY,ATLACOMULCO,,MIXTO,19.95,-99.85,7.0,6.0,0,3,0.97,40,No,Cobertura intermedia: verificar recorridos y tiempos de respuesta en el cuadrante.
SEC-976_-4946,601,TEXCOCO,ORIENTE,,MIXTO,19.53,-98.91,6.8,8.0,0,5,2.27,229,Sí,Cobertura intermedia: verificar recorridos y tiempos de respuesta en el cuadrante.
SEC-963_-4942,602,CHALCO,CHALCO,,MIXTO,19.27,-98.83,4.4,16.0,0,7,0.07,416,No,Cobertura intermedia: verificar recorridos y tiempos de respuesta en el cuadrante.
SEC-956_-4980,603,TENANGO DEL VALLE,IXTAPAN,,MIXTO,19.13,-99.59,4.4,6.5,0,4,0.47,126,No,Cobertura intermedia: verificar recorridos y tiempos de respuesta en el cuadrante.
SEC-967_-4947,604,LA PAZ,ORIENTE,LOMAS DE SAN ISIDRO I,MIXTO,19.35,-98.93,3.8,12.0,1,1,0.84,516,No,Cobertura intermedia: verificar recorridos y tiempos de respuesta en el cuadrante.
