id,fecha,hora,hora_num,franja,municipio,coordinacion,colonia,calle,latitud,longitud,victimas,sexo,movil,observaciones,dist_base_km,windows_maps_query
1,2026-01-02,,,sin dato,ECATEPEC,ECATEPEC,SAN ANDRES DE LA CAÑADA,CALLE OJO DE AGUA,19.56833,-99.09528,1,H,Ataque directo por venta de droga,IMPACTO DE ARMA DE FUEGO,5.09,"CALLE OJO DE AGUA, SAN ANDRES DE LA CANADA, ECATEPEC, Estado de México, México"
2,2026-01-02,,,sin dato,TECAMAC,ECATEPEC,MARGARITO F. AYALA,CALLE TEPETETERA ESQUINA CON CALLE ANGEL FRAGOSO,19.645851,-99.014364,1,H,Ataque directo por venta de droga,IMPACTO DE ARMA DE FUEGO,1.99,"CALLE TEPETETERA ESQUINA CON CALLE ANGEL FRAGOSO, MARGARITO F. AYALA, TECAMAC, Estado de México, México"
3,2026-01-02,,,sin dato,VILLA GUERRERO,IXTAPAN,SAN MATEO COAPEXCO,CALLE LIBERTAD ESQUINA CON CALLE VILLA GUERRERO,18.95057,-99.679218,1,H,Ataque Directo,IMPACTO DE ARMA DE FUEGO,4.14,"CALLE LIBERTAD ESQUINA CON CALLE VILLA GUERRERO, SAN MATEO COAPEXCO, VILLA GUERRERO, Estado de México, México"
4,2026-01-02,06:42:00,6,matutina (06-14),ISIDRO FABELA,METROPOLITANA,S/D,CARRETERA RANCHERIA PALOMAS (LOS TACHOS),19.5471239627985,-99.4891353549698,1,H,Se desconoce el Móvil de la Agresión,SIGNOS DE VIOLENCIA,7.55,"CARRETERA RANCHERIA PALOMAS (LOS TACHOS), S/D, ISIDRO FABELA, Estado de México, México"
5,2026-01-03,08:24:00,8,matutina (06-14),ATLACOMULCO,ATLACOMULCO,EL SALTO,CARRETERA ATOTONILCO-EL SALTO,19.817276,-99.802299,1,H,"fallecimiento por hipotermia, sin huellas de violencia",SIGNOS DE VIOLENCIA,4.56,"CARRETERA ATOTONILCO-EL SALTO, EL SALTO, ATLACOMULCO, Estado de México, México"
6,2026-01-03,17:34:00,17,vespertina (14-22),VALLE DE CHALCO,CHALCO,AVANDARO,CALLE MANGO ESQUINA FELIPE ANGELES,19.3035034814852,-98.932599382567,1,H,Ataque directo por venta de droga,IMPACTO DE ARMA DE FUEGO,2.15,"CALLE MANGO ESQUINA FELIPE ANGELES, AVANDARO, VALLE DE CHALCO, Estado de México, México"
7,2026-01-03,23:05:00,23,nocturna (22-06),ECATEPEC,ECATEPEC,VALLE DE ANAHUAC,CALLE GUADALUPE VICTORIA,19.518363465626,-99.0410629564982,1,H,Medio de intimidación y ajuste de cuentas,IMPACTO DE ARMA DE FUEGO,0.88,"CALLE GUADALUPE VICTORIA, VALLE DE ANAHUAC, ECATEPEC, Estado de México, México"
8,2026-01-04,09:30:00,9,matutina (06-14),CHICOLOAPAN,ORIENTE,EJIDOS DE CHICOLOAPAN,CARRETERA A CUAUTEPEC,19.405677,-98.88875,1,H,Posible ajuste de Cuentas entre grupos delictivos,IMPACTO DE ARMA DE FUEGO,4.31,"CARRETERA A CUAUTEPEC, EJIDOS DE CHICOLOAPAN, CHICOLOAPAN, Estado de México, México"
9,2026-01-04,13:21:00,13,matutina (06-14),CUAUTITLAN IZCALLI,METROPOLITANA,SANTA MARIA HUECATITLA,AV. NICOLAS BRAVO ESQUINA AVENIDA DEL TRABAJO,19.722008,-99.168526,1,H,Se desconoce el Móvil de la Agresión,IMPACTO DE ARMA DE FUEGO,4.64,"AVENIDA NICOLAS BRAVO ESQUINA AVENIDA DEL TRABAJO, SANTA MARIA HUECATITLA, CUAUTITLAN IZCALLI, Estado de México, México"
10,2026-01-05,04:10:00,4,nocturna (22-06),SAN JOSE DEL RINCON,VALLE DE BRAVO,SAN JOSE DEL RINCON,LA PUERTA SAN MIGUEL DEL CENTRO,19.6606443591366,-100.161412343612,1,H,Se desconoce el Móvil de la Agresión,IMPACTO DE ARMA DE FUEGO,3.91,"LA PUERTA SAN MIGUEL DEL CENTRO, SAN JOSE DEL RINCON, Estado de México, México"
11,2026-01-05,19:20:00,19,vespertina (14-22),IXTAPALUCA,CHALCO,GUADALUPANA,NORTE 1,19.3396739281752,-98.9100907471388,1,H,Se desconoce el Móvil de la Agresión,IMPACTO DE ARMA DE FUEGO,2.52,"NORTE 1, GUADALUPANA, IXTAPALUCA, Estado de México, México"
12,2026-01-05,20:00:00,20,vespertina (14-22),NICOLAS ROMERO,METROPOLITANA,SANTANITA CENTRO,EMILIANO ZAPATA,19.6109451246964,-99.3235256338868,1,H,Ataque directo,IMPACTO DE ARMA DE FUEGO,1.43,"EMILIANO ZAPATA, SANTANITA CENTRO, NICOLAS ROMERO, Estado de México, México"
13,2026-01-06,00:25:00,0,nocturna (22-06),VILLA GUERRERO,IXTAPAN,SAN JOSE LA ALTA,CALLE MORELOS,18.9609105558041,-99.6420021185594,1,H,Ataque Directo,IMPACTO DE ARMA DE FUEGO,0.85,"CALLE MORELOS, SAN JOSE LA ALTA, VILLA GUERRERO, Estado de México, México"
14,2026-01-06,11:45:00,11,matutina (06-14),COACALCO,ECATEPEC,SAN LORENZO TETLIXTAC,CALLE COLIMA ESQUINA CON JUAREZ,19.63814,-99.08552,1,H,Intento de robo de vehículo,IMPACTO DE ARMA DE FUEGO,2.28,"CALLE COLIMA ESQUINA CON JUAREZ, SAN LORENZO TETLIXTAC, COACALCO, Estado de México, México"
15,2026-01-06,13:00:00,13,matutina (06-14),ACOLMAN,ECATEPEC,SAN ISIDRO ATLAUTENCO,EJIDOS DE SAN ISIDRO TLAUTENCO,19.620368,-98.995802,1,H,SIN DATOS,ARMA BLANCA,0.55,"EJIDOS DE SAN ISIDRO TLAUTENCO, SAN ISIDRO ATLAUTENCO, ACOLMAN, Estado de México, México"
16,2026-01-06,15:00:00,15,vespertina (14-22),HUIXQUILUCAN,METROPOLITANA,MARQUESA,CARRETERA HUIXQUILUCAN-MARQUESA,19.3050126339273,-99.3694179688911,1,H,Sin datos,MANIATADO,8.07,"CARRETERA HUIXQUILUCAN-MARQUESA, MARQUESA, HUIXQUILUCAN, Estado de México, México"
17,2026-01-07,00:45:00,0,nocturna (22-06),IXTAPALUCA,CHALCO,LOS HEROES,SEGUNDA CERRADA DE AQUILES SERDAN,19.3323317385469,-98.8751187405535,1,H,ROBO,IMPACTO DE ARMA DE FUEGO,2.97,"SEGUNDA CERRADA DE AQUILES SERDAN, LOS HEROES, IXTAPALUCA, Estado de México, México"
18,2026-01-07,13:20:00,13,matutina (06-14),ZUMPANGO,ECATEPEC,SAN SEBASTIAN,FRACC. JARDINES DE BUGAMBILIA BARRIO SAN SEBASTIAN,19.7607319284912,-99.0631593808814,1,H,SIN DATOS,ARMA BLANCA,7.68,"FRACC. JARDINES DE BUGAMBILIA BARRIO SAN SEBASTIAN, SAN SEBASTIAN, ZUMPANGO, Estado de México, México"
19,2026-01-07,18:30:00,18,vespertina (14-22),TONANITLA,ECATEPEC,CHINAMPAS,CAMINO CHINAMPAS 2,19.6967371274037,-99.0547413664353,1,H,SIN DATOS,IMPACTO DE ARMA DE FUEGO,0.58,"CAMINO CHINAMPAS 2, CHINAMPAS, TONANITLA, Estado de México, México"
20,2026-01-08,,,sin dato,VALLE DE CHALCO,CHALCO,S/D,S/D,,,1,H,Se desconoce el Móvil de la Agresión,IMPACTO DE ARMA DE FUEGO,,"S/D, S/D, VALLE DE CHALCO, Estado de México, México"
21,2026-01-08,,,sin dato,TULTITLAN,METROPOLITANA,AMPLIACION SAN MARCOS,LIMA ESQUINA CON TRUENO,19.5768024557785,-99.1772324041601,1,H,Sin datos,IMPACTO DE ARMA DE FUEGO,2.33,"LIMA ESQUINA CON TRUENO, AMPLIACION SAN MARCOS, TULTITLAN, Estado de México, México"
22,2026-01-08,05:30:00,5,nocturna (22-06),TLALNEPANTLA,METROPOLITANA,LAZARO CARDENAS SEGUNDA SECCION,CALLE ALPINO TULA ESQUINA CON CALLE CLUB MUERCIELAGO,19.5393151833346,-99.1241753423466,1,H,Se presume un ajuste de cuentas entre bandas delictivas,IMPACTO DE ARMA DE FUEGO,3.5,"CALLE ALPINO TULA ESQUINA CON CALLE CLUB MUERCIELAGO, LAZARO CARDENAS SEGUNDA SECCION, TLALNEPANTLA, Estado de México, México"
23,2026-01-08,05:30:00,5,nocturna (22-06),TLALNEPANTLA,METROPOLITANA,LAZARO CARDENAS SEGUNDA SECCION,CALLE ALPINO TULA ESQUINA CON CALLE CLUB MUERCIELAGO,19.540326,-99.123572,1,H,Se desconoce el Móvil de la Agresión,IMPACTO DE ARMA DE FUEGO,3.52,"CALLE ALPINO TULA ESQUINA CON CALLE CLUB MUERCIELAGO, LAZARO CARDENAS SEGUNDA SECCION, TLALNEPANTLA, Estado de México, México"
24,2026-01-09,06:15:00,6,matutina (06-14),NAUCALPAN,METROPOLITANA,SAN FRANCISCO CUAUTLALPAN,CALLE HERRERITA,19.4601,-99.22274,1,H,Sin datos,IMPACTO DE ARMA DE FUEGO,0.69,"CALLE HERRERITA, SAN FRANCISCO CUAUTLALPAN, NAUCALPAN, Estado de México, México"
25,2026-01-09,21:55:00,21,vespertina (14-22),OTUMBA,ORIENTE,EL RANCHITO,CALLE TLATECAHUACAN,19.7092305557135,-98.7512151897457,1,H,Se desconoce el Móvil de la Agresión,IMPACTO DE ARMA DE FUEGO,1.35,"CALLE TLATECAHUACAN, EL RANCHITO, OTUMBA, Estado de México, México"
26,2026-01-09,23:20:00,23,nocturna (22-06),IXTAPALUCA,CHALCO,COLONIA 06 DE JUNIO,AV .WENCESLAO GARCIA ESQUINA CALLE PRIV. GERARDO FLORES,19.33079,-98.92812,1,H,Se desconoce el Móvil de la Agresión,IMPACTO DE ARMA DE FUEGO,1.65,"AVENIDA .WENCESLAO GARCIA ESQUINA CALLE PRIV. GERARDO FLORES, COLONIA 06 DE JUNIO, IXTAPALUCA, Estado de México, México"
27,2026-01-10,,,sin dato,IXTAPALUCA,CHALCO,JORGE JIMENEZ CANTU,AV. LACAÑADA ESQUINA PRIMER CARRIL,19.8005962115471,-99.1802292513039,1,H,Se desconoce el Móvil de la Agresión,IMPACTO DE ARMA DE FUEGO,2.57,"AVENIDA LACANADA ESQUINA PRIMER CARRIL, JORGE JIMENEZ CANTU, IXTAPALUCA, Estado de México, México"
28,2026-01-10,,,sin dato,COYOTEPEC,ECATEPEC,LA RENDA,CIRCUITO EXTERIOR MEXIQUENSE,19.5802477924334,-99.0249249612006,1,H,Intento de robo de vehículo,IMPACTO DE ARMA DE FUEGO,0.79,"CIRCUITO EXTERIOR MEXIQUENSE, LA RENDA, COYOTEPEC, Estado de México, México"
29,2026-01-10,00:05:00,0,nocturna (22-06),TLALNEPANTLA,METROPOLITANA,LAZARO CARDENAS,CALLE ALPINO TLACOPAN,19.5393050723502,-99.1242719038193,1,H,Sin datos,IMPACTO DE ARMA DE FUEGO,3.51,"CALLE ALPINO TLACOPAN, LAZARO CARDENAS, TLALNEPANTLA, Estado de México, México"
30,2026-01-10,08:51:00,8,matutina (06-14),ECATEPEC,ECATEPEC,CIUDAD CUAUHTEMOC,CALLE DIAMANTE MZ. 5 LOTE 14,19.6337780043098,-98.9869048921585,1,M,Ataque directo por venta de droga,IMPACTO DE ARMA DE FUEGO,2.02,"CALLE DIAMANTE MZ. 5 LOTE 14, CIUDAD CUAUHTEMOC, ECATEPEC, Estado de México, México"
31,2026-01-11,03:40:00,3,nocturna (22-06),TULTEPEC,ECATEPEC,SAN PABLO CTM,"CALLE 10, CIRCUITO 1 UNIDAD HABITACIONAL SAN PABLO CTM",19.6588295546398,-99.1099494156274,1,H,Se desconoce el Móvil de la Agresión,IMPACTO DE ARMA DE FUEGO,3.5,"CALLE 10, CIRCUITO 1 UNIDAD HABITACIONAL SAN PABLO CTM, SAN PABLO CTM, TULTEPEC, Estado de México, México"
32,2026-01-11,03:40:00,3,nocturna (22-06),TULTEPEC,ECATEPEC,EL MIRADOR,CERRADA SAN JOSE ESQUINA GRANADAS,19.6975860046626,-99.1189533401886,1,H,Se presume un ajuste de cuentas entre bandas delictivas.,IMPACTO DE ARMA DE FUEGO,4.07,"CERRADA SAN JOSE ESQUINA GRANADAS, EL MIRADOR, TULTEPEC, Estado de México, México"
33,2026-01-12,10:20:00,10,matutina (06-14),TULTITLAN,METROPOLITANA,LAS TORRES,CALLE RIO BALSAS ESQUINA RICARDO FLORES MAGON,19.6027786640738,-99.1586779473785,1,H,Sin datos,IMPACTO DE ARMA DE FUEGO,1.41,"CALLE RIO BALSAS ESQUINA RICARDO FLORES MAGON, LAS TORRES, TULTITLAN, Estado de México, México"
34,2026-01-12,18:39:00,18,vespertina (14-22),COACALCO,ECATEPEC,SAN LORENZO TETLIXTAC,CALLE MARIANO ABASOLO Y CALLE MARIANO MATAMOROS,19.63635,-99.08443,1,M,ajuste de cuentas,IMPACTO DE ARMA DE FUEGO,2.29,"CALLE MARIANO ABASOLO Y CALLE MARIANO MATAMOROS, SAN LORENZO TETLIXTAC, COACALCO, Estado de México, México"
35,2026-01-12,23:11:00,23,nocturna (22-06),CUAUTITLAN IZCALLI,METROPOLITANA,VILLA DE SAN PABLO EJIDO HUILANGO,AVENIDA DEL CARBON,19.6798284055472,-99.2599534125752,1,H,Ataque directo,IMPACTO DE ARMA DE FUEGO,4.9,"AVENIDA DEL CARBON, VILLA DE SAN PABLO EJIDO HUILANGO, CUAUTITLAN IZCALLI, Estado de México, México"
36,2026-01-13,00:03:00,0,nocturna (22-06),TECAMAC,ECATEPEC,SAN FRANCISCO CUAUTLIQUIXCO,CALLE PEÑA Y CALLE PEÑA,19.6846375319203,-98.9861363591296,1,H,Se desconoce el Móvil de la Agresión,MANIATADO,3.3,"CALLE PENA Y CALLE PENA, SAN FRANCISCO CUAUTLIQUIXCO, TECAMAC, Estado de México, México"
37,2026-01-13,00:16:00,0,nocturna (22-06),ALMOLOYA,VALLE TOLUCA,SAN DIEGO,CARRETERA A SAN DIEGO A LA ALTURA DEL RANCHO XARAGUA,19.4375145418345,-99.8118786669517,1,H,SIN DATOS,IMPACTO DE ARMA DE FUEGO,11.81,"CARRETERA A SAN DIEGO A LA ALTURA DEL RANCHO XARAGUA, SAN DIEGO, ALMOLOYA, Estado de México, México"
38,2026-01-14,01:00:00,1,nocturna (22-06),ECATEPEC,ECATEPEC,TEPEXPAN,AUTOPISTA MEXICO-PIRAMIDES KM 9+600,19.6239693896141,-98.936434255749,1,H,Intento de robo de vehículo,IMPACTO DE ARMA DE FUEGO,2.63,"AUTOPISTA MEXICO-PIRAMIDES KM 9+600, TEPEXPAN, ECATEPEC, Estado de México, México"
39,2026-01-14,07:00:00,7,matutina (06-14),ACOLMAN,ECATEPEC,S/D,S/D,,,1,H,Se desconoce el Móvil de la Agresión,S/D,,"S/D, S/D, ACOLMAN, Estado de México, México"
40,2026-01-14,15:17:00,15,vespertina (14-22),TENANGO DEL VALLE,IXTAPAN,LA CAMPESINA,PROLONGACION HIDALGO,19.1046759443339,-99.5787775214405,1,H,Ataque Directo,GOLPES CONTUSOS,0.54,"PROLONGACION HIDALGO, LA CAMPESINA, TENANGO DEL VALLE, Estado de México, México"
41,2026-01-15,00:02:00,0,nocturna (22-06),TEOLOYUCAN,METROPOLITANA,SAN SEBASTIAN,AUTOPISTA MEXICO-QUERETARO ESQUINA AV. DEL SOL,19.7407293088415,-99.2122672042204,1,H,Se desconoce el Móvil de la Agresión,IMPACTO DE ARMA DE FUEGO,1.65,"AUTOPISTA MEXICO-QUERETARO ESQUINA AV. DEL SOL, SAN SEBASTIAN, TEOLOYUCAN, Estado de México, México"
42,2026-01-15,02:10:00,2,nocturna (22-06),OCOYOACAC,VALLE TOLUCA,LA CAMPANA,CARRETERA MEXICO-TOLUCA,19.2828094922405,-99.4635996080858,1,H,Se desconoce el Móvil de la Agresión,IMPACTO DE ARMA DE FUEGO,8.07,"CARRETERA MEXICO-TOLUCA, LA CAMPANA, OCOYOACAC, Estado de México, México"
43,2026-01-15,16:16:00,16,vespertina (14-22),NICOLAS ROMERO,METROPOLITANA,JOYA DEL TEJOCOTE,CALLE ROBLES URIBE,19.6347880397165,-99.3475322031182,1,H,Se presume crimen pasional,IMPACTO DE ARMA DE FUEGO,2.9,"CALLE ROBLES URIBE, JOYA DEL TEJOCOTE, NICOLAS ROMERO, Estado de México, México"
44,2026-01-16,17:30:00,17,vespertina (14-22),IXTAPALUCA,CHALCO,EMILIANO ZAPATA,AV. ZARAGOZA ESQUINA CALLE PROLETARIADO,19.31114,-98.93382,1,H,ROBO,IMPACTO DE ARMA DE FUEGO,1.34,"AVENIDA ZARAGOZA ESQUINA CALLE PROLETARIADO, EMILIANO ZAPATA, IXTAPALUCA, Estado de México, México"
45,2026-01-16,20:22:00,20,vespertina (14-22),ATIZAPAN,METROPOLITANA,MÉXICO 86,CALLE FRANCIA ESQUINA CON CALLE PORTUGAL,19.5923258227601,-99.2519476261023,1,H,Ataque directo,IMPACTO DE ARMA DE FUEGO,1.6,"CALLE FRANCIA ESQUINA CON CALLE PORTUGAL, MEXICO 86, ATIZAPAN, Estado de México, México"
46,2026-01-16,23:45:00,23,nocturna (22-06),TEOTIHUACAN,ORIENTE,S/D,S/D,,,1,H,Se desconoce el Móvil de la Agresión,ASFIXIA,,"S/D, S/D, TEOTIHUACAN, Estado de México, México"
47,2026-01-17,04:13:00,4,nocturna (22-06),TULTITLAN,METROPOLITANA,S/D,S/D,,,1,H,Sin datos,ASFIXIA,,"S/D, S/D, TULTITLAN, Estado de México, México"
48,2026-01-17,13:02:00,13,matutina (06-14),ZINACANTEPEC,VALLE TOLUCA,SAN JUAN DE LAS HUERTAS,CAMINO DE TERRACERIA A OJO DE AGUA SAN JUAN DE LAS HUERTAS,19.2174112887722,-99.7699055661853,1,H,SIN DATOS,IMPACTO DE ARMA DE FUEGO,7.01,"CAMINO DE TERRACERIA A OJO DE AGUA SAN JUAN DE LAS HUERTAS, SAN JUAN DE LAS HUERTAS, ZINACANTEPEC, Estado de México, México"
49,2026-01-17,17:50:00,17,vespertina (14-22),ATIZAPAN,METROPOLITANA,S/D,S/D,,,1,H,Sin datos,IMPACTO DE ARMA DE FUEGO,,"S/D, S/D, ATIZAPAN, Estado de México, México"
50,2026-01-18,03:15:00,3,nocturna (22-06),TEMOAYA,VALLE TOLUCA,SAN ANTONIO DEL PUENTE,CALLE ESTADO DE CAMPECHE ESQUINA CON BICENTENARIO,19.411579,-99.616397,1,H,SIN DATOS,IMPACTO DE ARMA DE FUEGO,0.92,"CALLE ESTADO DE CAMPECHE ESQUINA CON BICENTENARIO, SAN ANTONIO DEL PUENTE, TEMOAYA, Estado de México, México"
51,2026-01-18,13:40:00,13,matutina (06-14),NEXTLALPAN,ECATEPEC,AGUILUCHOS,CARRETERA DE SAN ANDRES JALTENCO,19.7285108976073,-99.0954252019518,1,H,Se desconoce el Móvil de la Agresión,ESTADO DE DESCOMPOSICION,4.26,"CARRETERA DE SAN ANDRES JALTENCO, AGUILUCHOS, NEXTLALPAN, Estado de México, México"
52,2026-01-18,15:00:00,15,vespertina (14-22),ATLACOMULCO,ATLACOMULCO,SANTA CRUZ BOMBATEVI,"CAMINO REAL MANZANA 24, SANTA CRUZ BOMBATEVI",19.7998070333506,-99.8933056423289,1,H,Motivos pasionales,ARMA BLANCA,2.34,"CAMINO REAL MANZANA 24, SANTA CRUZ BOMBATEVI, SANTA CRUZ BOMBATEVI, ATLACOMULCO, Estado de México, México"
53,2026-01-19,00:01:00,0,nocturna (22-06),NEZAHUALCOYOTL,ORIENTE,BENITO JUAREZ,CALLE PALOMA NEGRA,19.41053,-99.01476,1,H,"discucion que termino en riña, ocasionando la muerte de una persona",IMPACTO DE ARMA DE FUEGO,0.39,"CALLE PALOMA NEGRA, BENITO JUAREZ, NEZAHUALCOYOTL, Estado de México, México"
54,2026-01-19,00:03:00,0,nocturna (22-06),IXTAPALUCA,CHALCO,EMILIANO ZAPATA,CALLE EMILIANO ZAPATA ESQUINA CALLE EJIDIAL,19.30787,-98.92884,1,H,Se desconoce el Móvil de la Agresión,IMPACTO DE ARMA DE FUEGO,1.58,"CALLE EMILIANO ZAPATA ESQUINA CALLE EJIDIAL, EMILIANO ZAPATA, IXTAPALUCA, Estado de México, México"
55,2026-01-19,22:50:00,22,nocturna (22-06),CHIMALHUACAN,ORIENTE,ARBOLEDAS DE ACUITLAPILCO,CALLE ACUITLAPILCO ENTRE PRIMERA CERRADA DE MOLINO DE LAS FLORES Y ADOLFO LOPEZ MATEOS,19.43372,-98.93643,1,H,Se desconoce el Móvil de la Agresión,IMPACTO DE ARMA DE FUEGO,2.2,"CALLE ACUITLAPILCO ENTRE PRIMERA CERRADA DE MOLINO DE LAS FLORES Y ADOLFO LOPEZ MATEOS, ARBOLEDAS DE ACUITLAPILCO, CHIMALHUACAN, Estado de México, México"
56,2026-01-20,10:06:00,10,matutina (06-14),TOLUCA,VALLE TOLUCA,EJIDO DE LA Y SECCION 7,CALLE ITZCOATL ESQUINA CON CALLE NEZAHUALCOYOTL,19.3798535069523,-99.5911783386598,1,H,SIN DATOS,IMPACTO DE ARMA DE FUEGO,1.13,"CALLE ITZCOATL ESQUINA CON CALLE NEZAHUALCOYOTL, EJIDO DE LA Y SECCION 7, TOLUCA, Estado de México, México"
57,2026-01-20,20:45:00,20,vespertina (14-22),CUAUTITLAN IZCALLI,METROPOLITANA,VALLE DE LAS FLORES,CALLE DALIA ESQUINA CALLE MIRAFLORES,19.62262,-99.22098,1,H,Probable riña,IMPACTO DE ARMA DE FUEGO,2.26,"CALLE DALIA ESQUINA CALLE MIRAFLORES, VALLE DE LAS FLORES, CUAUTITLAN IZCALLI, Estado de México, México"
58,2026-01-20,20:50:00,20,vespertina (14-22),ZUMPANGO,ECATEPEC,FRACC LOS SAUCES 1,CALLE SAUCE ESQUINA CON CALLE CEDROS,19.8156735120993,-99.044668002699,1,H,Probable riña,IMPACTO DE ARMA DE FUEGO,6.97,"CALLE SAUCE ESQUINA CON CALLE CEDROS, FRACCIONAMIENTO LOS SAUCES 1, ZUMPANGO, Estado de México, México"
59,2026-01-20,22:00:00,22,nocturna (22-06),TENANGO DEL VALLE,IXTAPAN,SAN BARTOLOME ATLATLAHUCA,CALLE 5 DE MAYO ESQUINA CON CALLE VICENTE GUERRERO,19.0688777744939,-99.6089786298893,1,H,Ataque Directo,IMPACTO DE ARMA DE FUEGO,4.4,"CALLE 5 DE MAYO ESQUINA CON CALLE VICENTE GUERRERO, SAN BARTOLOME ATLATLAHUCA, TENANGO DEL VALLE, Estado de México, México"
60,2026-01-21,00:05:00,0,nocturna (22-06),ECATEPEC,ECATEPEC,PRIZO II,1RA CERRADA DE MANGLE ESQUINA CON CALLE ENCINO,19.56206,-99.06876,1,H,Probable riña,ARMA BLANCA,2.34,"1RA CERRADA DE MANGLE ESQUINA CON CALLE ENCINO, PRIZO II, ECATEPEC, Estado de México, México"
61,2026-01-21,00:21:00,0,nocturna (22-06),IXTAPAN DE LA SAL,IXTAPAN,SAN ALEJO,CAMINO DE TERRACERIA,18.8376255179078,-99.7284676259723,1,H,Probable riña,ARMA BLANCA,4.47,"CAMINO DE TERRACERIA, SAN ALEJO, IXTAPAN DE LA SAL, Estado de México, México"
62,2026-01-21,00:52:00,0,nocturna (22-06),ECATEPEC,ECATEPEC,GUADALUPE VICTORIA,CALLE DURAZNO,19.56894,-99.09271,1,H,Por riña derivado de apuestas ilicitas,IMPACTO DE ARMA DE FUEGO,4.88,"CALLE DURAZNO, GUADALUPE VICTORIA, ECATEPEC, Estado de México, México"
63,2026-01-22,18:30:00,18,vespertina (14-22),TEPETLAOXTOC,ORIENTE,CAPULALPAN,CARRETERA TEXCOCO-CALPULALPAN,19.5288384227124,-98.8549560918587,1,H,Se desconoce el Móvil de la Agresión,IMPACTO DE ARMA DE FUEGO,3.22,"CARRETERA TEXCOCO-CALPULALPAN, CAPULALPAN, TEPETLAOXTOC, Estado de México, México"
64,2026-01-22,18:45:00,18,vespertina (14-22),CHALCO,CHALCO,CULTURAS DE CHALCO,CALLE PORFIRIO DIAZ,19.2613678877362,-98.8961137236302,1,H,Por intento de robo de motocicleta,IMPACTO DE ARMA DE FUEGO,0.85,"CALLE PORFIRIO DIAZ, CULTURAS DE CHALCO, CHALCO, Estado de México, México"
65,2026-01-22,18:55:00,18,vespertina (14-22),TEZOYUCA,ORIENTE,BUENOS AIRES,CALLE CALEROS ESQUINA 5 DE MAYO,19.6045646675015,-98.9086850189469,1,H,Se desconoce el Móvil de la Agresión,IMPACTO DE ARMA DE FUEGO,1.64,"CALLE CALEROS ESQUINA 5 DE MAYO, BUENOS AIRES, TEZOYUCA, Estado de México, México"
66,2026-01-22,20:36:00,20,vespertina (14-22),COYOTEPEC,ECATEPEC,IZTACALCO,CALLE EMILIANO ZAPATA ESQUINA CUAUHTEMOC,19.7654037737526,-99.2061591067468,1,H,Ataque directo por venta de droga,IMPACTO DE ARMA DE FUEGO,1.72,"CALLE EMILIANO ZAPATA ESQUINA CUAUHTEMOC, IZTACALCO, COYOTEPEC, Estado de México, México"
67,2026-01-23,02:40:00,2,nocturna (22-06),IXTAPALUCA,CHALCO,AVILA CAMACHO,AUTOPISTA MEXICO-PUEBLA,19.3349134327032,-98.5806300330473,1,H,Se desconoce el Móvil de la Agresión,IMPACTO DE ARMA DE FUEGO,27.22,"AUTOPISTA MEXICO-PUEBLA, AVILA CAMACHO, IXTAPALUCA, Estado de México, México"
68,2026-01-23,08:50:00,8,matutina (06-14),CHIMALHUACAN,ORIENTE,LOMAS DE SANTA CRUZ,CALLE PROVIDENCIA,19.3815397674923,-98.9056356012355,1,H,Se desconoce el Móvil de la Agresión,LESIONES,4.49,"CALLE PROVIDENCIA, LOMAS DE SANTA CRUZ, CHIMALHUACAN, Estado de México, México"
69,2026-01-23,19:15:00,19,vespertina (14-22),LA PAZ,ORIENTE,ANCON,CALLE JESUS GARCIA ESQUINA CON CALLE NARCISO MENDOZA,19.3622069146714,-98.9600687527896,1,H,Ataque directo por venta de droga,IMPACTO DE ARMA DE FUEGO,1.83,"CALLE JESUS GARCIA ESQUINA CON CALLE NARCISO MENDOZA, ANCON, LA PAZ, Estado de México, México"
70,2026-01-23,23:15:00,23,nocturna (22-06),TULTEPEC,ECATEPEC,SAN PABLO,"CIRCUITO SAN PABLO ENTRE CALLES 10 Y 11, UNIDAD HABITACIONAL C.T.M.",19.659528847787,-99.1101649774586,1,H,SIN DATOS,IMPACTO DE ARMA DE FUEGO,3.58,"CIRCUITO SAN PABLO ENTRE CALLES 10 Y 11, UNIDAD HABITACIONAL C.T.M, SAN PABLO, TULTEPEC, Estado de México, México"
71,2026-01-24,02:40:00,2,nocturna (22-06),CUAUTITLAN IZCALLI,METROPOLITANA,SANTA MARIA GUADALUPE,CALLE JACARANDAS ESQUINA MARAVILLAS,19.5901283722621,-99.1995809257383,1,H,Se desconoce el Móvil de la Agresión,IMPACTO DE ARMA DE FUEGO,0.62,"CALLE JACARANDAS ESQUINA MARAVILLAS, SANTA MARIA GUADALUPE, CUAUTITLAN IZCALLI, Estado de México, México"
72,2026-01-24,03:00:00,3,nocturna (22-06),LERMA,VALLE TOLUCA,GUADALUPE LA CIENEGA,AV. REVOLUCION E IGNACIO ZARAGOZA,19.2947049153907,-99.5085234611452,1,H,Ejecucion por posible venta de drogas,IMPACTO DE ARMA DE FUEGO,3.6,"AVENIDA REVOLUCION E IGNACIO ZARAGOZA, GUADALUPE LA CIENEGA, LERMA, Estado de México, México"
73,2026-01-24,03:40:00,3,nocturna (22-06),ECATEPEC,ECATEPEC,LAS AMERICAS,AVENIDA SIMON BOLIVAR,19.5939976740875,-99.0195286636385,1,H,"Disparo de arma de fuego, por riña",IMPACTO DE ARMA DE FUEGO,0.87,"AVENIDA SIMON BOLIVAR, LAS AMERICAS, ECATEPEC, Estado de México, México"
74,2026-01-24,08:40:00,8,matutina (06-14),LERMA,VALLE TOLUCA,PROLONGACION,CALLE CERRADA DALIAS ENTRE CALLE EMILIANO ZAPATA,19.3002603301398,-99.5074523259054,1,M,Se desconoce el Móvil de la Agresión,LESIONES,3.97,"CALLE CERRADA DALIAS ENTRE CALLE EMILIANO ZAPATA, PROLONGACION, LERMA, Estado de México, México"
75,2026-01-24,08:40:00,8,matutina (06-14),TULTITLAN,METROPOLITANA,SAN PABLO DE LAS SALINAS,CALLE DE LAS CRISANTEMAS Y JAZMINES Y AVENIDA DE LAS MAGNOLIAS,19.6639945247274,-99.086747626747,1,H,Se desconoce el Móvil de la Agresión,RESTOS HUMANOS,3.28,"CALLE DE LAS CRISANTEMAS Y JAZMINES Y AVENIDA DE LAS MAGNOLIAS, SAN PABLO DE LAS SALINAS, TULTITLAN, Estado de México, México"
76,2026-01-24,10:45:00,10,matutina (06-14),NICOLAS ROMERO,METROPOLITANA,JOYA DEL TEJOCOTE,CAMINO A LANZAROTE ESQUINA CON AV. SANOFI,19.6379129042087,-99.3477913363241,1,H,Se desconoce el Móvil de la Agresión,IMPACTO DE ARMA DE FUEGO,3.09,"CAMINO A LANZAROTE ESQUINA CON AV. SANOFI, JOYA DEL TEJOCOTE, NICOLAS ROMERO, Estado de México, México"
77,2026-01-24,12:35:00,12,matutina (06-14),TULTITLAN,METROPOLITANA,SAN JUAN,AV ADOLFO LOPEZ MATEOS,19.6386288571649,-99.1596117639102,1,H,Se desconoce el Móvil de la Agresión,RESTOS HUMANOS,4.13,"AVENIDA ADOLFO LOPEZ MATEOS, SAN JUAN, TULTITLAN, Estado de México, México"
78,2026-01-24,15:28:00,15,vespertina (14-22),CHALCO,CHALCO,EL NARANJO,CAMINO DE TERRACERIA,19.247368,-98.918347,1,H,Ajuste de cuentas por venta de droga,MANIATADO,2.22,"CAMINO DE TERRACERIA, EL NARANJO, CHALCO, Estado de México, México"
79,2026-01-24,22:44:00,22,nocturna (22-06),TULTITLAN,METROPOLITANA,BUENAVISTA,CALLE SANTA TERESA,19.5789504922264,-99.1809664059678,1,H,Se desconoce el Móvil de la Agresión,SIGNOS DE VIOLENCIA,1.88,"CALLE SANTA TERESA, BUENAVISTA, TULTITLAN, Estado de México, México"
80,2026-01-25,01:03:00,1,nocturna (22-06),TULTITLAN,METROPOLITANA,S/D,S/D,,,1,H,Se desconoce el Móvil de la Agresión,S/D,,"S/D, S/D, TULTITLAN, Estado de México, México"
81,2026-01-25,01:35:00,1,nocturna (22-06),VALLE DE CHALCO,CHALCO,EMILIANO ZAPATA,AV. EX HACIENDA XICO ESQUINA CON FRATERNIDAD,19.2660945506532,-98.9328248333376,1,H,SIN DATOS,SIGNOS DE VIOLENCIA,2.74,"AVENIDA EX HACIENDA XICO ESQUINA CON FRATERNIDAD, EMILIANO ZAPATA, VALLE DE CHALCO, Estado de México, México"
82,2026-01-25,06:10:00,6,matutina (06-14),CHIMALHUACAN,ORIENTE,BARRIO CARPINTEROS,AV. ARENAL ESQUINA CON NIÑOS HEROES,19.440706,-98.949607,1,H,Se desconoce el Móvil de la Agresión,IMPACTO DE ARMA DE FUEGO,1.51,"AVENIDA ARENAL ESQUINA CON NINOS HEROES, BARRIO CARPINTEROS, CHIMALHUACAN, Estado de México, México"
83,2026-01-25,08:00:00,8,matutina (06-14),SAN MARTIN DE LAS PIRAMIDES,ORIENTE,IXTLAHUACA,CALLE TOLTECAS,19.7336074604796,-98.876106754357,1,H,Se desconoce el Móvil de la Agresión,IMPACTO DE ARMA DE FUEGO,4.4,"CALLE TOLTECAS, IXTLAHUACA, SAN MARTIN DE LAS PIRAMIDES, Estado de México, México"
84,2026-01-25,08:38:00,8,matutina (06-14),NICOLAS ROMERO,METROPOLITANA,JOYA DEL TEJOCOTE,CAMINO A LANZAROTE,19.6379129042087,-99.3477913363241,1,H,Ataque directo,SIGNOS DE VIOLENCIA,3.09,"CAMINO A LANZAROTE, JOYA DEL TEJOCOTE, NICOLAS ROMERO, Estado de México, México"
85,2026-01-25,09:00:00,9,matutina (06-14),COYOTEPEC,ECATEPEC,S/D,S/D,,,1,H,Ataque directo por venta de droga,S/D,,"S/D, S/D, COYOTEPEC, Estado de México, México"
86,2026-01-25,19:15:00,19,vespertina (14-22),NAUCALPAN,METROPOLITANA,SANTA CRUZ ACATLAN,"AV. LOMAS VERDES (AL INTERIOR DE LA LECHERIA ""LA FACULTAD"")",19.50364,-99.2532,1,H,Ataque directo,IMPACTO DE ARMA DE FUEGO,2.07,"AVENIDA LOMAS VERDES (AL INTERIOR DE LA LECHERIA ""LA FACULTAD""), SANTA CRUZ ACATLAN, NAUCALPAN, Estado de México, México"
87,2026-01-26,,,sin dato,LA PAZ,ORIENTE,20 DE MAYO,CALLE TIBURCIO ESPINOZA,19.3402939125924,-98.9420620063182,1,H,Intento de robo,IMPACTO DE ARMA DE FUEGO,1.35,"CALLE TIBURCIO ESPINOZA, 20 DE MAYO, LA PAZ, Estado de México, México"
88,2026-01-26,,,sin dato,HUEHUETOCA,ECATEPEC,PORTAL DEL SOL,CALLE PORTAL DE TODOS LOS SANTOS,19.8235584456194,-99.2091965398819,1,H,Por intento de robo de motocicleta,IMPACTO DE ARMA DE FUEGO,2.01,"CALLE PORTAL DE TODOS LOS SANTOS, PORTAL DEL SOL, HUEHUETOCA, Estado de México, México"
89,2026-01-26,,,sin dato,NOPALTEPEC,ORIENTE,SAN FELIPE TEOTITLAN,TLAXIXILCO Y AV LOS ARCOS,19.8068173582059,-98.692793861873,1,H,Se desconoce el Móvil de la Agresión,IMPACTO DE ARMA DE FUEGO,7.32,"TLAXIXILCO Y AV LOS ARCOS, SAN FELIPE TEOTITLAN, NOPALTEPEC, Estado de México, México"
90,2026-01-26,,,sin dato,AXAPUSCO,ORIENTE,GUADALUPE RELINAS,CALLE SAN VALENTIN,19.8738222788496,-98.7799739753653,1,H,Se desconoce el Móvil de la Agresión,IMPACTO DE ARMA DE FUEGO,18.54,"CALLE SAN VALENTIN, GUADALUPE RELINAS, AXAPUSCO, Estado de México, México"
91,2026-01-26,,,sin dato,NEZAHUALCOYOTL,ORIENTE,METROPOLITANA 3 SECCION,CALLE MIXCOAC ESQUINA INDIO,19.3859957984825,-99.0195597793205,1,M,"le disparan desconocidos, desconociendo el motivo",IMPACTO DE ARMA DE FUEGO,1.58,"CALLE MIXCOAC ESQUINA INDIO, METROPOLITANA 3 SECCION, NEZAHUALCOYOTL, Estado de México, México"
92,2026-01-26,17:40:00,17,vespertina (14-22),ZUMPANGO,ECATEPEC,FRACC LAS PLAZAS,CALLE LE CORBUSIER,19.8143970229992,-99.0388502548167,1,H,ajuste de cuentas,IMPACTO DE ARMA DE FUEGO,7.57,"CALLE LE CORBUSIER, FRACCIONAMIENTO LAS PLAZAS, ZUMPANGO, Estado de México, México"
93,2026-01-27,,,sin dato,ECATEPEC,ECATEPEC,S/D,S/D,,,1,S/D,Se desconoce el Móvil de la Agresión,IMPACTO DE ARMA DE FUEGO,,"S/D, S/D, ECATEPEC, Estado de México, México"
94,2026-01-27,,,sin dato,NAUCALPAN,METROPOLITANA,S/D,S/D,,,1,S/D,Ataque directo,IMPACTO DE ARMA DE FUEGO,,"S/D, S/D, NAUCALPAN, Estado de México, México"
95,2026-01-27,,,sin dato,CHALCO,CHALCO,S/D,S/D,,,1,S/D,Ajuste de cuentas por venta de droga,IMPACTO DE ARMA DE FUEGO,,"S/D, S/D, CHALCO, Estado de México, México"
96,2026-01-28,09:50:00,9,matutina (06-14),ZINACANTEPEC,VALLE TOLUCA,LOMA DE SAN FRANCISCO,CALLE BENITO JUAREZ,19.2841457300153,-99.7326143306864,1,H,SIN DATOS,IMPACTO DE ARMA DE FUEGO,1.25,"CALLE BENITO JUAREZ, LOMA DE SAN FRANCISCO, ZINACANTEPEC, Estado de México, México"
97,2026-01-28,18:50:00,18,vespertina (14-22),ZUMPANGO,ECATEPEC,LAS PLAZA,S/D,19.8145535059878,-99.0344675239498,1,H,ajuste de cuentas,IMPACTO DE ARMA DE FUEGO,8.03,"S/D, LAS PLAZA, ZUMPANGO, Estado de México, México"
98,2026-01-28,21:30:00,21,vespertina (14-22),TULTEPEC,ECATEPEC,EL MIRADOR,CALLE VERACRUZ,19.6983468292503,-99.1185024625248,1,H,SIN DATOS,IMPACTO DE ARMA DE FUEGO,4.04,"CALLE VERACRUZ, EL MIRADOR, TULTEPEC, Estado de México, México"
99,2026-01-29,14:25:00,14,vespertina (14-22),TEPOTZOTLAN,METROPOLITANA,SAN MATEO XOLOC,CALLE CERRADA TLATELOLCO,19.7084554005696,-99.2441008064563,1,H,Ataque directo,IMPACTO DE ARMA DE FUEGO,2.42,"CALLE CERRADA TLATELOLCO, SAN MATEO XOLOC, TEPOTZOTLAN, Estado de México, México"
100,2026-01-30,14:14:00,14,vespertina (14-22),ZUMPANGO,ECATEPEC,PARQUE DE LOS SAUCES,CALLE SAUCE ESQUINA CON CALLE CEDROS,19.8156388926859,-99.0446267792352,1,H,Ataque directo por venta de droga,IMPACTO DE ARMA DE FUEGO,6.97,"CALLE SAUCE ESQUINA CON CALLE CEDROS, PARQUE DE LOS SAUCES, ZUMPANGO, Estado de México, México"
101,2026-01-30,22:34:00,22,nocturna (22-06),ECATEPEC,ECATEPEC,SANTA,CALLE VERACRUZ Y CARRETERA MÉXICO-PACHUCA,19.6217624595063,-99.003412698291,1,H,Ataque directo por venta de droga,IMPACTO DE ARMA DE FUEGO,0.26,"CALLE VERACRUZ Y CARRETERA MEXICO-PACHUCA, SANTA, ECATEPEC, Estado de México, México"
102,2026-01-31,16:20:00,16,vespertina (14-22),ZUMPANGO,ECATEPEC,NUEVOS PASEOS DE SAN JUAN,CALLE ROMA ESQUINA CALLE CONTINENTES,19.8016074247117,-99.0575620668942,1,H,"Disparo de arma de fuego, por riña",IMPACTO DE ARMA DE FUEGO,5.75,"CALLE ROMA ESQUINA CALLE CONTINENTES, NUEVOS PASEOS DE SAN JUAN, ZUMPANGO, Estado de México, México"
103,2026-02-02,00:03:00,0,nocturna (22-06),CHICOLOAPAN,ORIENTE,AMPLIACIÓN SANTA ROSA,AV SAN JOSE ESQUINA CON REAL DE MINAS,19.4110464012399,-98.8842313503772,1,H,Posible ajuste de Cuentas entre grupos delictivos,IMPACTO DE ARMA DE FUEGO,4.0,"AVENIDA SAN JOSE ESQUINA CON REAL DE MINAS, AMPLIACION SANTA ROSA, CHICOLOAPAN, Estado de México, México"
104,2026-02-02,02:08:00,2,nocturna (22-06),CHICOLOAPAN,ORIENTE,REAL DE SAN VICENTE II,CALLE REAL DE MAYORAZGO ESQUINA CON AV ALBERTO,19.4222172767321,-98.8870550393426,1,H,ajuste de Cuentas,IMPACTO DE ARMA DE FUEGO,2.83,"CALLE REAL DE MAYORAZGO ESQUINA CON AV ALBERTO, REAL DE SAN VICENTE II, CHICOLOAPAN, Estado de México, México"
105,2026-02-03,12:55:00,12,matutina (06-14),NICOLAS ROMERO,METROPOLITANA,GRANJAS DE GUADALUPE,AV PAJAROS ESQUINA CON CALLE CUCLILLOS,19.6020453886628,-99.2812004957698,1,H,Ataque directo,IMPACTO DE ARMA DE FUEGO,3.32,"AVENIDA PAJAROS ESQUINA CON CALLE CUCLILLOS, GRANJAS DE GUADALUPE, NICOLAS ROMERO, Estado de México, México"
106,2026-02-04,17:37:00,17,vespertina (14-22),HUIXQUILUCAN,METROPOLITANA,INTERLOMAS,AV MAGNO CENTRO,19.4068222753242,-99.2752890760592,1,H,Ataque directo,IMPACTO DE ARMA DE FUEGO,0.44,"AVENIDA MAGNO CENTRO, INTERLOMAS, HUIXQUILUCAN, Estado de México, México"
107,2026-02-04,20:43:00,20,vespertina (14-22),NAUCALPAN,METROPOLITANA,VALLE DORADO,CALLE IGNACIO ZARAGOZA ESQUINA SERRA MIGUEL ALLENDE,19.445042964001,-99.2736611464501,1,H,Se desconoce el Móvil de la Agresión,IMPACTO DE ARMA DE FUEGO,2.81,"CALLE IGNACIO ZARAGOZA ESQUINA SERRA MIGUEL ALLENDE, VALLE DORADO, NAUCALPAN, Estado de México, México"
108,2026-02-05,08:10:00,8,matutina (06-14),NAUCALPAN,METROPOLITANA,OLIMPIADA 68,CALLE CARLOS HANK GONZALEZ,19.446098378874,-99.2829948153421,1,H,Probable riña,IMPACTO DE ARMA DE FUEGO,3.75,"CALLE CARLOS HANK GONZALEZ, OLIMPIADA 68, NAUCALPAN, Estado de México, México"
109,2026-02-05,16:30:00,16,vespertina (14-22),ECATEPEC,ECATEPEC,EL CEGOR,CALLE CHICOLOAPAN,19.539525800247,-99.0370454746947,1,H,Se desconoce el Móvil de la Agresión,IMPACTO DE ARMA DE FUEGO,1.82,"CALLE CHICOLOAPAN, EL CEGOR, ECATEPEC, Estado de México, México"
110,2026-02-06,01:30:00,1,nocturna (22-06),LA PAZ,ORIENTE,LOS REYES ACAQUILPAN CENTRO,AV PUEBLA,19.3596698859898,-98.9721674049497,1,H,Ataque directo por venta de droga,IMPACTO DE ARMA DE FUEGO,1.81,"AVENIDA PUEBLA, LOS REYES ACAQUILPAN CENTRO, LA PAZ, Estado de México, México"
111,2026-02-06,05:47:00,5,nocturna (22-06),ZUMPANGO,ECATEPEC,SAN BARTOLO CUAUTLALPAN,AV HIDALGO,19.7955191066673,-99.085475222623,1,H,ajuste de cuentas,IMPACTO DE ARMA DE FUEGO,3.31,"AVENIDA HIDALGO, SAN BARTOLO CUAUTLALPAN, ZUMPANGO, Estado de México, México"
112,2026-02-07,08:36:00,8,matutina (06-14),NAUCALPAN,METROPOLITANA,PASEOS DE LOS BOSQUES,CALLE DE LOS ARCOS,19.4717558275702,-99.2750121220533,1,H,Ataque directo,MANIATADO,3.8,"CALLE DE LOS ARCOS, PASEOS DE LOS BOSQUES, NAUCALPAN, Estado de México, México"
113,2026-02-07,09:30:00,9,matutina (06-14),TECAMAC,ECATEPEC,SANTA MARIA AJOLOAPAN,CALLE CAMPO FLORIDO ESQUINA LAS MORAS,19.7492798441232,-98.955429833002,1,H,Intento de robo de vehículo,IMPACTO DE ARMA DE FUEGO,2.09,"CALLE CAMPO FLORIDO ESQUINA LAS MORAS, SANTA MARIA AJOLOAPAN, TECAMAC, Estado de México, México"
114,2026-02-08,09:43:00,9,matutina (06-14),TECAMAC,ECATEPEC,FRACCIONAMIENTO SANTA CRUZ,CALLE CAPILLA DE LA SOLEDAD,19.7002286991415,-98.9420255477052,1,H,Por intento de robo de motocicleta,MANIATADO,6.69,"CALLE CAPILLA DE LA SOLEDAD, FRACCIONAMIENTO SANTA CRUZ, TECAMAC, Estado de México, México"
115,2026-02-08,20:31:00,20,vespertina (14-22),ECATEPEC,ECATEPEC,TEXALPA,CALLE FELIPE ANGELES ESQUINA CON AV FRANCISCO VILLA,19.5242610527592,-99.051014864548,1,H,Por intento de robo de motocicleta,MANIATADO,0.51,"CALLE FELIPE ANGELES ESQUINA CON AV FRANCISCO VILLA, TEXALPA, ECATEPEC, Estado de México, México"
116,2026-02-08,21:44:00,21,vespertina (14-22),ACOLMAN,ECATEPEC,SAN JUANICO,"CAMINO PROLONGACIÓN HIDALGO, POBLADO DE SAN JUANICO",19.6376896478007,-98.909710395582,1,H,Se desconoce el Móvil de la Agresión,MANIATADO,0.56,"CAMINO PROLONGACION HIDALGO, POBLADO DE SAN JUANICO, SAN JUANICO, ACOLMAN, Estado de México, México"
117,2026-02-09,00:05:00,0,nocturna (22-06),TULTITLAN,METROPOLITANA,S/D,S/D,,,1,H,Se desconoce el Móvil de la Agresión,S/D,,"S/D, S/D, TULTITLAN, Estado de México, México"
118,2026-02-09,00:43:00,0,nocturna (22-06),NICOLAS ROMERO,METROPOLITANA,SAN PABLO DE LA CRUZ,CALLE EUCALIPTO,19.6370831292702,-99.3523740362169,1,H,Se desconoce el Móvil de la Agresión,MANIATADO,3.47,"CALLE EUCALIPTO, SAN PABLO DE LA CRUZ, NICOLAS ROMERO, Estado de México, México"
119,2026-02-09,00:57:00,0,nocturna (22-06),TEOTIHUACAN,ORIENTE,CENTRO,CALLE CERRADA 25 REGIMIENTO,19.6869240158078,-98.8684110963803,1,H,Se desconoce el Móvil de la Agresión,MANIATADO,1.32,"CALLE CERRADA 25 REGIMIENTO, CENTRO, TEOTIHUACAN, Estado de México, México"
120,2026-02-10,04:50:00,4,nocturna (22-06),ATLAUTLA,CHALCO,SAN ANDRES TLALAMAC,CAMINO DE TERRACERIA DIRECCION A SAN JUAN TLACOTOMPA,18.9574166934262,-98.8108473171931,1,H,Por intento de robo,IMPACTO DE ARMA DE FUEGO,8.66,"CAMINO DE TERRACERIA DIRECCION A SAN JUAN TLACOTOMPA, SAN ANDRES TLALAMAC, ATLAUTLA, Estado de México, México"
121,2026-02-10,04:50:00,4,nocturna (22-06),TECAMAC,ECATEPEC,SAN PABLO TECALCO,CALLE DEL PANTEON ESQUINA CON CALLE EL ENCINO,19.6738855751157,-98.9672334072828,1,H,ajuste de cuentas,IMPACTO DE ARMA DE FUEGO,3.92,"CALLE DEL PANTEON ESQUINA CON CALLE EL ENCINO, SAN PABLO TECALCO, TECAMAC, Estado de México, México"
122,2026-02-10,22:45:00,22,nocturna (22-06),ECATEPEC,ECATEPEC,TEXALPA,CALLE FELIPE CARRILLO PUERTO,19.5649203622538,-99.0638276406614,1,H,ajuste de cuentas,IMPACTO DE ARMA DE FUEGO,2.21,"CALLE FELIPE CARRILLO PUERTO, TEXALPA, ECATEPEC, Estado de México, México"
123,2026-02-11,06:00:00,6,matutina (06-14),ECATEPEC,ECATEPEC,TULPETLAC,CALLE FRANCISCO VILLA ESQUINA CON CALLE NUEVO LEÓN,19.5652732773471,-99.0615361899197,1,H,Ataque directo por venta de droga,IMPACTO DE ARMA DE FUEGO,2.11,"CALLE FRANCISCO VILLA ESQUINA CON CALLE NUEVO LEON, TULPETLAC, ECATEPEC, Estado de México, México"
124,2026-02-11,10:14:00,10,matutina (06-14),NEZAHUALCOYOTL,ORIENTE,REFORMA,CALLE ORIENTE 4 ESQUINA CON SUR 2,19.3746880125847,-98.983761603533,1,H,Por intento de robo de motocicleta,IMPACTO DE ARMA DE FUEGO,1.05,"CALLE ORIENTE 4 ESQUINA CON SUR 2, REFORMA, NEZAHUALCOYOTL, Estado de México, México"
125,2026-02-11,14:50:00,14,vespertina (14-22),TEOLOYUCAN,METROPOLITANA,GUADALUPE,CALLE ALCANFORES,19.7529303091886,-99.1753535058689,1,H,Se desconoce el Móvil de la Agresión,IMPACTO DE ARMA DE FUEGO,2.66,"CALLE ALCANFORES, GUADALUPE, TEOLOYUCAN, Estado de México, México"
126,2026-02-12,02:52:00,2,nocturna (22-06),ECATEPEC,ECATEPEC,CIUDAD CUAUHTEMOC,CALLE PINO Y AV LAS FLORES,19.624508,-98.991995,1,H,Se desconoce el Móvil de la Agresión,IMPACTO DE ARMA DE FUEGO,1.0,"CALLE PINO Y AV LAS FLORES, CIUDAD CUAUHTEMOC, ECATEPEC, Estado de México, México"
127,2026-02-12,07:30:00,7,matutina (06-14),TULTEPEC,ECATEPEC,EL MIRADOR,CALLE SAN MARTIN,19.6946575247683,-99.1196016877615,1,M,SIN DATOS,ENVUELTO EN BOLSAS,4.11,"CALLE SAN MARTIN, EL MIRADOR, TULTEPEC, Estado de México, México"
128,2026-02-12,09:32:00,9,matutina (06-14),SAN ANTONIO LA ISLA,VALLE TOLUCA,SAN LUCAS TEPEMAJALCO,CALLE EMELINA GOMEZ NAJERA,19.1623284494352,-99.5631466317969,1,H,Ataque Directo,IMPACTO DE ARMA DE FUEGO,2.98,"CALLE EMELINA GOMEZ NAJERA, SAN LUCAS TEPEMAJALCO, SAN ANTONIO LA ISLA, Estado de México, México"
129,2026-02-13,10:05:00,10,matutina (06-14),NAUCALPAN,METROPOLITANA,SAN JOSE DE LOS LEONES SEGUNDA SECCIÓN,CALLE MIRADOR SAN JOSÉ ESQUINA CON CALLE JEREZ,19.4478686869639,-99.2592470420107,1,H,Probable riña,IMPACTO DE ARMA DE FUEGO,1.86,"CALLE MIRADOR SAN JOSE ESQUINA CON CALLE JEREZ, SAN JOSE DE LOS LEONES SEGUNDA SECCION, NAUCALPAN, Estado de México, México"
130,2026-02-13,23:04:00,23,nocturna (22-06),ECATEPEC,ECATEPEC,CIUDAD CUAUHTEMOC,CALLE EMBAJADA DE LOS ESTADOS UNIDOS ESQUINA CON CALLE PANAMÁ,19.6331551644229,-98.9910532938303,1,H,ajuste de cuentas,IMPACTO DE ARMA DE FUEGO,1.68,"CALLE EMBAJADA DE LOS ESTADOS UNIDOS ESQUINA CON CALLE PANAMA, CIUDAD CUAUHTEMOC, ECATEPEC, Estado de México, México"
131,2026-02-14,05:55:00,5,nocturna (22-06),TIMILPAN,ATLACOMULCO,SAN NICOLAS,"SAN NICOLAS, SEGUNDA MANZANA",19.8820149592279,-99.7392611064523,1,H,Probable riña,IMPACTO DE ARMA DE FUEGO,0.81,"SAN NICOLAS, SEGUNDA MANZANA, SAN NICOLAS, TIMILPAN, Estado de México, México"
132,2026-02-14,13:05:00,13,matutina (06-14),TEXCOCO,ORIENTE,GUADALUPE VICTORIA,AV ÚRSULO GALVÁN Y CAMINO AL RASTRO MUNICIPAL,19.4998625880696,-98.9199742369853,1,H,Se desconoce el Móvil de la Agresión,IMPACTO DE ARMA DE FUEGO,4.43,"AVENIDA URSULO GALVAN Y CAMINO AL RASTRO MUNICIPAL, GUADALUPE VICTORIA, TEXCOCO, Estado de México, México"
133,2026-02-14,23:30:00,23,nocturna (22-06),TEOLOYUCAN,METROPOLITANA,SAN SEBASTIAN,"AV DEL RIO, BARRIO SAN SEBASTIÁN",19.7514407464729,-99.209825313298,1,H,SIN DATOS,IMPACTO DE ARMA DE FUEGO,0.96,"AVENIDA DEL RIO, BARRIO SAN SEBASTIAN, SAN SEBASTIAN, TEOLOYUCAN, Estado de México, México"
134,2026-02-15,07:24:00,7,matutina (06-14),ECATEPEC,ECATEPEC,LOMAS DE ATZOLCO,CALLE MIGUEL HIDALGO ESQUINA CON CALLE 5 DE MAYO,19.6025854325726,-99.0449883669167,1,H,Posible relacion sentimental entre las víctimas,IMPACTO DE ARMA DE FUEGO,0.8,"CALLE MIGUEL HIDALGO ESQUINA CON CALLE 5 DE MAYO, LOMAS DE ATZOLCO, ECATEPEC, Estado de México, México"
135,2026-02-15,22:49:00,22,nocturna (22-06),CUAUTITLAN,METROPOLITANA,JOYAS DE CUAUTITLÁN,CALLE RIO ANDES,19.6861326071936,-99.1479968217045,1,H,Ataque directo,IMPACTO DE ARMA DE FUEGO,5.54,"CALLE RIO ANDES, JOYAS DE CUAUTITLAN, CUAUTITLAN, Estado de México, México"
136,2026-02-16,00:21:00,0,nocturna (22-06),IXTAPALUCA,CHALCO,EMILIANO ZAPATA,AV AGRICULTORES ESQUINA CON AV ZARAGOZA,19.3113762265006,-98.9333967197653,1,H,SIN DATOS,IMPACTO DE ARMA DE FUEGO,1.35,"AVENIDA AGRICULTORES ESQUINA CON AV ZARAGOZA, EMILIANO ZAPATA, IXTAPALUCA, Estado de México, México"
137,2026-02-16,00:46:00,0,nocturna (22-06),ECATEPEC,ECATEPEC,LAS VEGAS XALOSTOC,CALLE WASHINGTON ESQUINA CON DISNEYLANDIA,19.5068958865996,-99.0741890377016,1,H,Intento de robo de vehículo,IMPACTO DE ARMA DE FUEGO,1.14,"CALLE WASHINGTON ESQUINA CON DISNEYLANDIA, LAS VEGAS XALOSTOC, ECATEPEC, Estado de México, México"
138,2026-02-17,22:12:00,22,nocturna (22-06),CUAUTITLAN IZCALLI,METROPOLITANA,SANTA MARIA GUADALUPE LA QUEBRADA,CALLE AMAPOLA,19.5881196562464,-99.1920704036133,4,H,Consumo de droga,IMPACTO DE ARMA DE FUEGO,0.7,"CALLE AMAPOLA, SANTA MARIA GUADALUPE LA QUEBRADA, CUAUTITLAN IZCALLI, Estado de México, México"
139,2026-02-18,13:00:00,13,matutina (06-14),TEOLOYUCAN,METROPOLITANA,SANTO TOMÁS,"AV INDEPENDENCIA ESQUINA CON VICTORIA, BARRIO SANTO TOMAS",19.7636359035338,-99.1718062411858,1,M,Intento de robo de vehículo,IMPACTO DE ARMA DE FUEGO,3.34,"AVENIDA INDEPENDENCIA ESQUINA CON VICTORIA, BARRIO SANTO TOMAS, SANTO TOMAS, TEOLOYUCAN, Estado de México, México"
140,2026-02-18,15:10:00,15,vespertina (14-22),CUAUTITLAN IZCALLI,METROPOLITANA,LOMAS DE LOS ÁNGELES,AV CEDROS ESQUINA CON TONALÁ,19.6326706333683,-99.2354960001755,1,H,Probable riña,IMPACTO DE ARMA DE FUEGO,3.27,"AVENIDA CEDROS ESQUINA CON TONALA, LOMAS DE LOS ANGELES, CUAUTITLAN IZCALLI, Estado de México, México"
141,2026-02-18,19:15:00,19,vespertina (14-22),LA PAZ,ORIENTE,VALLE DE LOS REYES,AV LERMA ESQUINA CON CALLE 15,19.3669980512016,-98.9722722952107,1,H,Ataque directo por venta de droga,IMPACTO DE ARMA DE FUEGO,1.01,"AVENIDA LERMA ESQUINA CON CALLE 15, VALLE DE LOS REYES, LA PAZ, Estado de México, México"
142,2026-02-19,18:00:00,18,vespertina (14-22),TEXCOCO,ORIENTE,SAN PEDRO,CALLE JOSEFA ORTIZ ESQUINA CON CALLE ARTEAGA,19.5117590943496,-98.8876658606147,1,H,Se desconoce el Móvil de la Agresión,IMPACTO DE ARMA DE FUEGO,1.18,"CALLE JOSEFA ORTIZ ESQUINA CON CALLE ARTEAGA, SAN PEDRO, TEXCOCO, Estado de México, México"
143,2026-02-19,23:00:00,23,nocturna (22-06),TULTEPEC,ECATEPEC,VICENTE SUAREZ,CALLE RUBÉN DARIO ESQUINA CON RAMÓN LÓPEZ VELARDE,19.6967578845372,-99.1131504871124,1,H,SIN DATOS,IMPACTO DE ARMA DE FUEGO,3.46,"CALLE RUBEN DARIO ESQUINA CON RAMON LOPEZ VELARDE, VICENTE SUAREZ, TULTEPEC, Estado de México, México"
144,2026-02-19,23:30:00,23,nocturna (22-06),NEZAHUALCOYOTL,ORIENTE,METROPOLITANA 2DA SECCION,CALLE HEMICICLO A JUAREZ ESQUINA CON INDIO TRISTE,19.391292960796,-99.0305709884087,1,H,posible robo,IMPACTO DE ARMA DE FUEGO,0.38,"CALLE HEMICICLO A JUAREZ ESQUINA CON INDIO TRISTE, METROPOLITANA 2DA SECCION, NEZAHUALCOYOTL, Estado de México, México"
145,2026-02-20,18:05:00,18,vespertina (14-22),TLALNEPANTLA,METROPOLITANA,PRENSA NACIONAL,CALLE 8 COLUMNAS ESQUINA CON EXCELSIOR,19.511005248629,-99.1699441914402,1,H,Se desconoce el Móvil de la Agresión,IMPACTO DE ARMA DE FUEGO,0.66,"CALLE 8 COLUMNAS ESQUINA CON EXCELSIOR, PRENSA NACIONAL, TLALNEPANTLA, Estado de México, México"
146,2026-02-20,21:40:00,21,vespertina (14-22),LA PAZ,ORIENTE,VALLE DE LOS REYES,AV ATLACOMULCO,19.3699204060581,-98.9714180773887,2,H,Ataque directo por venta de droga,IMPACTO DE ARMA DE FUEGO,0.68,"AVENIDA ATLACOMULCO, VALLE DE LOS REYES, LA PAZ, Estado de México, México"
147,2026-02-21,,,sin dato,TEMASCALCINGO,ATLACOMULCO,SAN JOSE SOLIS,CARRETERA TEMASCALCINGO-AMEALCO,19.9611402444844,-100.021379183555,1,H,Se desconoce el Móvil de la Agresión,IMPACTO DE ARMA DE FUEGO,3.71,"CARRETERA TEMASCALCINGO-AMEALCO, SAN JOSE SOLIS, TEMASCALCINGO, Estado de México, México"
148,2026-02-21,,,sin dato,JIQUIPILCO,ATLACOMULCO,SANTA CRUZ TEPEXPAN,MANZANA PRIMERA DE JIQUIPILCO,19.5730266880017,-99.6910965513349,1,H,Por el control de la zona por la venta de drogas,IMPACTO DE ARMA DE FUEGO,7.15,"MANZANA PRIMERA DE JIQUIPILCO, SANTA CRUZ TEPEXPAN, JIQUIPILCO, Estado de México, México"
149,2026-02-21,,,sin dato,TEMOAYA,VALLE TOLUCA,"LLANO DE LA ""Y""",CALLE ADOLFO LOPEZ MATEOS ESQUINA LUIS DONALDO COLOSIO,19.4041880221544,-99.6182300746519,1,M,SIN DATOS,IMPACTO DE ARMA DE FUEGO,0.18,"CALLE ADOLFO LOPEZ MATEOS ESQUINA LUIS DONALDO COLOSIO, LLANO DE LA ""Y"", TEMOAYA, Estado de México, México"
150,2026-02-23,,,sin dato,TEOLOYUCAN,METROPOLITANA,SAN SEBASTIAN,AV VENUSTIANO CARRANZA ESQUINA LUMBRERAS,19.7513630301489,-99.209576729398,1,H,Por venta de terreno,IMPACTO DE ARMA DE FUEGO,0.94,"AVENIDA VENUSTIANO CARRANZA ESQUINA LUMBRERAS, SAN SEBASTIAN, TEOLOYUCAN, Estado de México, México"
151,2026-02-23,,,sin dato,TOLUCA,VALLE TOLUCA,SAN LUIS OBISPO,CALLE PASEO DE LOS MATLAZINCAS ESQUINA CON ZAPOTECAS,19.3001749681423,-99.6647933153372,1,H,SIN DATOS,IMPACTO DE ARMA DE FUEGO,1.95,"CALLE PASEO DE LOS MATLAZINCAS ESQUINA CON ZAPOTECAS, SAN LUIS OBISPO, TOLUCA, Estado de México, México"
152,2026-02-24,06:10:00,6,matutina (06-14),NAUCALPAN,METROPOLITANA,CIUDAD DE LOS CIPRESES,"CALLE LOS ARCOS COL CIUDAD LOS CIPRESES LAS BRISAS, PARAJE LAS CABALLERIZAS",19.4671925787606,-99.2591779455052,2,H,Se desconoce el Móvil de la Agresión,IMPACTO DE ARMA DE FUEGO,2.2,"CALLE LOS ARCOS COL CIUDAD LOS CIPRESES LAS BRISAS, PARAJE LAS CABALLERIZAS, CIUDAD DE LOS CIPRESES, NAUCALPAN, Estado de México, México"
153,2026-02-24,09:42:00,9,matutina (06-14),COYOTEPEC,ECATEPEC,SEGUNDA SECCIÓN DEL BARRIO DE SANTIAGO,CARRETERA LUMBRERA,19.7741754934434,-99.226691363847,2,H,un ajuste de cuentas,IMPACTO DE ARMA DE FUEGO,3.77,"CARRETERA LUMBRERA, SEGUNDA SECCION DEL BARRIO DE SANTIAGO, COYOTEPEC, Estado de México, México"
154,2026-02-25,09:00:00,9,matutina (06-14),TULTEPEC,ECATEPEC,EL MIRADOR,CALLE SAN JOSÉ ORIENTE Y CERRADA DE SAN JOSÉ,19.6984149124778,-99.1185971981077,2,H,SIN DATOS,RESTOS HUMANOS,4.05,"CALLE SAN JOSE ORIENTE Y CERRADA DE SAN JOSE, EL MIRADOR, TULTEPEC, Estado de México, México"
155,2026-02-26,,,sin dato,IXTAPAN DEL ORO,VALLE DE BRAVO,MIAHUATLÁN DE HIDALGO,SANTA CRUZ MIAHUATLÁN,19.30525,-100.293984,1,H,Probable riña,IMPACTO DE ARMA DE FUEGO,15.66,"SANTA CRUZ MIAHUATLAN, MIAHUATLAN DE HIDALGO, IXTAPAN DEL ORO, Estado de México, México"
156,2026-02-26,00:40:00,0,nocturna (22-06),ECATEPEC,ECATEPEC,LOMAS DE SAN CARLOS,AV TOLUCA ESQUINA CHICONCUAC 28,19.5790697784526,-99.0566409066636,1,H,Ataque directo por venta de droga,IMPACTO DE ARMA DE FUEGO,3.1,"AVENIDA TOLUCA ESQUINA CHICONCUAC 28, LOMAS DE SAN CARLOS, ECATEPEC, Estado de México, México"
157,2026-02-27,07:50:00,7,matutina (06-14),OCOYOACAC,VALLE TOLUCA,LOS CHIRINOS,CARRETERA MÉXICO-TOLUCA KM 44+100,19.2851573809682,-99.4574205092006,1,H,Se desconoce el Móvil de la Agresión,IMPACTO DE ARMA DE FUEGO,8.72,"CARRETERA MEXICO-TOLUCA KM 44+100, LOS CHIRINOS, OCOYOACAC, Estado de México, México"
158,2026-02-27,22:11:00,22,nocturna (22-06),JOQUICINGO,IXTAPAN,SAN PEDRO TECHUCHULCO,CALLE VISTA HERMOSA,19.1124313295474,-99.5247989449496,2,H,Ataque Directo,IMPACTO DE ARMA DE FUEGO,0.58,"CALLE VISTA HERMOSA, SAN PEDRO TECHUCHULCO, JOQUICINGO, Estado de México, México"
159,2026-02-28,00:50:00,0,nocturna (22-06),NICOLAS ROMERO,METROPOLITANA,COLMENA CENTRO,CALLE PUEBLO VIEJO ESQUINA CON CASAS NUEVAS,19.6033669811134,-99.2910039798936,1,H,Sin datos,GOLPES CONTUSOS,3.0,"CALLE PUEBLO VIEJO ESQUINA CON CASAS NUEVAS, COLMENA CENTRO, NICOLAS ROMERO, Estado de México, México"
160,2026-02-28,09:50:00,9,matutina (06-14),ATENCO,ORIENTE,EL SALADO,CALLE JACARANDAS,19.5972090313031,-98.9663368419248,1,H,Se desconoce el Móvil de la Agresión,ENVUELTO EN BOLSAS,2.22,"CALLE JACARANDAS, EL SALADO, ATENCO, Estado de México, México"
161,2026-02-28,11:13:00,11,matutina (06-14),NAUCALPAN,METROPOLITANA,EL MOLINITO,AV 18 DE MARZO ESQUINA CON CALLE CJON. JACARANDAS,19.4547805532754,-99.2342941971363,2,H,Dias antes recibieron amenazas por una sobrina por un predio,IMPACTO DE ARMA DE FUEGO,1.4,"AVENIDA 18 DE MARZO ESQUINA CON CALLE CJON. JACARANDAS, EL MOLINITO, NAUCALPAN, Estado de México, México"
162,2026-03-01,00:00:00,0,nocturna (22-06),IXTAPALUCA,CHALCO,SAN JUAN TLALPIZAHUAC,CALLE AGRICULTURA ESQUINA CON EMILIANO ZAPATA,19.3256248786696,-98.9493850504234,1,H,SIN DATOS,IMPACTO DE ARMA DE FUEGO,1.01,"CALLE AGRICULTURA ESQUINA CON EMILIANO ZAPATA, SAN JUAN TLALPIZAHUAC, IXTAPALUCA, Estado de México, México"
163,2026-03-01,11:00:00,11,matutina (06-14),TEOLOYUCAN,METROPOLITANA,SANTO TOMÁS,AV G.R. DE LA CADENA,19.7714187726633,-99.1632852147878,1,H,un ajuste de cuentas,IMPACTO DE ARMA DE FUEGO,4.53,"AVENIDA G.R. DE LA CADENA, SANTO TOMAS, TEOLOYUCAN, Estado de México, México"
164,2026-03-01,22:22:00,22,nocturna (22-06),TECAMAC,ECATEPEC,SANTA CRUZ,CALLE CAPILLA DE LOS ANGELES ESQUINA CON CAPILLA SIXTINA,19.6980107346948,-98.9445363606781,1,H,Por intento de robo de motocicleta,IMPACTO DE ARMA DE FUEGO,6.94,"CALLE CAPILLA DE LOS ANGELES ESQUINA CON CAPILLA SIXTINA, SANTA CRUZ, TECAMAC, Estado de México, México"
165,2026-03-02,07:50:00,7,matutina (06-14),TULTITLAN,METROPOLITANA,BUENAVISTA,AV DE LAS TORRES ESQUINA CON CALLE ALHELÍES,19.6101922118258,-99.1766919514598,2,H,Sin datos,IMPACTO DE ARMA DE FUEGO,1.34,"AVENIDA DE LAS TORRES ESQUINA CON CALLE ALHELIES, BUENAVISTA, TULTITLAN, Estado de México, México"
166,2026-03-03,12:20:00,12,matutina (06-14),TECAMAC,ECATEPEC,LOS REYES ACOZAC,AV FERROCARRIL HIDALGO,19.7666754670088,-99.008319659422,1,H,un ajuste de cuentas,GOLPES CONTUSOS,3.8,"AVENIDA FERROCARRIL HIDALGO, LOS REYES ACOZAC, TECAMAC, Estado de México, México"
167,2026-03-03,22:25:00,22,nocturna (22-06),NICOLAS ROMERO,METROPOLITANA,VICENTE GUERRERO,CD. ADOLFO LÓPEZ MATEOS ESQUINA CON ÁLVARO OBREGÓN,19.6150714708171,-99.3075303521273,1,H,Se presume crimen pasional,IMPACTO DE ARMA DE FUEGO,1.83,"CD. ADOLFO LOPEZ MATEOS ESQUINA CON ALVARO OBREGON, VICENTE GUERRERO, NICOLAS ROMERO, Estado de México, México"
168,2026-03-04,00:21:00,0,nocturna (22-06),TEPOTZOTLAN,METROPOLITANA,SAN MIGUEL CAÑADAS,CARRETERA TEPOTZOTLÁN- ARCOS DEL SITIO KM 19,19.7221730437323,-99.345572058653,1,H,Ataque directo,AGRESION,11.21,"CARRETERA TEPOTZOTLAN- ARCOS DEL SITIO KM 19, SAN MIGUEL CANADAS, TEPOTZOTLAN, Estado de México, México"
169,2026-03-04,08:30:00,8,matutina (06-14),ATENCO,ORIENTE,SAN SALVADOR ATENCO,AV PARQUE NACIONAL,19.5486254273496,-98.9284078390158,1,H,Se desconoce el Móvil de la Agresión,MANIATADO,3.3,"AVENIDA PARQUE NACIONAL, SAN SALVADOR ATENCO, ATENCO, Estado de México, México"
170,2026-03-05,01:40:00,1,nocturna (22-06),XONACATLAN,VALLE TOLUCA,S/D,S/D,,,1,H,SIN DATOS,IMPACTO DE ARMA DE FUEGO,,"S/D, S/D, XONACATLAN, Estado de México, México"
171,2026-03-06,00:05:00,0,nocturna (22-06),JALTENCO,ECATEPEC,ALBORADA JALTENCO,CALLE ARRECIFE,19.665212576789,-99.0666489472055,1,H,Intento de robo de vehículo,IMPACTO DE ARMA DE FUEGO,3.23,"CALLE ARRECIFE, ALBORADA JALTENCO, JALTENCO, Estado de México, México"
172,2026-03-06,08:02:00,8,matutina (06-14),TECAMAC,ECATEPEC,LOMAS DE TECÁMAC,CALLE FRONTERA,19.6590247483177,-99.0028852754375,1,H,Intento de asalto,SIGNOS DE VIOLENCIA,0.23,"CALLE FRONTERA, LOMAS DE TECAMAC, TECAMAC, Estado de México, México"
173,2026-03-07,00:00:00,0,nocturna (22-06),AMECAMECA,CHALCO,SANTA ISABEL CHALMA,CARRETERA CHALMA,19.1510023585307,-98.7640614063268,1,H,Ajuste de cuentas por venta de droga,IMPACTO DE ARMA DE FUEGO,3.35,"CARRETERA CHALMA, SANTA ISABEL CHALMA, AMECAMECA, Estado de México, México"
174,2026-03-07,09:00:00,9,matutina (06-14),NAUCALPAN,METROPOLITANA,CIUDAD BRISAS,AV CIRCUNVALACIÓN PONIENTE,19.482600173801,-99.2647258213039,1,H,Se desconoce el Móvil de la Agresión,IMPACTO DE ARMA DE FUEGO,2.35,"AVENIDA CIRCUNVALACION PONIENTE, CIUDAD BRISAS, NAUCALPAN, Estado de México, México"
175,2026-03-08,01:30:00,1,nocturna (22-06),TLALNEPANTLA,METROPOLITANA,TABLA HONDA,CALLE REYES HEROLES ENTRE FRESNO Y OYAMEL,19.5506711863556,-99.1842345277798,1,M,Ataque directo,IMPACTO DE ARMA DE FUEGO,2.27,"CALLE REYES HEROLES ENTRE FRESNO Y OYAMEL, TABLA HONDA, TLALNEPANTLA, Estado de México, México"
176,2026-03-08,16:00:00,16,vespertina (14-22),ECATEPEC,ECATEPEC,JARDINES DE CASA NUEVA,CALLE 2 ESQUINA PUERTO SAN BLAS,19.5475225906042,-99.0446752432109,1,H,Asalto a negocio,IMPACTO DE ARMA DE FUEGO,0.71,"CALLE 2 ESQUINA PUERTO SAN BLAS, JARDINES DE CASA NUEVA, ECATEPEC, Estado de México, México"
177,2026-03-08,23:15:00,23,nocturna (22-06),MELCHOR OCAMPO,ECATEPEC,SAN ISIDRO,CALLE HOMBRES ILUSTRES,19.7045777061993,-99.1421029207258,1,H,Ataque directo,IMPACTO DE ARMA DE FUEGO,6.59,"CALLE HOMBRES ILUSTRES, SAN ISIDRO, MELCHOR OCAMPO, Estado de México, México"
178,2026-03-08,23:59:00,23,nocturna (22-06),HUIXQUILUCAN,METROPOLITANA,BALCONES DE LA RESIDENCIA,CALLE PALO SOLO ESQUINA SECRETARÍA DE LA PRESIDENCIA,19.4175799586079,-99.268170901037,2,H,Se desconoce el Móvil de la Agresión,IMPACTO DE ARMA DE FUEGO,1.76,"CALLE PALO SOLO ESQUINA SECRETARIA DE LA PRESIDENCIA, BALCONES DE LA RESIDENCIA, HUIXQUILUCAN, Estado de México, México"
179,2026-03-09,03:08:00,3,nocturna (22-06),TOLUCA,VALLE TOLUCA,TLACHALOYA 1RA SECCIÓN,CALLE INDEPENDENCIA Y SIMON BOLIVAR,19.4482753239192,-99.6635087468711,1,H,SIN DATOS,IMPACTO DE ARMA DE FUEGO,6.72,"CALLE INDEPENDENCIA Y SIMON BOLIVAR, TLACHALOYA 1RA SECCION, TOLUCA, Estado de México, México"
180,2026-03-09,08:15:00,8,matutina (06-14),ECATEPEC,ECATEPEC,BENITO JUAREZ 3RA SECCIÓN,CALLE ANTONIO PLAZA ESQUINA IGNACIO ALTAMIRANO,19.5640011755845,-99.064485289422,1,H,Se desconoce el Móvil de la Agresión,IMPACTO DE ARMA DE FUEGO,2.17,"CALLE ANTONIO PLAZA ESQUINA IGNACIO ALTAMIRANO, BENITO JUAREZ 3RA SECCION, ECATEPEC, Estado de México, México"
181,2026-03-09,21:00:00,21,vespertina (14-22),ECATEPEC,ECATEPEC,FUENTES DE ARAGÓN,AV PICHARDO ESQUINA OLMECAS,19.5137210422613,-99.0320665066667,1,H,Se desconoce el Móvil de la Agresión,IMPACTO DE ARMA DE FUEGO,0.72,"AVENIDA PICHARDO ESQUINA OLMECAS, FUENTES DE ARAGON, ECATEPEC, Estado de México, México"
182,2026-03-10,13:00:00,13,matutina (06-14),NAUCALPAN,METROPOLITANA,PUEBLO SANTIAGO TEPETLAOXTOC,AV PUENTE DE PIEDRA BARRIO LAS ARENILLAS,19.4974401653284,-99.3072018330935,1,H,Se desconoce el Móvil de la Agresión,IMPACTO DE ARMA DE FUEGO,6.82,"AVENIDA PUENTE DE PIEDRA BARRIO LAS ARENILLAS, PUEBLO SANTIAGO TEPETLAOXTOC, NAUCALPAN, Estado de México, México"
183,2026-03-10,15:30:00,15,vespertina (14-22),TEPETLAOXTOC,ORIENTE,SAN BERNARDO TLALMIMILOLPAN,CALLE SIN NOMBRE,19.5574783853568,-98.7986231092827,1,H,Se desconoce el Móvil de la Agresión,SIGNOS DE VIOLENCIA,8.62,"CALLE SIN NOMBRE KM 138, SAN BERNARDO TLALMIMILOLPAN, TEPETLAOXTOC, Estado de México, México"
184,2026-03-10,15:45:00,15,vespertina (14-22),HUEYPOXTLA,ECATEPEC,SAN FRANCISCO ZACACALCO,CALLE CERRITOS,19.9283019700504,-98.9835851461659,1,H,SIN DATOS,MANIATADO,18.51,"CALLE CERRITOS, SAN FRANCISCO ZACACALCO, HUEYPOXTLA, Estado de México, México"
185,2026-03-11,07:30:00,7,matutina (06-14),CUAUTITLAN,METROPOLITANA,SANTA MARÍA HUECATITLA,CAMINO A TERRACERIA ESQUINA AV RANCHO LOS AMORES,19.7198860522218,-99.1633690500403,1,H,Sin datos,IMPACTO DE ARMA DE FUEGO,5.2,"CAMINO A TERRACERIA ESQUINA AV RANCHO LOS AMORES, SANTA MARIA HUECATITLA, CUAUTITLAN, Estado de México, México"
186,2026-03-11,15:19:00,15,vespertina (14-22),SAN MARTIN DE LAS PIRAMIDES,ORIENTE,CENTRO,AV JUSTO SIERRA,19.7056627278087,-98.8356424430877,1,H,Se desconoce el Móvil de la Agresión,IMPACTO DE ARMA DE FUEGO,0.11,"AVENIDA JUSTO SIERRA, CENTRO, SAN MARTIN DE LAS PIRAMIDES, Estado de México, México"
187,2026-03-11,22:55:00,22,nocturna (22-06),IXTAPALUCA,CHALCO,UNIDAD HABITACIONAL CAPILLA,CALLE CAMINO REAL ESQUINA FRANCISCO VILLA,19.3182641918217,-98.8789366826648,1,H,Se desconoce el Móvil de la Agresión,IMPACTO DE ARMA DE FUEGO,1.55,"CALLE CAMINO REAL ESQUINA FRANCISCO VILLA, UNIDAD HABITACIONAL CAPILLA, IXTAPALUCA, Estado de México, México"
188,2026-03-12,10:56:00,10,matutina (06-14),TOLUCA,VALLE TOLUCA,SAN FRANCISCO TOTOLTEPEC,AV LAS PARTIDAS ESQUINA CON PRIVADA DE LAS PARTIDAS,19.3355067347556,-99.5537193471743,1,H,SIN DATOS,SIGNOS DE VIOLENCIA,4.81,"AVENIDA LAS PARTIDAS ESQUINA CON PRIVADA DE LAS PARTIDAS, SAN FRANCISCO TOTOLTEPEC, TOLUCA, Estado de México, México"
189,2026-03-12,14:20:00,14,vespertina (14-22),CUAUTITLAN IZCALLI,METROPOLITANA,EJIDO LA PIEDAD,CALLE ANTONIO CASTRO ESQUINA CALLE PONIENTE,19.6675142225523,-99.2360433718151,1,H,Discusion por accidente,IMPACTO DE ARMA DE FUEGO,2.59,"CALLE ANTONIO CASTRO ESQUINA CALLE PONIENTE, EJIDO LA PIEDAD, CUAUTITLAN IZCALLI, Estado de México, México"
190,2026-03-12,22:58:00,22,nocturna (22-06),ECATEPEC,ECATEPEC,SANTA MARÍA TULPETLAC,AV DE LAS TORRES ESQUINA CON CALLE BUGAMBILIAS,19.5716981303923,-99.0622304695098,1,H,SIN DATOS,IMPACTO DE ARMA DE FUEGO,2.78,"AVENIDA DE LAS TORRES ESQUINA CON CALLE BUGAMBILIAS, SANTA MARIA TULPETLAC, ECATEPEC, Estado de México, México"
191,2026-03-13,00:55:00,0,nocturna (22-06),CHICOLOAPAN,ORIENTE,REAL DE COSTITLAN,AV REAL DEL MONTE,19.4132565487911,-98.8824736351006,1,H,dos sujetos intentan despojarlo de sus pertenencias y al oponer resistencia le disparan hiriéndolo en la cabeza,IMPACTO DE ARMA DE FUEGO,3.91,"AVENIDA REAL DEL MONTE, REAL DE COSTITLAN, CHICOLOAPAN, Estado de México, México"
192,2026-03-13,01:00:00,1,nocturna (22-06),JALTENCO,ECATEPEC,ALBORADA JALTENCO,4TO ANDADOR DE ARRECIFE,19.6616696796622,-99.0660408746928,1,H,SIN DATOS,IMPACTO DE ARMA DE FUEGO,3.27,"4TO ANDADOR DE ARRECIFE, ALBORADA JALTENCO, JALTENCO, Estado de México, México"
193,2026-03-13,19:24:00,19,vespertina (14-22),TLALNEPANTLA,METROPOLITANA,AMPLIACION LOMAS DE SAN ANDRES ATENCO,CALLE PUERTO TAMPICO,19.5423432605262,-99.2306748133159,1,H,Consumo de droga,IMPACTO DE ARMA DE FUEGO,2.2,"CALLE PUERTO TAMPICO, AMPLIACION LOMAS DE SAN ANDRES ATENCO, TLALNEPANTLA, Estado de México, México"
194,2026-03-14,02:00:00,2,nocturna (22-06),VALLE DE CHALCO,CHALCO,DARIO MARTINEZ II,CALLE JOSE MARIA MORELOS,19.3140634051915,-98.9441263983355,1,H,AJUSTE DE CUENTAS POR VENTA DE DROGA,IMPACTO DE ARMA DE FUEGO,0.84,"CALLE JOSE MARIA MORELOS, DARIO MARTINEZ II, VALLE DE CHALCO, Estado de México, México"
195,2026-03-14,15:00:00,15,vespertina (14-22),NEZAHUALCOYOTL,ORIENTE,ATLACOMULCO,AV NEZAHUALCOYOTL 202 ESQUINA COATEPEC,19.4014006807543,-99.037876843079,1,H,posible problemas entre particulares,IMPACTO DE ARMA DE FUEGO,1.21,"AVENIDA NEZAHUALCOYOTL 202 ESQUINA COATEPEC, ATLACOMULCO, NEZAHUALCOYOTL, Estado de México, México"
196,2026-03-14,19:00:00,19,vespertina (14-22),ECATEPEC,ECATEPEC,MEDIA LUNA,CALLE TIERRA ESQUINA VENUS,19.4898969058501,-99.0160953283541,1,H,SIN DATOS,IMPACTO DE ARMA DE FUEGO,3.31,"CALLE TIERRA ESQUINA VENUS, MEDIA LUNA, ECATEPEC, Estado de México, México"
197,2026-03-15,21:50:00,21,vespertina (14-22),TEXCOCO,ORIENTE,EN CALLES DEL MUNICIPIO,S/D,,,2,S/D,Se desconoce el Móvil de la Agresión,S/D,,"S/D, EN CALLES DEL MUNICIPIO, TEXCOCO, Estado de México, México"
198,2026-03-16,01:51:00,1,nocturna (22-06),TLALNEPANTLA,METROPOLITANA,IGNACIO ALLENDE,CALLE SAN JUAN IXHUATEPEC,19.5164624439587,-99.1056441266901,1,H,Probable riña,IMPACTO DE ARMA DE FUEGO,0.89,"CALLE SAN JUAN IXHUATEPEC, IGNACIO ALLENDE, TLALNEPANTLA, Estado de México, México"
199,2026-03-16,21:35:00,21,vespertina (14-22),ECATEPEC,ECATEPEC,JARDINES DE MORELOS,AV JARDINES DE MORELOS ESQUINA CON CALLE GENERAL GALEANA,19.596908789995,-98.994846466846,1,H,SIN DATOS,IMPACTO DE ARMA DE FUEGO,1.86,"AVENIDA JARDINES DE MORELOS ESQUINA CON CALLE GENERAL GALEANA, JARDINES DE MORELOS, ECATEPEC, Estado de México, México"
200,2026-03-16,23:03:00,23,nocturna (22-06),NAUCALPAN,METROPOLITANA,AHUIZOTLA,AV FERROCARRILES NACIONALES ESQUINA CON SANTIAGO AHUIZOTLA,19.4708205014788,-99.2111902094841,1,H,Probable riña,IMPACTO DE ARMA DE FUEGO,1.08,"AVENIDA FERROCARRILES NACIONALES ESQUINA CON SANTIAGO AHUIZOTLA, AHUIZOTLA, NAUCALPAN, Estado de México, México"
201,2026-03-16,23:30:00,23,nocturna (22-06),TLALNEPANTLA,METROPOLITANA,LAZARO CARDENAS,CALLE EXCURSIONISTAS AGUILAS,19.5362978165857,-99.1218991900369,1,H,Sin datos,IMPACTO DE ARMA DE FUEGO,3.11,"CALLE EXCURSIONISTAS AGUILAS, LAZARO CARDENAS, TLALNEPANTLA, Estado de México, México"
202,2026-03-17,00:00:00,0,nocturna (22-06),AXAPUSCO,ORIENTE,JALTEPEC,CAMINO DE TERRACERIA SIN NOMBRE,19.727717256301,-98.6330673122224,1,H,Se desconoce el Móvil de la Agresión,IMPACTO DE ARMA DE FUEGO,4.02,"CAMINO DE TERRACERIA SIN NOMBRE, JALTEPEC, AXAPUSCO, Estado de México, México"
203,2026-03-18,02:05:00,2,nocturna (22-06),TULTITLAN,METROPOLITANA,AMPLIACION BUENA VISTA 2A SECCION,CALLE DEL ROSAL,19.5848508286199,-99.1667496628371,1,H,Posible Crimel Pasional,LESIONES ARMA BLANCA,1.67,"CALLE DEL ROSAL, AMPLIACION BUENA VISTA 2A SECCION, TULTITLAN, Estado de México, México"
204,2026-03-18,16:00:00,16,vespertina (14-22),NAUCALPAN,METROPOLITANA,HIDALGO,AV RIO HONDO ESQUINA CON CALLEJON SANTO TOMAS Y VASCO DE QUIROGA,19.4429797387527,-99.2479696256055,1,H,Sin datos,IMPACTO DE ARMA DE FUEGO,1.05,"AVENIDA RIO HONDO ESQUINA CON CALLEJON SANTO TOMAS Y VASCO DE QUIROGA, HIDALGO, NAUCALPAN, Estado de México, México"
205,2026-03-18,18:36:00,18,vespertina (14-22),OTUMBA,ORIENTE,TLALMIMILOLPA,CALLE DOROTEO ARANGO,19.6796979064125,-98.7568242637883,1,H,Ajuste de cuentas por venta de droga,IMPACTO DE ARMA DE FUEGO,2.02,"CALLE DOROTEO ARANGO, TLALMIMILOLPA, OTUMBA, Estado de México, México"
206,2026-03-19,08:00:00,8,matutina (06-14),TULTITLAN,METROPOLITANA,BUENAVISTA,CALLE PALMA,19.6558567972474,-99.1723823250997,1,M,Probable riña,IMPACTO DE ARMA DE FUEGO,2.14,"CALLE PALMA, BUENAVISTA, TULTITLAN, Estado de México, México"
207,2026-03-20,18:08:00,18,vespertina (14-22),COYOTEPEC,ECATEPEC,PUEBLO NUEVO,CALLE HIDALGO ESQUINA CON CALLE VILLA,19.7879949162275,-99.2036145305242,1,H,SIN DATOS,IMPACTO DE ARMA DE FUEGO,4.02,"CALLE HIDALGO ESQUINA CON CALLE VILLA, PUEBLO NUEVO, COYOTEPEC, Estado de México, México"
208,2026-03-20,19:17:00,19,vespertina (14-22),CUAUTITLAN IZCALLI,METROPOLITANA,CONJUNTO URBANO LOMAS DE CUAUTITLAN,CALLE SAN FRANCISCO DE ASIS ESQUINA CON CALLE SAN MATEO,19.6539586168711,-99.2530288703977,1,H,Probable riña,IMPACTO DE ARMA DE FUEGO,4.87,"CALLE SAN FRANCISCO DE ASIS ESQUINA CON CALLE SAN MATEO, CONJUNTO URBANO LOMAS DE CUAUTITLAN, CUAUTITLAN IZCALLI, Estado de México, México"
209,2026-03-21,13:26:00,13,matutina (06-14),JUCHITEPEC,CHALCO,S/D,DOMICILIO CONOCIDO ESQUINA CON CALLE AHUEHUETE,19.147432809466,-98.8616967055739,1,H,Ajuste de cuentas por venta de droga,IMPACTO DE ARMA DE FUEGO,4.14,"DOMICILIO CONOCIDO ESQUINA CON CALLE AHUEHUETE, S/D, JUCHITEPEC, Estado de México, México"
210,2026-03-22,11:00:00,11,matutina (06-14),TULTITLAN,METROPOLITANA,LA CONCEPCION,CIRCUITO EXTERIOR MEXIQUENSE KM 06+500,19.6380230575128,-99.1781932669613,1,H,Sin datos,IMPACTO DE ARMA DE FUEGO,2.73,"CIRCUITO EXTERIOR MEXIQUENSE KM 06+500 KM 06+500, LA CONCEPCION, TULTITLAN, Estado de México, México"
211,2026-03-22,21:00:00,21,vespertina (14-22),TEOLOYUCAN,METROPOLITANA,SAN BARTOLO,CALLE RAMON GUZMAN ESQUINA NIÑOS HEROES,19.7295097405921,-99.1590361753277,1,M,SIN DATOS,IMPACTO DE ARMA DE FUEGO,4.96,"CALLE RAMON GUZMAN ESQUINA NINOS HEROES, SAN BARTOLO, TEOLOYUCAN, Estado de México, México"
212,2026-03-23,00:10:00,0,nocturna (22-06),ACOLMAN,ECATEPEC,SAN JOSE,CALLE SAN JOSE ESQUINA CON SAN MARCOS NEPANTLA,19.6586899121516,-98.9109144110681,1,H,SIN DATOS,IMPACTO DE ARMA DE FUEGO,2.68,"CALLE SAN JOSE ESQUINA CON SAN MARCOS NEPANTLA, SAN JOSE, ACOLMAN, Estado de México, México"
213,2026-03-23,07:30:00,7,matutina (06-14),ZUMPANGO,ECATEPEC,LOMA GRANDE,AV JUAREZ ESQUINA CON LOMA NORTE,19.812338918634,-99.1690762428624,1,H,SIN DATOS,IMPACTO DE ARMA DE FUEGO,2.44,"AVENIDA JUAREZ ESQUINA CON LOMA NORTE, LOMA GRANDE, ZUMPANGO, Estado de México, México"
214,2026-03-24,12:30:00,12,matutina (06-14),VALLE DE CHALCO,CHALCO,SAN MIGUEL LAS TABLAS,AV LAS BOMBAS ESQUINA CON CALLE LAUREL,19.2903805006069,-98.969430596303,1,H,ROBO,IMPACTO DE ARMA DE FUEGO,1.94,"AVENIDA LAS BOMBAS ESQUINA CON CALLE LAUREL, SAN MIGUEL LAS TABLAS, VALLE DE CHALCO, Estado de México, México"
215,2026-03-24,14:50:00,14,vespertina (14-22),ECATEPEC,ECATEPEC,JARDINES DE MORELOS,CALLE SABINO,19.5912092097686,-99.0312857372419,1,H,SIN DATOS,IMPACTO DE ARMA DE FUEGO,0.83,"CALLE SABINO, JARDINES DE MORELOS, ECATEPEC, Estado de México, México"
216,2026-03-25,22:30:00,22,nocturna (22-06),COYOTEPEC,ECATEPEC,SANTIAGO,CALLE CONSTITUCIÓN ESQUINA PACHUCA,19.7775491857096,-99.2174008443295,1,H,SIN DATOS,IMPACTO DE ARMA DE FUEGO,3.45,"CALLE CONSTITUCION ESQUINA PACHUCA, SANTIAGO, COYOTEPEC, Estado de México, México"
217,2026-03-25,23:15:00,23,nocturna (22-06),TULTEPEC,ECATEPEC,AMPLIACIÓN LA PIEDAD,CALLE MARIANO DE ABASOLO ESQUINA 1RA DE MARIANO DE ABASOLO,19.6928506876665,-99.127667653246,1,H,SIN DATOS,IMPACTO DE ARMA DE FUEGO,4.95,"CALLE MARIANO DE ABASOLO ESQUINA 1RA DE MARIANO DE ABASOLO, AMPLIACION LA PIEDAD, TULTEPEC, Estado de México, México"
218,2026-03-26,02:00:00,2,nocturna (22-06),POLOTITLAN,ATLACOMULCO,S/D,CARRETERA TAXHIE-POLOTITLÁN,20.2306301040582,-99.9048202148416,2,H,Posible ajuste de cuentas,IMPACTO DE ARMA DE FUEGO,9.38,"CARRETERA TAXHIE-POLOTITLAN, S/D, POLOTITLAN, Estado de México, México"
219,2026-03-27,08:50:00,8,matutina (06-14),CHIMALHUACAN,ORIENTE,PORTEZUELOS,CALLE LAGO DE CHAPALA ESQUINA CALLE RIO LERMA,19.391271903134,-98.9389987887894,1,H,Se desconoce el Móvil de la Agresión,IMPACTO DE ARMA DE FUEGO,2.83,"CALLE LAGO DE CHAPALA ESQUINA CALLE RIO LERMA, PORTEZUELOS, CHIMALHUACAN, Estado de México, México"
220,2026-03-27,15:50:00,15,vespertina (14-22),CHALCO,CHALCO,LO HÉROES CHALCO,AV CARRO DEL PEDREGAL DE LA TEJA,19.2629360415488,-98.8423389730028,1,H,Ajuste de cuentas por venta de droga,IMPACTO DE ARMA DE FUEGO,1.44,"AVENIDA CARRO DEL PEDREGAL DE LA TEJA, LO HEROES CHALCO, CHALCO, Estado de México, México"
221,2026-03-27,21:00:00,21,vespertina (14-22),ECATEPEC,ECATEPEC,EL PARQUE,CALLE PARQUE DE LOS VENADOS ESQUINA CON CALLE CANGURO Y DINOSAURIO,19.5683976990439,-99.0636147598848,1,H,SIN DATOS,IMPACTO DE ARMA DE FUEGO,2.52,"CALLE PARQUE DE LOS VENADOS ESQUINA CON CALLE CANGURO Y DINOSAURIO, EL PARQUE, ECATEPEC, Estado de México, México"
222,2026-03-27,21:20:00,21,vespertina (14-22),CHALCO,CHALCO,SANTA CATARINA AYOTZINGO,AV SAN MIGUEL ESQUINA CALLE 5 DE FEBRERO,19.207776889154,-98.9330004080687,1,H,Ajuste de cuentas por venta de droga,IMPACTO DE ARMA DE FUEGO,6.77,"AVENIDA SAN MIGUEL ESQUINA CALLE 5 DE FEBRERO, SANTA CATARINA AYOTZINGO, CHALCO, Estado de México, México"
223,2026-03-28,10:21:00,10,matutina (06-14),ECATEPEC,ECATEPEC,CIUDAD CUAUHTEMOC,CALLE MAXTLA,19.6432083626353,-98.9940427579993,1,H,SIN DATOS,IMPACTO DE ARMA DE FUEGO,1.82,"CALLE MAXTLA, CIUDAD CUAUHTEMOC, ECATEPEC, Estado de México, México"
224,2026-03-28,10:54:00,10,matutina (06-14),AXAPUSCO,ORIENTE,SAN ANTONIO COAYUCA,CAMINO DE TERRACERIA,19.8652493433414,-98.8254295936258,1,H,Se desconoce el Móvil de la Agresión,IMPACTO DE ARMA DE FUEGO,17.81,"CAMINO DE TERRACERIA, SAN ANTONIO COAYUCA, AXAPUSCO, Estado de México, México"
225,2026-03-28,12:00:00,12,matutina (06-14),TLALNEPANTLA,METROPOLITANA,LÁZARO CÁRDENAS,AV PERIFERICO DEL PANTEÓN ESQUINA AMACITLALI,19.5517209721749,-99.1166334297812,1,H,Se presume un ajuste de cuentas entre bandas delictivas.,IMPACTO DE ARMA DE FUEGO,4.05,"AVENIDA PERIFERICO DEL PANTEON ESQUINA AMACITLALI, LAZARO CARDENAS, TLALNEPANTLA, Estado de México, México"
226,2026-03-28,20:30:00,20,vespertina (14-22),NAUCALPAN,METROPOLITANA,LA SOLEDAD EL CAPULIN,AV DE LA TOLVA,19.4503026818298,-99.2534156706415,1,H,Probable riña,IMPACTO DE ARMA DE FUEGO,1.89,"AVENIDA DE LA TOLVA, LA SOLEDAD EL CAPULIN, NAUCALPAN, Estado de México, México"
227,2026-03-29,00:06:00,0,nocturna (22-06),CUAUTITLAN IZCALLI,METROPOLITANA,EL SABINO,CALLE LÁZARO CÁRDENAS ESQUINA LA CAPILLA,19.6736304266731,-99.1921024584743,1,H,Posible ajuste de cuentas,IMPACTO DE ARMA DE FUEGO,1.61,"CALLE LAZARO CARDENAS ESQUINA LA CAPILLA, EL SABINO, CUAUTITLAN IZCALLI, Estado de México, México"
228,2026-03-29,07:20:00,7,matutina (06-14),NICOLAS ROMERO,METROPOLITANA,INDEPENDENCIA,CALLE GALEANA,19.6346896536725,-99.3191938956874,1,H,Posible ajuste de cuentas,IMPACTO DE ARMA DE FUEGO,1.26,"CALLE GALEANA, INDEPENDENCIA, NICOLAS ROMERO, Estado de México, México"
229,2026-03-29,18:00:00,18,vespertina (14-22),SOYANIQUILPAN,ATLACOMULCO,SAN AGUSTIN,CAMINO DE TERRACERIA DEL PARAJE LA LOMA,20.0438901149697,-99.4906633221465,2,H y M,Posible ajuste de cuentas por asuntos pasionales,IMPACTO DE ARMA DE FUEGO,5.14,"CAMINO DE TERRACERIA DEL PARAJE LA LOMA, SAN AGUSTIN, SOYANIQUILPAN, Estado de México, México"
230,2026-03-29,18:10:00,18,vespertina (14-22),TLALNEPANTLA,METROPOLITANA,LÁZARO CÁRDENAS,AV EXCURSIONISTAS CARDENALES ENTRE CUERPO ALPINISMO DE MÉXICO Y CLUB ALPINO DE TACANA,19.5371582265971,-99.1203807146859,1,H,Se presume un ajuste de cuentas entre bandas delictivas.,IMPACTO DE ARMA DE FUEGO,3.04,"AVENIDA EXCURSIONISTAS CARDENALES ENTRE CUERPO ALPINISMO DE MEXICO Y CLUB ALPINO DE TACANA, LAZARO CARDENAS, TLALNEPANTLA, Estado de México, México"
231,2026-03-30,00:06:00,0,nocturna (22-06),POLOTITLAN,ATLACOMULCO,LA PURISIMA,CARRETERA POLOTITLAN-NOPALA KM 2+500,20.2300685499515,-99.8137163969514,1,H,Posible ajuste de cuentas,SIGNOS DE VIOLENCIA,0.71,"CARRETERA POLOTITLAN-NOPALA KM 2+500 KM 2+500, LA PURISIMA, POLOTITLAN, Estado de México, México"
232,2026-03-30,00:30:00,0,nocturna (22-06),NAUCALPAN,METROPOLITANA,LOS ÁLAMOS,CALLE ÁLAMO PLATEADO Y LA AV LOMAS VERDES,19.498562890182,-99.2505392835076,1,H,Probable riña,ARMA BLANCA,1.45,"CALLE ALAMO PLATEADO Y LA AV LOMAS VERDES, LOS ALAMOS, NAUCALPAN, Estado de México, México"
233,2026-03-30,00:45:00,0,nocturna (22-06),NICOLAS ROMERO,METROPOLITANA,SAN FRANCISCO MAGÚ,CERRADA DE SAN PEDRO,19.6862737437376,-99.3497318264534,2,H,Víctima identificada como consumidor de narcóticos,IMPACTO DE ARMA DE FUEGO,7.52,"CERRADA DE SAN PEDRO, SAN FRANCISCO MAGU, NICOLAS ROMERO, Estado de México, México"
234,2026-03-30,03:00:00,3,nocturna (22-06),NICOLAS ROMERO,METROPOLITANA,CAJA DE AGUA,CALLE EMILIANO ZAPATA,19.6432715452144,-99.361893722665,1,H,Víctima identificada como consumidor de narcóticos,IMPACTO DE ARMA DE FUEGO,4.67,"CALLE EMILIANO ZAPATA, CAJA DE AGUA, NICOLAS ROMERO, Estado de México, México"
235,2026-03-30,03:50:00,3,nocturna (22-06),TULTITLAN,METROPOLITANA,AMPLIACIÓN EL TESORO,CALLE DEL RIO ESQUINA PENSAMIENTO,19.619478800948,-99.1591544611683,1,H,Ataque directo.,IMPACTO DE ARMA DE FUEGO,2.61,"CALLE DEL RIO ESQUINA PENSAMIENTO, AMPLIACION EL TESORO, TULTITLAN, Estado de México, México"
236,2026-03-30,06:40:00,6,matutina (06-14),NEZAHUALCOYOTL,ORIENTE,JOSÉ VICENTE VILLADA,CALLE GLORIETA DE BUCARELI ESQUINA CON AV SAN ÁNGEL,19.3911091789098,-99.0149441143203,1,H,discusion de personas,IMPACTO DE ARMA DE FUEGO,2.0,"CALLE GLORIETA DE BUCARELI ESQUINA CON AV SAN ANGEL, JOSE VICENTE VILLADA, NEZAHUALCOYOTL, Estado de México, México"
237,2026-03-30,20:40:00,20,vespertina (14-22),NEZAHUALCOYOTL,ORIENTE,LA PERLA,CALLE JABILLOS ENTRE ÁLAMOS Y ESCONDIDA,19.3909913444655,-98.9998454389898,1,H,posible robo y o asalto,IMPACTO DE ARMA DE FUEGO,1.73,"CALLE JABILLOS ENTRE ALAMOS Y ESCONDIDA, LA PERLA, NEZAHUALCOYOTL, Estado de México, México"
238,2026-03-30,23:10:00,23,nocturna (22-06),ECATEPEC,ECATEPEC,JARDINES DE MORELOS,CALLE MONTE HIMALAYA ESQUINA AV JARDINES DE MORELOS,19.6056782598893,-98.9908396499164,1,H,SIN DATOS,IMPACTO DE ARMA DE FUEGO,2.03,"CALLE MONTE HIMALAYA ESQUINA AV JARDINES DE MORELOS, JARDINES DE MORELOS, ECATEPEC, Estado de México, México"
239,2026-03-30,23:28:00,23,nocturna (22-06),NEZAHUALCOYOTL,ORIENTE,EVOLUCIÓN,AV PANTITLAN ESQUINA LAGO DE XOCHIMILCO,19.3949854001473,-99.0177580700334,1,H,posible robo y o asalto,IMPACTO DE ARMA DE FUEGO,1.79,"AVENIDA PANTITLAN ESQUINA LAGO DE XOCHIMILCO 312, EVOLUCION, NEZAHUALCOYOTL, Estado de México, México"
240,2026-03-31,,,sin dato,IXTAPALUCA,CHALCO,REY ITZCÓATL,MARTIN CARRERA,19.3364750508562,-98.937229864327,1,H,Se desconoce el Móvil de la Agresión,ENVUELTO EN COBIJAS,1.7,"MARTIN CARRERA, REY ITZCOATL, IXTAPALUCA, Estado de México, México"
241,2026-03-31,00:00:00,0,nocturna (22-06),VALLE DE CHALCO,CHALCO,CONCEPCIÓN,CALLE NORTE 8 ESQUINA CALLE PONIENTE 1,19.290684293971,-98.9414632153364,1,H,Se desconoce el Móvil de la Agresión,SIGNOS DE VIOLENCIA,1.35,"CALLE NORTE 8 ESQUINA CALLE PONIENTE 1, CONCEPCION, VALLE DE CHALCO, Estado de México, México"
242,2026-03-31,09:05:00,9,matutina (06-14),VALLE DE CHALCO,CHALCO,SAN MARTIN XICO,CALLE REAL DE SAN MARTIN ESQUINA CON CALLE RETORNO REAL DE SANTA MARIA,19.2645618303381,-98.9309992555077,1,H,Se desconoce el Móvil de la Agresión,SIGNOS DE VIOLENCIA,2.68,"CALLE REAL DE SAN MARTIN ESQUINA CON CALLE RETORNO REAL DE SANTA MARIA, SAN MARTIN XICO, VALLE DE CHALCO, Estado de México, México"
243,2026-03-31,09:47:00,9,matutina (06-14),ZUMPANGO,ECATEPEC,1° DE MAYO,AV LOS PINOS ESQUINA CON CALLE ÁLAMOS,19.7950281582756,-99.0576392816758,1,S/D,SIN DATOS,RESTOS HUMANOS,5.95,"AVENIDA LOS PINOS ESQUINA CON CALLE ALAMOS, 1° DE MAYO, ZUMPANGO, Estado de México, México"
244,2026-03-31,12:05:00,12,matutina (06-14),TOLUCA,VALLE TOLUCA,SAN JOSÉ GUADALUPE OTZACATIPAN,AV REVOLUCIÓN,19.3551059744792,-99.6002968790628,1,H,SIN DATOS,IMPACTO DE ARMA DE FUEGO,3.32,"AVENIDA REVOLUCION, SAN JOSE GUADALUPE OTZACATIPAN, TOLUCA, Estado de México, México"
245,2026-03-31,19:50:00,19,vespertina (14-22),ECATEPEC,ECATEPEC,LA VELETA,AV RAY O VAC ESQUINA CON CALLE C-ARBOLEDAS,19.6093088330983,-99.0141026846847,1,H,SIN DATOS,IMPACTO DE ARMA DE FUEGO,1.92,"AVENIDA RAY O VAC ESQUINA CON CALLE C-ARBOLEDAS, LA VELETA, ECATEPEC, Estado de México, México"
246,2026-04-01,00:01:00,0,nocturna (22-06),ACOLMAN,ECATEPEC,LAS BRISAS,AV VERANO ESQUINA AHUEHUETES,19.6366728914074,-98.9062285352792,1,H,SIN DATOS,IMPACTO DE ARMA DE FUEGO,0.85,"AVENIDA VERANO ESQUINA AHUEHUETES, LAS BRISAS, ACOLMAN, Estado de México, México"
247,2026-04-01,00:30:00,0,nocturna (22-06),TEMOAYA,VALLE TOLUCA,SOLALPAN,AV PRINCIPAL Y CAMINO REAL DE SAN SOLALPAN,19.5039274940934,-99.5629355366488,1,H,SIN DATOS,IMPACTO DE ARMA DE FUEGO,12.61,"AVENIDA PRINCIPAL Y CAMINO REAL DE SAN SOLALPAN, SOLALPAN, TEMOAYA, Estado de México, México"
248,2026-04-02,,,sin dato,NAUCALPAN,METROPOLITANA,OLIMPIADA 68,AV CARLOS HANK GONZALEZ,19.4459353368087,-99.2829543611875,1,H,Se desconoce el Móvil de la Agresión,S/D,3.74,"AVENIDA CARLOS HANK GONZALEZ, OLIMPIADA 68, NAUCALPAN, Estado de México, México"
249,2026-04-02,,,sin dato,ACOLMAN,ECATEPEC,S/D,CALLE FÉRTIL VALLE ESQUINA VALLE DORADO,19.6411362620617,-98.9092155428668,1,H,SIN DATOS,IMPACTO DE ARMA DE FUEGO,0.87,"CALLE FERTIL VALLE ESQUINA VALLE DORADO, S/D, ACOLMAN, Estado de México, México"
250,2026-04-03,08:17:00,8,matutina (06-14),NICOLAS ROMERO,METROPOLITANA,SAN PABLO DE LA CRUZ,BOULEVARD ADOLFO LÓPEZ MATEOS 352 ESQUINA CON JACARANDAS,19.6179052202265,-99.3331518054304,1,H,consecuencia de la pugna entre organizaciones delictivas que operan en la zona.,IMPACTO DE ARMA DE FUEGO,1.3,"BOULEVARD ADOLFO LOPEZ MATEOS 352 ESQUINA CON JACARANDAS, SAN PABLO DE LA CRUZ, NICOLAS ROMERO, Estado de México, México"
251,2026-04-03,10:40:00,10,matutina (06-14),ACOLMAN,ECATEPEC,SAN MATEO CHIPILTÉPEC,CERRADA FRAY SERVANDO,19.6333862453953,-98.9111204647402,1,H,SIN DATOS,IMPACTO DE ARMA DE FUEGO,0.35,"CERRADA FRAY SERVANDO, SAN MATEO CHIPILTEPEC, ACOLMAN, Estado de México, México"
252,2026-04-03,17:47:00,17,vespertina (14-22),CUAUTITLAN IZCALLI,METROPOLITANA,PLAN DE GUADALUPE 2,CALLE MIGUEL ALLENDE,19.6190903074424,-99.2159060746126,1,H,Derivado de una riña,IMPACTO DE ARMA DE FUEGO,1.93,"CALLE MIGUEL ALLENDE, PLAN DE GUADALUPE 2, CUAUTITLAN IZCALLI, Estado de México, México"
253,2026-04-04,01:45:00,1,nocturna (22-06),CUAUTITLAN IZCALLI,METROPOLITANA,LA PIEDAD,CALLE MARGARITA,19.6689819318045,-99.2406201340367,1,H,Intento de robo en vía pública,IMPACTO DE ARMA DE FUEGO,2.99,"CALLE MARGARITA, LA PIEDAD, CUAUTITLAN IZCALLI, Estado de México, México"
254,2026-04-04,07:15:00,7,matutina (06-14),LA PAZ,ORIENTE,LAS PARCELAS,CALLE ANGEL ESQUINA CON SAN FRANCISCO,19.3710511370543,-98.9068898673403,1,M,Ataque directo por venta de droga,IMPACTO DE ARMA DE FUEGO,3.89,"CALLE ANGEL ESQUINA CON SAN FRANCISCO, LAS PARCELAS, LA PAZ, Estado de México, México"
255,2026-04-04,19:15:00,19,vespertina (14-22),ECATEPEC,ECATEPEC,EL PROGRESO DE GUADALUPE VICTORIA,CALLE LIRIOS,19.5132909271762,-99.0496197915165,1,H,SIN DATOS,LESIONES DE OBJETO PUNZOCORTANTE,1.73,"CALLE LIRIOS, EL PROGRESO DE GUADALUPE VICTORIA, ECATEPEC, Estado de México, México"
256,2026-04-04,19:50:00,19,vespertina (14-22),CUAUTITLAN IZCALLI,METROPOLITANA,BOSQUES DE HACIENDA,CALLE BOSQUES DE OLMOS,19.6831775546294,-99.2176207918718,1,H,Derivado de una riña,IMPACTO DE ARMA DE FUEGO,0.86,"CALLE BOSQUES DE OLMOS, BOSQUES DE HACIENDA, CUAUTITLAN IZCALLI, Estado de México, México"
257,2026-04-05,03:10:00,3,nocturna (22-06),LA PAZ,ORIENTE,LOMAS DE SAN ISIDRO I,CALLE PALOMA ESQUINA 76,19.3598032596717,-98.9204737683188,1,H,Ataque directo por venta de droga,IMPACTO DE ARMA DE FUEGO,2.03,"CALLE PALOMA ESQUINA 76, LOMAS DE SAN ISIDRO I, LA PAZ, Estado de México, México"
258,2026-04-05,09:45:00,9,matutina (06-14),POLOTITLAN,ATLACOMULCO,RUANO,CAMINO AL POZO,20.1832729769966,-99.7662948184021,1,H,Se desconoce el Móvil de la Agresión,IMPACTO DE ARMA DE FUEGO,6.81,"CAMINO AL POZO, RUANO, POLOTITLAN, Estado de México, México"
259,2026-04-06,00:52:00,0,nocturna (22-06),ECATEPEC,ECATEPEC,SAN ANDRÉS DE LA CAÑADA,CERRADA LAS CRUCES ESQUINA CON SAN MARTÍN,19.5699317836344,-99.0948396558025,2,H,SIN DATOS,RIÑA,5.13,"CERRADA LAS CRUCES ESQUINA CON SAN MARTIN, SAN ANDRES DE LA CANADA, ECATEPEC, Estado de México, México"
260,2026-04-06,08:55:00,8,matutina (06-14),HUEHUETOCA,ECATEPEC,SAN MIGUEL DE LOS JAGÜEYES,CARRETERA SAN MIGUEL DE LOS JAGÜEYES,18.9823011358128,-98.9142387986234,1,H,SIN DATOS,IMPACTO DE ARMA DE FUEGO,11.09,"CARRETERA SAN MIGUEL DE LOS JAGUEYES, SAN MIGUEL DE LOS JAGUEYES, HUEHUETOCA, Estado de México, México"
261,2026-04-07,02:40:00,2,nocturna (22-06),NAUCALPAN,METROPOLITANA,LA FLORIDA,CALLE MANUEL ÁVILA CAMACHO ESQUINA CON LA FLORIDA,19.4971347301256,-99.2364675142352,1,M,poisible ataque directo,IMPACTO DE ARMA DE FUEGO,1.25,"CALLE MANUEL AVILA CAMACHO ESQUINA CON LA FLORIDA, LA FLORIDA, NAUCALPAN, Estado de México, México"
262,2026-04-07,21:15:00,21,vespertina (14-22),CHALCO,CHALCO,JARDINES DE CHALCO,AV AZUCENA ESQUINA CON CALLE NARDOS Y AZALEA,19.2538290286928,-98.9163252431187,1,H,Ajuste de cuentas por venta de droga,IMPACTO DE ARMA DE FUEGO,1.58,"AVENIDA AZUCENA ESQUINA CON CALLE NARDOS Y AZALEA, JARDINES DE CHALCO, CHALCO, Estado de México, México"
263,2026-04-07,22:29:00,22,nocturna (22-06),LA PAZ,ORIENTE,LOS REYES ACAQUILPAN CENTRO,AV DEL TRABAJO ESQUINA CALLE IGNACIO ALDAMA,19.3570789285497,-98.9782810810138,2,H,Ataque directo por venta de droga,IMPACTO DE ARMA DE FUEGO,2.26,"AVENIDA DEL TRABAJO ESQUINA CALLE IGNACIO ALDAMA, LOS REYES ACAQUILPAN CENTRO, LA PAZ, Estado de México, México"
264,2026-04-08,08:55:00,8,matutina (06-14),HUEHUETOCA,ECATEPEC,SALITRILLO,CALLE SOR JUANA INÉS DE LA CRUZ ESQUINA BOULEVARD HUEHUETOCA,19.8312107702252,-99.2135862089593,1,H,SIN DATOS,IMPACTO DE ARMA DE FUEGO,2.5,"CALLE SOR JUANA INES DE LA CRUZ ESQUINA BOULEVARD HUEHUETOCA, SALITRILLO, HUEHUETOCA, Estado de México, México"
265,2026-04-08,22:15:00,22,nocturna (22-06),CUAUTITLAN IZCALLI,METROPOLITANA,LA CAPILLA,CALLE RIO CHIQUITO,19.6715571853972,-99.1962619850128,1,H,Probable riña,IMPACTO DE ARMA DE FUEGO,1.43,"CALLE RIO CHIQUITO, LA CAPILLA, CUAUTITLAN IZCALLI, Estado de México, México"
266,2026-04-08,22:40:00,22,nocturna (22-06),NAUCALPAN,METROPOLITANA,LOS REMEDIOS,CALLE CENTRAL 23 ESQUINA AV DE LOS ARCOS,19.4662615063822,-99.2642122845178,1,H,Probable riña,IMPACTO DE ARMA DE FUEGO,2.73,"CALLE CENTRAL 23 ESQUINA AV DE LOS ARCOS, LOS REMEDIOS, NAUCALPAN, Estado de México, México"
267,2026-04-09,04:50:00,4,nocturna (22-06),JALTENCO,ECATEPEC,ALBORADA JALTENCO,CALLE 4° ANDADOR DE ARRECIFE ENTRE PENINSULA Y ARRECIFE,19.661590473043,-99.0649756451769,1,H,SIN DATOS,IMPACTO DE ARMA DE FUEGO,3.16,"CALLE 4° ANDADOR DE ARRECIFE ENTRE PENINSULA Y ARRECIFE, ALBORADA JALTENCO, JALTENCO, Estado de México, México"
268,2026-04-09,05:00:00,5,nocturna (22-06),ECATEPEC,ECATEPEC,RIO DE LUZ,CALLE ZACATECAS,19.5726856488053,-99.0154491995575,1,H,SIN DATOS,IMPACTO DE ARMA DE FUEGO,0.55,"CALLE ZACATECAS, RIO DE LUZ, ECATEPEC, Estado de México, México"
269,2026-04-09,15:27:00,15,vespertina (14-22),ACOLMAN,ECATEPEC,REAL DEL VALLE,CALLE BOULEVARD DEL LAGO,19.6420650430799,-98.9108081249449,1,H,SIN DATOS,IMPACTO DE ARMA DE FUEGO,0.88,"CALLE BOULEVARD DEL LAGO, REAL DEL VALLE, ACOLMAN, Estado de México, México"
270,2026-04-10,12:10:00,12,matutina (06-14),CHALCO,CHALCO,CULTURAS DE MÉXICO,CALLE AZTECAS ESQUINA HUITZILOPOCHTLI,19.2707807402942,-98.9086139965613,1,H,Ajuste de cuentas por venta de droga,IMPACTO DE ARMA DE FUEGO,1.0,"CALLE AZTECAS ESQUINA HUITZILOPOCHTLI, CULTURAS DE MEXICO, CHALCO, Estado de México, México"
271,2026-04-10,15:00:00,15,vespertina (14-22),CUAUTITLAN IZCALLI,METROPOLITANA,SAN MATEO IZTACALCO,AV 5 DE MAYO ESQUINA AV NARCISO MENDOZA,19.6986292458588,-99.1706133192183,1,H,Probable tentativa de robo,IMPACTO DE ARMA DE FUEGO,4.95,"AVENIDA 5 DE MAYO ESQUINA AV NARCISO MENDOZA, SAN MATEO IZTACALCO, CUAUTITLAN IZCALLI, Estado de México, México"
272,2026-04-10,18:25:00,18,vespertina (14-22),ECATEPEC,ECATEPEC,SAN MARTÍN DE LAS PORRAS,CALLE FRANCISCO I MADERO,19.5991563166486,-99.0237483500223,1,H,SIN DATOS,ARMA BLANCA,1.28,"CALLE FRANCISCO I MADERO, SAN MARTIN DE LAS PORRAS, ECATEPEC, Estado de México, México"
273,2026-04-11,16:00:00,16,vespertina (14-22),CUAUTITLAN IZCALLI,METROPOLITANA,CUAUTITLÁN IZCALLI SECCIÓN PARQUES,TIERRA FÉRTIL Y TIERRA MÍTICA,19.6674432746253,-99.2172853972608,1,H,Probable riña,ARMA BLANCA,1.11,"TIERRA FERTIL Y TIERRA MITICA, CUAUTITLAN IZCALLI SECCION PARQUES, CUAUTITLAN IZCALLI, Estado de México, México"
274,2026-04-11,21:02:00,21,vespertina (14-22),TEXCOCO,ORIENTE,BELLAVISTA,EMILIANO ZAPATA ESQUINA JACARANDAS,19.490902735433,-98.8640096210213,2,H y M,Se desconoce el Móvil de la Agresión,IMPACTO DE ARMA DE FUEGO,4.09,"EMILIANO ZAPATA ESQUINA JACARANDAS, BELLAVISTA, TEXCOCO, Estado de México, México"
275,2026-04-12,18:50:00,18,vespertina (14-22),NICOLAS ROMERO,METROPOLITANA,NICOLAS ROMERO,"CARRETERA NICOLÁS ROMERO-VILLA DEL CARBÓN, PARAJE LAS MILPITAS-PILARES",19.6345406477657,-99.3005154703152,1,H,Se desconoce el Móvil de la Agresión,IMPACTO DE ARMA DE FUEGO,0.98,"CARRETERA NICOLAS ROMERO-VILLA DEL CARBON, PARAJE LAS MILPITAS-PILARES, NICOLAS ROMERO, Estado de México, México"
276,2026-04-12,22:18:00,22,nocturna (22-06),TEOLOYUCAN,METROPOLITANA,CERRADA DEL BOSQUE,"CALLE SINALOA, ESQUINA CERRADA DEL BOSQUE, BARRIO TLATENCO",19.7408563299583,-99.1861029497828,1,H,SIN DATOS,IMPACTO DE ARMA DE FUEGO,1.88,"CALLE SINALOA, ESQUINA CERRADA DEL BOSQUE, BARRIO TLATENCO, CERRADA DEL BOSQUE, TEOLOYUCAN, Estado de México, México"
277,2026-04-13,00:25:00,0,nocturna (22-06),TLALNEPANTLA,METROPOLITANA,SAN JUAN IXHUATEPEC,CJON. DE MIGUEL HIDALGO ESQUINA GRAL. JUAN ÁLVAREZ,19.5214563492487,-99.1048103835915,1,H,Se desconoce el Móvil de la Agresión,IMPACTO DE ARMA DE FUEGO,0.74,"CJON. DE MIGUEL HIDALGO ESQUINA GRAL. JUAN ALVAREZ, SAN JUAN IXHUATEPEC, TLALNEPANTLA, Estado de México, México"
278,2026-04-13,01:10:00,1,nocturna (22-06),LA PAZ,ORIENTE,TLAZALA,CARRETERA MÉXICO-TEXCOCO ESQUINA CON PROLONGACIÓN SANTOS DEGOLLADO,19.3733240785888,-98.9451437675376,1,H,Ataque directo por venta de droga,IMPACTO DE ARMA DE FUEGO,2.52,"CARRETERA MEXICO-TEXCOCO ESQUINA CON PROLONGACION SANTOS DEGOLLADO, TLAZALA, LA PAZ, Estado de México, México"
279,2026-04-13,09:46:00,9,matutina (06-14),TECAMAC,ECATEPEC,SANTA MARÍA OZUMBILLA,AV DEL PANTEÓN,19.6747301158192,-98.9905939042451,2,H,SIN DATOS,LESIONES EN EL ABDOMEN Y EXTREMIDAD CEFÁLICA Y CUBIERTO CON DOS COBIJAS,2.11,"AVENIDA DEL PANTEON, SANTA MARIA OZUMBILLA, TECAMAC, Estado de México, México"
280,2026-04-14,05:30:00,5,nocturna (22-06),POLOTITLAN,ATLACOMULCO,,CARRETERA FEDERAL MÉXICO-QUERETARO KIM 142,20.278731766079,-99.8963372711687,1,H,Intento de Robo,IMPACTO DE ARMA DE FUEGO,10.44,"CARRETERA FEDERAL MEXICO-QUERETARO KIM 142, POLOTITLAN, Estado de México, México"
281,2026-04-14,09:25:00,9,matutina (06-14),METEPEC,VALLE TOLUCA,AGRÍCOLA LÁZARO CÁRDENAS,CALLE 12 DE OCTUBRE ESQUINA BENITO JUÁREZ,19.2591490936463,-99.5542020037525,1,H,SIN DATOS,IMPACTO DE ARMA DE FUEGO,3.01,"CALLE 12 DE OCTUBRE ESQUINA BENITO JUAREZ, AGRICOLA LAZARO CARDENAS, METEPEC, Estado de México, México"
282,2026-04-14,17:20:00,17,vespertina (14-22),CHIAUTLA,ORIENTE,SANTIAGO CHIMALPA,CALLE SIN NOMBRE ESQUINA CON CALLE PAPALOTLA,19.5729908186018,-98.8935938484943,1,H,Movil de la agresion Riña,IMPACTO DE ARMA DE FUEGO,2.72,"CALLE SIN NOMBRE ESQUINA CON CALLE PAPALOTLA, SANTIAGO CHIMALPA, CHIAUTLA, Estado de México, México"
283,2026-04-15,12:10:00,12,matutina (06-14),ZUMPANGO,ECATEPEC,LAS PLAZAS,CALLE JOSÉ CLEMENTE OROZCO ESQUINA SOR JUANA INÉS DE LA CRUZ,19.81113387447,-99.033557627183,2,H y M,SIN DATOS,IMPACTO DE ARMA DE FUEGO,8.12,"CALLE JOSE CLEMENTE OROZCO ESQUINA SOR JUANA INES DE LA CRUZ, LAS PLAZAS, ZUMPANGO, Estado de México, México"
284,2026-04-15,17:46:00,17,vespertina (14-22),ZINACANTEPEC,VALLE TOLUCA,SAN ANTONIO ACAHUALCO,"CAMINO A SAN PEDRO TEJALPA, ESQUINA CON PROLONGACIÓN CERRILLO",19.252075629402,-99.781304492459,1,H,SIN DATOS,IMPACTO DE ARMA DE FUEGO,4.34,"CAMINO A SAN PEDRO TEJALPA, ESQUINA CON PROLONGACION CERRILLO, SAN ANTONIO ACAHUALCO, ZINACANTEPEC, Estado de México, México"
285,2026-04-16,06:30:00,6,matutina (06-14),NICOLAS ROMERO,METROPOLITANA,PROGRESO INDUSTRIAL,CALLE LINDA VISTA,19.6231852000749,-99.2977560049337,1,H,Posible ajuste de cuentas,IMPACTO DE ARMA DE FUEGO,0.98,"CALLE LINDA VISTA, PROGRESO INDUSTRIAL, NICOLAS ROMERO, Estado de México, México"
286,2026-04-16,14:00:00,14,vespertina (14-22),ACOLMAN,ECATEPEC,SAN BARTOLO,CALLE BENITO JUÁREZ POBLADO DE SAN BARTOLO,19.6559455431078,-98.9014701075049,1,H,SIN DATOS,IMPACTO DE ARMA DE FUEGO,2.7,"CALLE BENITO JUAREZ POBLADO DE SAN BARTOLO, SAN BARTOLO, ACOLMAN, Estado de México, México"
287,2026-04-16,21:00:00,21,vespertina (14-22),TULTEPEC,ECATEPEC,EL MIRADOR,CALLE CLAVELES,19.6975443548665,-99.126370080183,1,H,SIN DATOS,IMPACTO DE ARMA DE FUEGO,4.84,"CALLE CLAVELES, EL MIRADOR, TULTEPEC, Estado de México, México"
288,2026-04-17,,,sin dato,CUAUTITLAN IZCALLI,METROPOLITANA,S/D,S/D,,,1,H,Sin datos,IMPACTO DE ARMA DE FUEGO,,"S/D, S/D, CUAUTITLAN IZCALLI, Estado de México, México"
289,2026-04-17,,,sin dato,NAUCALPAN,METROPOLITANA,S/D,S/D,,,1,H,Sin datos,IMPACTO DE ARMA DE FUEGO,,"S/D, S/D, NAUCALPAN, Estado de México, México"
290,2026-04-17,00:04:00,0,nocturna (22-06),TULTITLAN,METROPOLITANA,LAS TORRES,CALLE 16 DE SEPTIEMBRE ESQUINA CON 3RA CALLE INDEPENDENCIA,19.6062350921725,-99.1587136443127,1,H,Sin datos,IMPACTO DE ARMA DE FUEGO,1.56,"CALLE 16 DE SEPTIEMBRE ESQUINA CON 3RA CALLE INDEPENDENCIA, LAS TORRES, TULTITLAN, Estado de México, México"
291,2026-04-17,03:50:00,3,nocturna (22-06),TULTITLAN,METROPOLITANA,LAS ALMENAS,AV TULTEPEC,19.6878230767155,-99.0889250697764,1,H,Sin datos,IMPACTO DE ARMA DE FUEGO,1.06,"AVENIDA TULTEPEC, LAS ALMENAS, TULTITLAN, Estado de México, México"
292,2026-04-18,10:30:00,10,matutina (06-14),ZUMPANGO,ECATEPEC,SAN SEBASTIÁN,AV MORELOS,19.7803361902937,-99.0647350561989,1,H,SIN DATOS,SIGNOS DE VIOLENCIA,6.06,"AVENIDA MORELOS, SAN SEBASTIAN, ZUMPANGO, Estado de México, México"
293,2026-04-18,19:12:00,19,vespertina (14-22),ECATEPEC,ECATEPEC,HÉROES DE LA INDEPENDENCIA (AMPLIACIÓN MIGUEL HIDALGO),CALLE JUAN ALDAMA ESQUINA CON MARIANO MATAMOROS,19.5376190733316,-99.0461610350507,1,H,SIN DATOS,IMPACTO DE ARMA DE FUEGO,1.25,"CALLE JUAN ALDAMA ESQUINA CON MARIANO MATAMOROS, HEROES DE LA INDEPENDENCIA (AMPLIACION MIGUEL HIDALGO), ECATEPEC, Estado de México, México"
294,2026-04-18,22:55:00,22,nocturna (22-06),CUAUTITLAN IZCALLI,METROPOLITANA,PARQUE INDUSTRIAL LA JOYA,AV DESARROLLO ESQUINA CON INTERCEPTOR PONIENTE,19.6525527500829,-99.1855566211653,1,H,Sin datos,IMPACTO DE ARMA DE FUEGO,1.04,"AVENIDA DESARROLLO ESQUINA CON INTERCEPTOR PONIENTE, PARQUE INDUSTRIAL LA JOYA, CUAUTITLAN IZCALLI, Estado de México, México"
295,2026-04-19,13:00:00,13,matutina (06-14),OTUMBA,ORIENTE,CUAUTLACINGO,CALLE DURANGO,19.6929293230869,-98.7836228091094,1,H,RIÑA,IMPACTO DE ARMA DE FUEGO,2.96,"CALLE DURANGO, CUAUTLACINGO, OTUMBA, Estado de México, México"
296,2026-04-19,15:30:00,15,vespertina (14-22),NAUCALPAN,METROPOLITANA,LOMAS DE CHAMAPA,CALLE SATURNO ENTRE JAZMÍN,19.4521432476847,-99.2666603201375,1,H,Sin datos,IMPACTO DE ARMA DE FUEGO,2.71,"CALLE SATURNO ENTRE JAZMIN, LOMAS DE CHAMAPA, NAUCALPAN, Estado de México, México"
297,2026-04-20,11:20:00,11,matutina (06-14),VALLE DE CHALCO,CHALCO,LA PUNTA,CALLE BRECHA ESQUINA AV DE LAS BOMBAS,19.301274680396,-98.9678530730741,1,H,Posible ajuste de cuentas,IMPACTO DE ARMA DE FUEGO,1.69,"CALLE BRECHA ESQUINA AV DE LAS BOMBAS, LA PUNTA, VALLE DE CHALCO, Estado de México, México"
298,2026-04-20,18:30:00,18,vespertina (14-22),MALINALCO,IXTAPAN,EL PLATANAR,CARRETERA SAN ANDRÉS,18.8299760697408,-99.4559401833604,1,H,Ataque Directo,IMPACTO DE ARMA DE FUEGO,11.29,"CARRETERA SAN ANDRES, EL PLATANAR, MALINALCO, Estado de México, México"
299,2026-04-20,20:04:00,20,vespertina (14-22),MALINALCO,IXTAPAN,AMATE AMARILLO,CARRETERA A JALMOLONGA,18.9085263008338,-99.4911575129947,1,H,Ataque Directo,IMPACTO DE ARMA DE FUEGO,4.78,"CARRETERA A JALMOLONGA, AMATE AMARILLO, MALINALCO, Estado de México, México"
300,2026-04-21,18:00:00,18,vespertina (14-22),COYOTEPEC,ECATEPEC,SANTIAGO,CALLE CERRADA ZUMPANGO,19.7725160251817,-99.2282014801755,1,H,SIN DATOS,IMPACTO DE ARMA DE FUEGO,3.76,"CALLE CERRADA ZUMPANGO, SANTIAGO, COYOTEPEC, Estado de México, México"
301,2026-04-21,19:56:00,19,vespertina (14-22),CHICOLOAPAN,ORIENTE,EL ARENAL,AV SAN JOSÉ BARRIO EL ARENAL,19.4162804608828,-98.8834193938301,1,H,Ataque Directo,IMPACTO DE ARMA DE FUEGO,3.58,"AVENIDA SAN JOSE BARRIO EL ARENAL, EL ARENAL, CHICOLOAPAN, Estado de México, México"
302,2026-04-21,22:00:00,22,nocturna (22-06),ECATEPEC,ECATEPEC,SAN PEDRO XALOSTOC,CALLE JOSÉ MARÍA MORELOS ESQUINA CON PRIVADA GASODUCTO,19.5407920259205,-99.0794544619015,1,H,SIN DATOS,IMPACTO DE ARMA DE FUEGO,2.83,"CALLE JOSE MARIA MORELOS ESQUINA CON PRIVADA GASODUCTO, SAN PEDRO XALOSTOC, ECATEPEC, Estado de México, México"
303,2026-04-21,22:20:00,22,nocturna (22-06),AXAPUSCO,ORIENTE,SANTO DOMINGO AZTACAMECA,CALLE MAYA ESQUINA CON OTOMÍ,19.6964557582273,-98.7631954970273,1,H,Posible ajuste de cuentas,IMPACTO DE ARMA DE FUEGO,0.79,"CALLE MAYA ESQUINA CON OTOMI, SANTO DOMINGO AZTACAMECA, AXAPUSCO, Estado de México, México"
304,2026-04-22,03:20:00,3,nocturna (22-06),ATIZAPAN,METROPOLITANA,PROF. CRISTÓBAL HIGUERA,AV LÁZARO CÁRDENAS,19.5765195993649,-99.2411064588498,1,H,Sin datos,IMPACTO DE ARMA DE FUEGO,1.8,"AVENIDA LAZARO CARDENAS, PROF. CRISTOBAL HIGUERA, ATIZAPAN, Estado de México, México"
305,2026-04-22,12:00:00,12,matutina (06-14),SAN MARTIN DE LAS PIRAMIDES,ORIENTE,OTRO TEOTIHUACÁN,CALZADA DE LOS MUERTOS,19.6940282277071,-98.8455324383603,1,M,Se desconoce el Móvil de la Agresión,IMPACTO DE ARMA DE FUEGO,1.69,"CALZADA DE LOS MUERTOS, OTRO TEOTIHUACAN, SAN MARTIN DE LAS PIRAMIDES, Estado de México, México"
306,2026-04-23,10:01:00,10,matutina (06-14),NEXTLALPAN,ECATEPEC,S/D,1,,,1,H,SIN DATOS,IMPACTO DE ARMA DE FUEGO,,"1, S/D, NEXTLALPAN, Estado de México, México"
307,2026-04-23,15:15:00,15,vespertina (14-22),ZUMPANGO,ECATEPEC,S/D,1,,,1,H,SIN DATOS,IMPACTO DE ARMA DE FUEGO,,"1, S/D, ZUMPANGO, Estado de México, México"
308,2026-04-24,10:50:00,10,matutina (06-14),VILLA VICTORIA,VALLE DE BRAVO,PALIZADA,S/D,19.505806057539,-100.100534605928,2,H,posible conflicto entre ellos,IMPACTO DE ARMA DE FUEGO,13.18,"S/D, PALIZADA, VILLA VICTORIA, Estado de México, México"
309,2026-04-24,23:30:00,23,nocturna (22-06),TULTEPEC,ECATEPEC,LA CANTERA,CALLE BUENAVISTA ESQUINA ALDAMA,19.6919342343854,-99.1304738338117,2,H,SIN DATOS,IMPACTO DE ARMA DE FUEGO,5.25,"CALLE BUENAVISTA ESQUINA ALDAMA, LA CANTERA, TULTEPEC, Estado de México, México"
310,2026-04-25,10:24:00,10,matutina (06-14),TEOLOYUCAN,METROPOLITANA,SANTA CRUZ DEL MONTE,AV TEOLOYUCAN ESQUINA CON CALLE CASUARINA,19.768555963496,-99.2263646204459,1,H,SIN DATOS,IMPACTO DE ARMA DE FUEGO,3.34,"AVENIDA TEOLOYUCAN ESQUINA CON CALLE CASUARINA, SANTA CRUZ DEL MONTE, TEOLOYUCAN, Estado de México, México"
311,2026-04-25,15:05:00,15,vespertina (14-22),NICOLAS ROMERO,METROPOLITANA,INDEPENDENCIA 1A SECCIÓN,CALLE LÁZARO CÁRDENAS ESQUINA CON CALLE NACIONAL,19.6402534062349,-99.3187951842173,1,H,ajuste de cuentas,IMPACTO DE ARMA DE FUEGO,1.87,"CALLE LAZARO CARDENAS ESQUINA CON CALLE NACIONAL, INDEPENDENCIA 1A SECCION, NICOLAS ROMERO, Estado de México, México"
312,2026-04-25,15:50:00,15,vespertina (14-22),TEOLOYUCAN,METROPOLITANA,SANTA CRUZ DEL MONTE,AV ATLACOMULCO,19.7695913973593,-99.2287639746908,2,H,SIN DATOS,IMPACTO DE ARMA DE FUEGO,3.61,"AVENIDA ATLACOMULCO, SANTA CRUZ DEL MONTE, TEOLOYUCAN, Estado de México, México"
313,2026-04-26,02:20:00,2,nocturna (22-06),NEZAHUALCOYOTL,ORIENTE,PLAZA ARAGÓN,CALLE HACIENDA DE LA GAVIA,19.4783424356858,-99.0464124825945,1,H,Se desconoce el Móvil de la Agresión,IMPACTO DE ARMA DE FUEGO,1.0,"CALLE HACIENDA DE LA GAVIA, PLAZA ARAGON, NEZAHUALCOYOTL, Estado de México, México"
314,2026-04-26,03:18:00,3,nocturna (22-06),LA PAZ,ORIENTE,TECAMACHALCO,CALLE MIGUEL HIDALGO,19.3548680774286,-98.9515329560021,1,H,Ataque directo por venta de droga,IMPACTO DE ARMA DE FUEGO,1.48,"CALLE MIGUEL HIDALGO, TECAMACHALCO, LA PAZ, Estado de México, México"
315,2026-04-26,04:30:00,4,nocturna (22-06),CUAUTITLAN IZCALLI,METROPOLITANA,PARQUE INDUSTRIAL CUAMATLA,AGUAS RESIDUALES,19.6646498821531,-99.1997860941501,1,H,Se desconoce el Móvil de la Agresión,AMORDAZADO Y MANIATADO,0.98,"AGUAS RESIDUALES, PARQUE INDUSTRIAL CUAMATLA, CUAUTITLAN IZCALLI, Estado de México, México"
316,2026-04-26,06:35:00,6,matutina (06-14),LA PAZ,ORIENTE,TECAMACHALCO,AV PANTITLÁN ESQUINA CARRETERA TEXCOCO-MÉXICO,19.3549313442489,-98.9619700757164,1,H,Ataque directo por venta de droga,IMPACTO DE ARMA DE FUEGO,2.47,"AVENIDA PANTITLAN ESQUINA CARRETERA TEXCOCO-MEXICO, TECAMACHALCO, LA PAZ, Estado de México, México"
317,2026-04-27,14:39:00,14,vespertina (14-22),JIQUIPILCO,ATLACOMULCO,EJIDO DE MAÑI,CAMINO A LA COMISARÍA,19.5630850377367,-99.6670797063544,1,H,Se desconoce el Móvil de la Agresión,IMPACTO DE ARMA DE FUEGO,9.69,"CAMINO A LA COMISARIA, EJIDO DE MANI, JIQUIPILCO, Estado de México, México"
318,2026-04-27,20:00:00,20,vespertina (14-22),TENANCINGO,IXTAPAN,BARRIO DE TEOTLA,CALLE ZARAGOZA,18.9652696431461,-99.5898677145053,1,H,Ataque Directo,IMPACTO DE ARMA DE FUEGO,1.05,"CALLE ZARAGOZA, BARRIO DE TEOTLA, TENANCINGO, Estado de México, México"
319,2026-04-28,14:37:00,14,vespertina (14-22),ZUMPANGO,ECATEPEC,SAN BARTOLO,S/D,19.8129383297105,-99.0095720179247,1,H,SIN DATOS,IMPACTO DE ARMA DE FUEGO,7.22,"S/D, SAN BARTOLO, ZUMPANGO, Estado de México, México"
320,2026-04-28,16:40:00,16,vespertina (14-22),TEPOTZOTLAN,METROPOLITANA,SANTA CRUZ,AV SANTA MARÍA ESQUINA TORRES ELÉCTRICAS,19.6472426890125,-99.295831183033,1,H,Sin datos,IMPACTO DE ARMA DE FUEGO,1.92,"AVENIDA SANTA MARIA ESQUINA TORRES ELECTRICAS, SANTA CRUZ, TEPOTZOTLAN, Estado de México, México"
321,2026-04-29,20:28:00,20,vespertina (14-22),TLALNEPANTLA,METROPOLITANA,BOSQUES DE CEYLÁN,AV CEYLÁN,19.5607005651409,-99.1974268035299,1,H,Sin datos,IMPACTO DE ARMA DE FUEGO,2.3,"AVENIDA CEYLAN, BOSQUES DE CEYLAN, TLALNEPANTLA, Estado de México, México"
322,2026-04-29,21:00:00,21,vespertina (14-22),TEOTIHUACAN,ORIENTE,MAQUIXCO,CALLE IGNACIO BETETA,19.6830656208133,-98.8876630188699,1,H,Se desconoce el Móvil de la Agresión,IMPACTO DE ARMA DE FUEGO,1.56,"CALLE IGNACIO BETETA, MAQUIXCO, TEOTIHUACAN, Estado de México, México"
323,2026-04-30,01:00:00,1,nocturna (22-06),TLALNEPANTLA,METROPOLITANA,SAN LUCAS PATONI,CALLE 5 DE MAYO ESQUINA JOSEFA ORTIZ DE DOMINGUEZ,19.5307709712239,-99.1623259039892,1,H,Ataque directo por venta de droga,IMPACTO DE ARMA DE FUEGO,2.51,"CALLE 5 DE MAYO ESQUINA JOSEFA ORTIZ DE DOMINGUEZ, SAN LUCAS PATONI, TLALNEPANTLA, Estado de México, México"
324,2026-04-30,08:00:00,8,matutina (06-14),CHIMALHUACAN,ORIENTE,PESCADORES,CALLE EJIDO COLECTIVO ESQUINA CON TEOYOQUILMA,19.4460976433594,-98.9578040307546,1,H,Probable riña,IMPACTO DE ARMA DE FUEGO,0.64,"CALLE EJIDO COLECTIVO ESQUINA CON TEOYOQUILMA, PESCADORES, CHIMALHUACAN, Estado de México, México"
325,2026-04-30,12:26:00,12,matutina (06-14),NOPALTEPEC,ORIENTE,AUTOPISTA MÉXICO-TULANCINGO,"AUTOPISTA MÉXICO-TULANCINGO, KM 40",,,2,M,Se desconoce el Móvil de la Agresión,IMPACTO DE ARMA DE FUEGO,,"AUTOPISTA MEXICO-TULANCINGO, KM 40 KM 40, AUTOPISTA MEXICO-TULANCINGO, NOPALTEPEC, Estado de México, México"
326,2026-04-30,19:00:00,19,vespertina (14-22),ECATEPEC,ECATEPEC,CIUDAD AZTECA,CALLE CHICHIMECAS ESQUINA ANDADOR DE LOS SACERDOTES,19.5357251570133,-99.0281140509271,2,H,SIN DATOS,IMPACTO DE ARMA DE FUEGO,1.81,"CALLE CHICHIMECAS ESQUINA ANDADOR DE LOS SACERDOTES, CIUDAD AZTECA, ECATEPEC, Estado de México, México"
327,2026-04-30,21:03:00,21,vespertina (14-22),ECATEPEC,ECATEPEC,POTRERO DEL REY,CIRCUITO EXTERIOR MEXIQUENSE,19.5800620732531,-99.0249283405899,1,H,SIN DATOS,IMPACTO DE ARMA DE FUEGO,0.77,"CIRCUITO EXTERIOR MEXIQUENSE, POTRERO DEL REY, ECATEPEC, Estado de México, México"
328,2026-05-01,,,sin dato,ECATEPEC,ECATEPEC,TABLA DEL POZO,AV XALOSTOC ESQUINA PIRULES,19.5502081546253,-99.0917298509271,1,H,SIN DATOS,IMPACTO DE ARMA DE FUEGO,3.44,"AVENIDA XALOSTOC ESQUINA PIRULES, TABLA DEL POZO, ECATEPEC, Estado de México, México"
329,2026-05-01,,,sin dato,NAUCALPAN,METROPOLITANA,COLINAS DE SAN MATEO,AV DEL RIO ESQUINA LA PRESA,19.4949550708786,-99.2744492462097,1,H,Se desconoce el Móvil de la Agresión,IMPACTO DE ARMA DE FUEGO,3.4,"AVENIDA DEL RIO ESQUINA LA PRESA, COLINAS DE SAN MATEO, NAUCALPAN, Estado de México, México"
330,2026-05-02,,,sin dato,CUAUTITLAN IZCALLI,METROPOLITANA,SANTA MARÍA DE GUADALUPE LA QUEBRADA,CALLE CAMELIA ESQUINA CON NOCHEBUENA,19.5919030230937,-99.1946978644181,2,H,Consumo de droga,IMPACTO DE ARMA DE FUEGO,0.85,"CALLE CAMELIA ESQUINA CON NOCHEBUENA, SANTA MARIA DE GUADALUPE LA QUEBRADA, CUAUTITLAN IZCALLI, Estado de México, México"
331,2026-05-02,,,sin dato,NOPALTEPEC,ORIENTE,SAN FELIPE TEOTITLÁN,CALLE HUASTECA,19.7817432314872,-98.7121171662725,1,H,Se desconoce el Móvil de la Agresión,IMPACTO DE ARMA DE FUEGO,6.24,"CALLE HUASTECA, SAN FELIPE TEOTITLAN, NOPALTEPEC, Estado de México, México"
332,2026-05-03,04:30:00,4,nocturna (22-06),ECATEPEC,ECATEPEC,NUEVA DIAZ ORDAZ,AV RAY-O-VAC ESQUINA CON CALLE TOSHIBA,19.6065850083384,-99.0178132220908,1,H,SIN DATOS,IMPACTO DE ARMA DE FUEGO,2.09,"AVENIDA RAY-O-VAC ESQUINA CON CALLE TOSHIBA, NUEVA DIAZ ORDAZ, ECATEPEC, Estado de México, México"
333,2026-05-03,04:40:00,4,nocturna (22-06),IXTAPALUCA,CHALCO,NUEVA INDEPENDENCIA,CALLE NUEVO LEÓN,19.3340227281062,-98.9106759797635,1,H,Se desconoce el Móvil de la Agresión,IMPACTO DE ARMA DE FUEGO,1.92,"CALLE NUEVO LEON, NUEVA INDEPENDENCIA, IXTAPALUCA, Estado de México, México"
334,2026-05-03,08:55:00,8,matutina (06-14),HUEHUETOCA,ECATEPEC,SAN MIGUEL DE LOS JAGÜEYES,LIBRAMIENTO CAMINO A SAN MIGUEL,19.8326447122116,-99.2661541605162,2,H y M,SIN DATOS,IMPACTO DE ARMA DE FUEGO,3.01,"LIBRAMIENTO CAMINO A SAN MIGUEL, SAN MIGUEL DE LOS JAGUEYES, HUEHUETOCA, Estado de México, México"
335,2026-05-04,01:25:00,1,nocturna (22-06),ATIZAPAN,METROPOLITANA,PRADOS DE IXTACALA 2DA SECCIÓN,CALLE DE LAS ROSAS,19.5858860452912,-99.2438136202364,2,H y M,Se desconoce el Móvil de la Agresión,IMPACTO DE ARMA DE FUEGO,2.38,"CALLE DE LAS ROSAS, PRADOS DE IXTACALA 2DA SECCION, ATIZAPAN, Estado de México, México"
336,2026-05-04,14:45:00,14,vespertina (14-22),MALINALCO,IXTAPAN,SAN ANDRÉS NICOLÁS BRAVO,"CALLE BENITO JUÁREZ ESQUINA EMILIANO ZAPATA PARAJE ""LOS LIMONES""",18.7671748685963,-99.4654380085998,1,H,Ataque Directo,IMPACTO DE ARMA DE FUEGO,18.34,"CALLE BENITO JUAREZ ESQUINA EMILIANO ZAPATA PARAJE ""LOS LIMONES"", SAN ANDRES NICOLAS BRAVO, MALINALCO, Estado de México, México"
337,2026-05-05,14:30:00,14,vespertina (14-22),CHIAUTLA,ORIENTE,SANTIAGO CHIMALPA,CAMINO AL EJIDO 20,19.5706031198814,-98.8967394729464,1,H,Se desconoce el Móvil de la Agresión,IMPACTO DE ARMA DE FUEGO,2.69,"CAMINO AL EJIDO 20, SANTIAGO CHIMALPA, CHIAUTLA, Estado de México, México"
338,2026-05-05,19:50:00,19,vespertina (14-22),NICOLAS ROMERO,METROPOLITANA,EL TRÁFICO,CALLE TARASCO,19.6173913632054,-99.3400187086429,1,H,Probable riña,IMPACTO DE ARMA DE FUEGO,1.98,"CALLE TARASCO, EL TRAFICO, NICOLAS ROMERO, Estado de México, México"
339,2026-05-06,13:15:00,13,matutina (06-14),ATIZAPAN,METROPOLITANA,EN CALLES DEL MUNICIPIO,EN CALLES DEL MUNICIPIO,,,1,H,Sin datos,IMPACTO DE ARMA DE FUEGO,,"EN CALLES DEL MUNICIPIO, EN CALLES DEL MUNICIPIO, ATIZAPAN, Estado de México, México"
340,2026-05-06,20:05:00,20,vespertina (14-22),LA PAZ,ORIENTE,SAN SEBASTIÁN CHIMALPA,CALLE VICENTE GUERRERO ESQUINA CALLE ALLENDE,19.3822770158436,-98.9557910131422,1,H,Intento de robo,IMPACTO DE ARMA DE FUEGO,1.65,"CALLE VICENTE GUERRERO ESQUINA CALLE ALLENDE, SAN SEBASTIAN CHIMALPA, LA PAZ, Estado de México, México"
341,2026-05-07,03:10:00,3,nocturna (22-06),CUAUTITLAN IZCALLI,METROPOLITANA,SAN PABLO DE LOS GALLOS,AV ALFREDO DEL MAZO,19.6785833498591,-99.2449255921871,1,M,Sin datos,IMPACTO DE ARMA DE FUEGO,3.32,"AVENIDA ALFREDO DEL MAZO, SAN PABLO DE LOS GALLOS, CUAUTITLAN IZCALLI, Estado de México, México"
342,2026-05-07,22:30:00,22,nocturna (22-06),POLOTITLAN,ATLACOMULCO,EL ÁLAMO,ZONA DEL ÁLAMO,20.2243662612184,-99.8149757765318,1,M,Se desconoce el Móvil de la Agresión,IMPACTO DE ARMA DE FUEGO,0.06,"ZONA DEL ALAMO, EL ALAMO, POLOTITLAN, Estado de México, México"
343,2026-05-08,01:20:00,1,nocturna (22-06),CUAUTITLAN IZCALLI,METROPOLITANA,EL CERRITO,RIO CHIQUITO ESQUINA CON SAUCE,19.6736069797189,-99.1979684109755,2,H,Sin datos,IMPACTO DE ARMA DE FUEGO,1.64,"RIO CHIQUITO ESQUINA CON SAUCE, EL CERRITO, CUAUTITLAN IZCALLI, Estado de México, México"
344,2026-05-08,01:29:00,1,nocturna (22-06),TEXCOCO,ORIENTE,SAN JUANITO,DOS DE MARZO ESQUINA CON ALLENDE,19.5118906978228,-98.8793102477083,1,H,Se desconoce el Móvil de la Agresión,IMPACTO DE ARMA DE FUEGO,1.27,"DOS DE MARZO ESQUINA CON ALLENDE, SAN JUANITO, TEXCOCO, Estado de México, México"
345,2026-05-08,22:50:00,22,nocturna (22-06),ACOLMAN,ECATEPEC,S/D,S/D,,,1,H,SIN DATOS,IMPACTO DE ARMA DE FUEGO,,"S/D, S/D, ACOLMAN, Estado de México, México"
346,2026-05-09,01:20:00,1,nocturna (22-06),TULTEPEC,ECATEPEC,JARDINES DE SANTA CRUZ,CALLE BUGAMBILIAS Y DALIAS,19.696373395225,-99.1300488117252,1,MENOR,SIN DATOS,IMPACTO DE ARMA DE FUEGO,5.21,"CALLE BUGAMBILIAS Y DALIAS, JARDINES DE SANTA CRUZ, TULTEPEC, Estado de México, México"
347,2026-05-09,10:00:00,10,matutina (06-14),XALATLACO,VALLE TOLUCA,BARRIO SAN AGUSTÍN,CALLE NIÑOS HÉROES,19.1747962703087,-99.4196436794977,1,M,Se desconoce el Móvil de la Agresión,IMPACTO DE ARMA DE FUEGO,4.98,"CALLE NINOS HEROES, BARRIO SAN AGUSTIN, XALATLACO, Estado de México, México"
348,2026-05-09,23:40:00,23,nocturna (22-06),HUIXQUILUCAN,METROPOLITANA,FEDERAL BUROCRÁTICA,CALLE SECRETARÍA DEL ESTADO ESQUINA SEDESOL,19.4183558429675,-99.2681447491991,1,H,Se desconoce el Móvil de la Agresión,IMPACTO DE ARMA DE FUEGO,1.83,"CALLE SECRETARIA DEL ESTADO ESQUINA SEDESOL, FEDERAL BUROCRATICA, HUIXQUILUCAN, Estado de México, México"
349,2026-05-10,00:00:00,0,nocturna (22-06),NAUCALPAN,METROPOLITANA,EL COYOTE,CERRADA LIRIO Y CALLEJÓN LIRIO,19.4562081364921,-99.2843458660841,1,H,Sin datos,IMPACTO DE ARMA DE FUEGO,4.41,"CERRADA LIRIO Y CALLEJON LIRIO, EL COYOTE, NAUCALPAN, Estado de México, México"
350,2026-05-10,04:03:00,4,nocturna (22-06),CUAUTITLAN IZCALLI,METROPOLITANA,LA CAPILLA,CALLE CEDROS ESQUINA CON EL SABINO,19.6810218757651,-99.195019110916,1,H,Sin datos,IMPACTO DE ARMA DE FUEGO,1.97,"CALLE CEDROS ESQUINA CON EL SABINO, LA CAPILLA, CUAUTITLAN IZCALLI, Estado de México, México"
351,2026-05-10,09:00:00,9,matutina (06-14),CHICOLOAPAN,ORIENTE,HACIENDA REAL DE COXTITLÁN,BOULEVARD REAL DE LAS MINAS ESQUINA CON SAN JOSÉ,19.4101956171635,-98.880748585603,1,H,Se desconoce el Móvil de la Agresión,IMPACTO DE ARMA DE FUEGO,4.29,"BOULEVARD REAL DE LAS MINAS ESQUINA CON SAN JOSE, HACIENDA REAL DE COXTITLAN, CHICOLOAPAN, Estado de México, México"
352,2026-05-11,01:20:00,1,nocturna (22-06),LA PAZ,ORIENTE,LOMAS DE SAN SEBASTIÁN,CERRADA PIRUL ESQUINA CON AV MATEO CABRERA,19.3604435413839,-98.9121328270587,1,H,Ataque directo por venta de droga,IMPACTO DE ARMA DE FUEGO,2.86,"CERRADA PIRUL ESQUINA CON AV MATEO CABRERA, LOMAS DE SAN SEBASTIAN, LA PAZ, Estado de México, México"
353,2026-05-11,04:15:00,4,nocturna (22-06),NAUCALPAN,METROPOLITANA,SAN JUAN CHIMALPA,CALLE LUNA Y DALIAS,19.450706413314,-99.3443893107714,1,H,Probable riña,IMPACTO DE ARMA DE FUEGO,8.45,"CALLE LUNA Y DALIAS, SAN JUAN CHIMALPA, NAUCALPAN, Estado de México, México"
354,2026-05-11,06:50:00,6,matutina (06-14),NAUCALPAN,METROPOLITANA,EL MOLINITO,S/D,19.4585532700927,-99.2376025616092,1,H,Se desconoce el Móvil de la Agresión,IMPACTO DE ARMA DE FUEGO,0.92,"S/D, EL MOLINITO, NAUCALPAN, Estado de México, México"
355,2026-05-12,00:15:00,0,nocturna (22-06),VALLE DE CHALCO,CHALCO,PROVIDENCIA,AV BENITO JUÁREZ ESQUINA CON NORTE 3,19.283373304533,-98.9209979742855,1,H,POR UNA RIÑA,IMPACTO DE ARMA DE FUEGO,0.71,"AVENIDA BENITO JUAREZ ESQUINA CON NORTE 3, PROVIDENCIA, VALLE DE CHALCO, Estado de México, México"
356,2026-05-12,05:10:00,5,nocturna (22-06),TULTITLAN,METROPOLITANA,SAN PABLO DE LAS SALINAS,AV EJE 8 NO. 54,19.6606190506741,-99.0828525357086,1,H,Sin datos,IMPACTO DE ARMA DE FUEGO,3.6,"AVENIDA EJE 8 NO. 54, SAN PABLO DE LAS SALINAS, TULTITLAN, Estado de México, México"
357,2026-05-13,11:00:00,11,matutina (06-14),CUAUTITLAN IZCALLI,METROPOLITANA,SAN ANTONIO 2a SECCIÓN,AV RANCHO SAN ANTONIO ESQUINA CON RANCHO LA PRESA,19.6684970339783,-99.2268947271231,1,H,Se desconoce el Móvil de la Agresión,IMPACTO DE ARMA DE FUEGO,1.69,"AVENIDA RANCHO SAN ANTONIO ESQUINA CON RANCHO LA PRESA, SAN ANTONIO 2A SECCION, CUAUTITLAN IZCALLI, Estado de México, México"
358,2026-05-13,19:33:00,19,vespertina (14-22),NEZAHUALCOYOTL,ORIENTE,JUÁREZ PANTITLÁN,CALLE TRIGONOMETRÍA,19.4063356291412,-99.046702590039,1,H,posible robo y o asalto,IMPACTO DE ARMA DE FUEGO,1.1,"CALLE TRIGONOMETRIA, JUAREZ PANTITLAN, NEZAHUALCOYOTL, Estado de México, México"
359,2026-05-14,04:25:00,4,nocturna (22-06),JALTENCO,ECATEPEC,ALBORADA JALTENCO,AV CANAL DE CASTERA ESQUINA CON ISTMO,19.6610773199962,-99.0707312526109,1,H,SIN DATOS,IMPACTO DE ARMA DE FUEGO,3.68,"AVENIDA CANAL DE CASTERA ESQUINA CON ISTMO, ALBORADA JALTENCO, JALTENCO, Estado de México, México"
360,2026-05-14,09:30:00,9,matutina (06-14),COYOTEPEC,ECATEPEC,BARRIO SANTIAGO,AV LEGISLATURA,19.7718347304197,-99.2189939746908,1,H,SIN DATOS,IMPACTO DE ARMA DE FUEGO,3.03,"AVENIDA LEGISLATURA, BARRIO SANTIAGO, COYOTEPEC, Estado de México, México"
361,2026-05-14,14:30:00,14,vespertina (14-22),ECATEPEC,ECATEPEC,LA PALMA,AV ACUEDUCTO ESQUINA CON AV LAS TORRES,19.5483627503308,-99.0685719775474,1,H,SIN DATOS,IMPACTO DE ARMA DE FUEGO,1.81,"AVENIDA ACUEDUCTO ESQUINA CON AV LAS TORRES, LA PALMA, ECATEPEC, Estado de México, México"
362,2026-05-15,23:50:00,23,nocturna (22-06),ECATEPEC,ECATEPEC,VIVEROS DE TULPETLAC,AV ROBLE ESQUINA CALLE PINO,19.5841691507637,-99.0486663836694,3,H,SIN DATOS,IMPACTO DE ARMA DE FUEGO,2.12,"AVENIDA ROBLE ESQUINA CALLE PINO, VIVEROS DE TULPETLAC, ECATEPEC, Estado de México, México"
363,2026-05-16,03:05:00,3,nocturna (22-06),CHIMALHUACAN,ORIENTE,BARRIO VIDRIEROS,MANUEL ALAS Y ORGANIZACIÓN POPULAR,19.4301621848756,-98.9745986319292,1,H,Se desconoce el Móvil de la Agresión,IMPACTO DE ARMA DE FUEGO,1.93,"MANUEL ALAS Y ORGANIZACION POPULAR, BARRIO VIDRIEROS, CHIMALHUACAN, Estado de México, México"
364,2026-05-16,09:35:00,9,matutina (06-14),CUAUTITLAN IZCALLI,METROPOLITANA,LA QUEBRADA CENTRO,AV DEL PARQUE Y DEL CENTRO,19.5945403226448,-99.1890626791493,1,H,Se desconoce el Móvil de la Agresión,IMPACTO DE ARMA DE FUEGO,1.41,"AVENIDA DEL PARQUE Y DEL CENTRO, LA QUEBRADA CENTRO, CUAUTITLAN IZCALLI, Estado de México, México"
365,2026-05-17,,,sin dato,CHIMALHUACAN,ORIENTE,BARRIO CORTE SAN PABLO,CALLE DEL CARMEN ESQUINA AV DE LA UNIÓN,19.3991634657137,-98.9033538374549,1,H,Se desconoce el Móvil de la Agresión,IMPACTO DE ARMA DE FUEGO,3.26,"CALLE DEL CARMEN ESQUINA AV DE LA UNION, BARRIO CORTE SAN PABLO, CHIMALHUACAN, Estado de México, México"
366,2026-05-17,06:38:00,6,matutina (06-14),ISIDRO FABELA,METROPOLITANA,TLAZALA DE FABELA,AV CONSTITUCIÓN,19.5555861230128,-99.4171043125551,1,H,Se desconoce el Móvil de la Agresión,IMPACTO DE ARMA DE FUEGO,0.12,"AVENIDA CONSTITUCION, TLAZALA DE FABELA, ISIDRO FABELA, Estado de México, México"
367,2026-05-17,14:26:00,14,vespertina (14-22),OTUMBA,ORIENTE,CUAUTLACINGO,CALLE BENITO JUÁREZ ESQUINA MÁRTIRES DE TACUBAYA,19.6976419342806,-98.77531318444,1,H,Se desconoce el Móvil de la Agresión,IMPACTO DE ARMA DE FUEGO,2.04,"CALLE BENITO JUAREZ ESQUINA MARTIRES DE TACUBAYA, CUAUTLACINGO, OTUMBA, Estado de México, México"
368,2026-05-18,07:30:00,7,matutina (06-14),ATIZAPAN,METROPOLITANA,ALFREDO V. BONFIL,CALLE 20 DE NOVIEMBRE ESQUINA VICTORIA,19.5780910844067,-99.2382500837569,1,H,Se desconoce el Móvil de la Agresión,IMPACTO DE ARMA DE FUEGO,2.08,"CALLE 20 DE NOVIEMBRE ESQUINA VICTORIA, ALFREDO V. BONFIL, ATIZAPAN, Estado de México, México"
369,2026-05-18,19:40:00,19,vespertina (14-22),COYOTEPEC,ECATEPEC,SANTIAGO,S/D,19.7793901950519,-99.225692175952,1,H,SIN DATOS,IMPACTO DE ARMA DE FUEGO,4.12,"S/D, SANTIAGO, COYOTEPEC, Estado de México, México"
370,2026-05-19,,,sin dato,AXAPUSCO,ORIENTE,SAN NICOLAS TETEPANTLA,SOBRE CAMINO A SAN NICOLÁS TETEPANTLA,19.7768618840607,-98.7520940977163,1,H,Se desconoce el Móvil de la Agresión,SIGNOS DE VIOLENCIA,8.79,"SOBRE CAMINO A SAN NICOLAS TETEPANTLA, SAN NICOLAS TETEPANTLA, AXAPUSCO, Estado de México, México"
371,2026-05-19,,,sin dato,CHICOLOAPAN,ORIENTE,REAL DE COSTITLAN,BOULEVARD REAL DE LAS MINAS,19.4119034748449,-98.8891085295581,1,M,Se desconoce el Móvil de la Agresión,IMPACTO DE ARMA DE FUEGO,3.67,"BOULEVARD REAL DE LAS MINAS, REAL DE COSTITLAN, CHICOLOAPAN, Estado de México, México"
372,2026-05-20,08:00:00,8,matutina (06-14),TLALNEPANTLA,METROPOLITANA,LAZARO CARDENAS,CALLE CLUB SIERRA ESQUINA CON ACAYUCAN,19.5344382963202,-99.1195834537536,1,H,Ataque directo por venta de droga,IMPACTO DE ARMA DE FUEGO,2.79,"CALLE CLUB SIERRA ESQUINA CON ACAYUCAN, LAZARO CARDENAS, TLALNEPANTLA, Estado de México, México"
373,2026-05-21,00:05:00,0,nocturna (22-06),ECATEPEC,ECATEPEC,LA PLAYITA,AV TIERRA Y LIBERTAD,19.5000519284905,-99.0322455537765,2,H y M,SIN DATOS,IMPACTO DE ARMA DE FUEGO,2.1,"AVENIDA TIERRA Y LIBERTAD, LA PLAYITA, ECATEPEC, Estado de México, México"
374,2026-05-22,00:10:00,0,nocturna (22-06),ECATEPEC,ECATEPEC,LOMAS DE TULPETLAC,AV ACUEDUCTO ESQUINA AV CHIAPAS,19.5730461726824,-99.0534066576785,1,H,SIN DATOS,IMPACTO DE ARMA DE FUEGO,2.69,"AVENIDA ACUEDUCTO ESQUINA AV CHIAPAS, LOMAS DE TULPETLAC, ECATEPEC, Estado de México, México"
375,2026-05-22,00:55:00,0,nocturna (22-06),ECATEPEC,ECATEPEC,JARDINES DE MORELOS,CALLE GRIETA ESQUINA CON NIEBLA,19.5938723483024,-98.9936124342136,1,H,SIN DATOS,IMPACTO DE ARMA DE FUEGO,1.53,"CALLE GRIETA ESQUINA CON NIEBLA, JARDINES DE MORELOS, ECATEPEC, Estado de México, México"
376,2026-05-22,05:30:00,5,nocturna (22-06),CUAUTITLAN IZCALLI,METROPOLITANA,LOMAS DE SAN FRANCISCO,CALLE MORELOS ESQUINA CON EJIDO DE GUADALUPE,19.6520112734919,-99.2570477483151,2,H,Ataque directo por venta de droga,IMPACTO DE ARMA DE FUEGO,4.4,"CALLE MORELOS ESQUINA CON EJIDO DE GUADALUPE, LOMAS DE SAN FRANCISCO, CUAUTITLAN IZCALLI, Estado de México, México"
377,2026-05-23,01:32:00,1,nocturna (22-06),ECATEPEC,ECATEPEC,HANK GONZÁLEZ,AV CAMINO VIEJO A SAN ANDRÉS ESQUINA CALLE 2,19.5536174354364,-99.0692166453309,1,H,SIN DATOS,IMPACTO DE ARMA DE FUEGO,1.95,"AVENIDA CAMINO VIEJO A SAN ANDRES ESQUINA CALLE 2, HANK GONZALEZ, ECATEPEC, Estado de México, México"
378,2026-05-23,06:55:00,6,matutina (06-14),TEPETLAOXTOC,ORIENTE,SAN ANDRÉS DE LAS PERAS,CERRADA SANTA ESCUELA,19.5557852028876,-98.7912321552143,1,H,Se desconoce el Móvil de la Agresión,IMPACTO DE ARMA DE FUEGO,9.38,"CERRADA SANTA ESCUELA, SAN ANDRES DE LAS PERAS, TEPETLAOXTOC, Estado de México, México"
379,2026-05-24,07:30:00,7,matutina (06-14),NAUCALPAN,METROPOLITANA,LOMA COLORADA,AV PRINCIPAL ESQUINA AV LOS ARCOS,19.4668760926442,-99.2583173260313,1,H,Se desconoce el Móvil de la Agresión,IMPACTO DE ARMA DE FUEGO,2.11,"AVENIDA PRINCIPAL ESQUINA AV LOS ARCOS, LOMA COLORADA, NAUCALPAN, Estado de México, México"
380,2026-05-24,20:40:00,20,vespertina (14-22),VILLA GUERRERO,IXTAPAN,ZACANGO LA ALTA,CAMINO S/N (BRECHA DEL BURRO),18.9508087271579,-99.6911292153137,2,H,Ataque Directo,IMPACTO DE ARMA DE FUEGO,5.27,"CAMINO S/N (BRECHA DEL BURRO), ZACANGO LA ALTA, VILLA GUERRERO, Estado de México, México"
381,2026-05-25,22:00:00,22,nocturna (22-06),ECATEPEC,ECATEPEC,TULPETLAC,CALLE HIDALGO SUR ESQUINA VERACRUZ,19.5670888278288,-99.0479291186406,1,H,SIN DATOS,IMPACTO DE ARMA DE FUEGO,2.05,"CALLE HIDALGO SUR ESQUINA VERACRUZ, TULPETLAC, ECATEPEC, Estado de México, México"
382,2026-05-25,22:30:00,22,nocturna (22-06),TEOLOYUCAN,METROPOLITANA,SANTA CRUZ DEL MONTE,CALLE TOLUCA ESQUINA LAS TORRES,19.7709937503839,-99.2322384737735,1,H,SIN DATOS,IMPACTO DE ARMA DE FUEGO,4.0,"CALLE TOLUCA ESQUINA LAS TORRES, SANTA CRUZ DEL MONTE, TEOLOYUCAN, Estado de México, México"
383,2026-05-26,06:12:00,6,matutina (06-14),IXTAPALUCA,CHALCO,CUATRO VIENTOS,CALLE TORNADO ESQUINA CALLE GRANIZO,19.2960519921308,-98.8402038424348,1,H,Se desconoce el Móvil de la Agresión,IMPACTO DE ARMA DE FUEGO,3.11,"CALLE TORNADO ESQUINA CALLE GRANIZO, CUATRO VIENTOS, IXTAPALUCA, Estado de México, México"
384,2026-05-26,06:32:00,6,matutina (06-14),CHIMALHUACAN,ORIENTE,COPALERA,CALLE ROBLE,19.3919211312305,-98.9460828347311,1,H,Probable riña,IMPACTO DE ARMA DE FUEGO,3.07,"CALLE ROBLE, COPALERA, CHIMALHUACAN, Estado de México, México"
385,2026-05-27,01:14:00,1,nocturna (22-06),NICOLAS ROMERO,METROPOLITANA,LIBERTAD,LERDO DE TEJADA ESQUINA CERRADA AMANECER,19.6404940920063,-99.303288921026,1,H,Se desconoce el Móvil de la Agresión,IMPACTO DE ARMA DE FUEGO,1.61,"LERDO DE TEJADA ESQUINA CERRADA AMANECER, LIBERTAD, NICOLAS ROMERO, Estado de México, México"
386,2026-05-27,19:45:00,19,vespertina (14-22),LERMA,VALLE TOLUCA,SANTA CRUZ CHIGNAHUAPAN,CALE RÍO AMEYALCO,19.3133487691244,-99.4731444893402,1,H,Se desconoce el Móvil de la Agresión,SIGNOS DE VIOLENCIA,7.84,"CALE RIO AMEYALCO, SANTA CRUZ CHIGNAHUAPAN, LERMA, Estado de México, México"
387,2026-05-28,00:55:00,0,nocturna (22-06),CHALCO,CHALCO,SAN PABLO ATLAZALPA,CALLE NACIONAL ESQUINA DOLORES,19.2112285457358,-98.9106915122788,2,H,Ajuste de cuentas por venta de droga,IMPACTO DE ARMA DE FUEGO,5.18,"CALLE NACIONAL ESQUINA DOLORES, SAN PABLO ATLAZALPA, CHALCO, Estado de México, México"
388,2026-05-28,15:20:00,15,vespertina (14-22),TEOLOYUCAN,METROPOLITANA,SANTA CRUZ DEL MONTE,AV LUMBRERAS,19.7677555103111,-99.2271127035263,1,H,SIN DATOS,IMPACTO DE ARMA DE FUEGO,3.35,"AVENIDA LUMBRERAS, SANTA CRUZ DEL MONTE, TEOLOYUCAN, Estado de México, México"
389,2026-05-28,17:00:00,17,vespertina (14-22),TECAMAC,ECATEPEC,S/D,S/D,,,1,H,SIN DATOS,S/D,,"S/D, S/D, TECAMAC, Estado de México, México"
390,2026-05-29,08:20:00,8,matutina (06-14),TECAMAC,ECATEPEC,LOS HÉROES OZUMBILLA,JARDINES BOTANICOS ESQUINA VALLE DE SAN MIGUEL,19.640139728282,-99.038608832364,2,H,SIN DATOS,HERIDAS DE ARMA BLANCA,1.28,"JARDINES BOTANICOS ESQUINA VALLE DE SAN MIGUEL, LOS HEROES OZUMBILLA, TECAMAC, Estado de México, México"
391,2026-05-29,09:00:00,9,matutina (06-14),CHICOLOAPAN,ORIENTE,EJIDOS DE CHICOLOAPAN,AV RIO ARMERIA,19.4067430672316,-98.8942808458614,1,H,Se desconoce el Móvil de la Agresión,IMPACTO DE ARMA DE FUEGO,3.8,"AVENIDA RIO ARMERIA, EJIDOS DE CHICOLOAPAN, CHICOLOAPAN, Estado de México, México"
392,2026-05-29,23:20:00,23,nocturna (22-06),OTUMBA,ORIENTE,SANTIAGO TOLMAN,AV MÉXICO ESQUINA AV DE LA PALMA,19.7252446226853,-98.7916215116971,2,H,Ajuste de cuentas por venta de droga,IMPACTO DE ARMA DE FUEGO,4.83,"AVENIDA MEXICO ESQUINA AV DE LA PALMA, SANTIAGO TOLMAN, OTUMBA, Estado de México, México"
393,2026-05-30,00:00:00,0,nocturna (22-06),CHALCO,CHALCO,SAN SEBASTIAN,CALLE PROLONGACIÓN NIÑO ARTILLERO,19.2582858812577,-98.8984454035349,2,H,Ajuste de cuentas por venta de droga,IMPACTO DE ARMA DE FUEGO,0.75,"CALLE PROLONGACION NINO ARTILLERO, SAN SEBASTIAN, CHALCO, Estado de México, México"
394,2026-05-30,17:30:00,17,vespertina (14-22),HUEHUETOCA,ECATEPEC,SANTA MARÍA,CALLE 2A CERRADA CHABACANO,19.8505525394346,-99.2003401053737,1,H,SIN DATOS,IMPACTO DE ARMA DE FUEGO,3.37,"CALLE 2A CERRADA CHABACANO, SANTA MARIA, HUEHUETOCA, Estado de México, México"
395,2026-05-30,20:30:00,20,vespertina (14-22),MALINALCO,IXTAPAN,SAN MARTÍN DE LAS PORRAS,AV BENITO JUAREZ ESQUINA C DEMETRIO MARTINEZ,18.9429353011293,-99.5011702941195,1,H,Ataque Directo,IMPACTO DE ARMA DE FUEGO,1.18,"AVENIDA BENITO JUAREZ ESQUINA C DEMETRIO MARTINEZ, SAN MARTIN DE LAS PORRAS, MALINALCO, Estado de México, México"
396,2026-05-31,03:35:00,3,nocturna (22-06),COYOTEPEC,ECATEPEC,S/D,S/D,,,2,H y M,SIN DATOS,IMPACTO DE ARMA DE FUEGO,,"S/D, S/D, COYOTEPEC, Estado de México, México"
397,2026-05-31,04:07:00,4,nocturna (22-06),TULTEPEC,ECATEPEC,S/D,S/D,,,1,H,SIN DATOS,IMPACTO DE ARMA DE FUEGO,,"S/D, S/D, TULTEPEC, Estado de México, México"
398,2026-05-31,09:00:00,9,matutina (06-14),ECATEPEC,ECATEPEC,S/D,S/D,,,1,H,SIN DATOS,IMPACTO DE ARMA DE FUEGO,,"S/D, S/D, ECATEPEC, Estado de México, México"
399,2026-05-31,22:00:00,22,nocturna (22-06),CHALCO,CHALCO,S/D,S/D,,,1,H,SIN DATOS,IMPACTO DE ARMA DE FUEGO,,"S/D, S/D, CHALCO, Estado de México, México"
400,2026-06-01,00:00:00,0,nocturna (22-06),TECAMAC,ECATEPEC,AMPLIACIÓN LOMA BONITA,CALLE PASEOS DE LOS JARDINES ESQUINA COLIMA Y DURANGO,19.6700694084631,-99.006444460459,1,H,SIN DATOS,IMPACTO DE ARMA DE FUEGO,1.43,"CALLE PASEOS DE LOS JARDINES ESQUINA COLIMA Y DURANGO, AMPLIACION LOMA BONITA, TECAMAC, Estado de México, México"
401,2026-06-01,00:20:00,0,nocturna (22-06),TLALNEPANTLA,METROPOLITANA,LAZARO CARDENAS,SAGITARIO ESQUINA ANDINO DE CHILE,19.5381192917031,-99.1178069506605,1,H,Probable riña,IMPACTO DE ARMA DE FUEGO,2.91,"SAGITARIO ESQUINA ANDINO DE CHILE, LAZARO CARDENAS, TLALNEPANTLA, Estado de México, México"
402,2026-06-01,01:55:00,1,nocturna (22-06),NICOLAS ROMERO,METROPOLITANA,QUINTO BARRIO SANTA MARÍA CAHUACAN,AV FRANCISCO VILLA,19.60994350403,-99.2993317416518,1,H,Sin datos,IMPACTO DE ARMA DE FUEGO,2.39,"AVENIDA FRANCISCO VILLA, QUINTO BARRIO SANTA MARIA CAHUACAN, NICOLAS ROMERO, Estado de México, México"
403,2026-06-01,03:30:00,3,nocturna (22-06),ECATEPEC,ECATEPEC,VALLE DE ARAGÓN 3RA SECCIÓN,VALLE DE URAL ESQUINA VALLE DE HUDSON,19.5013179235369,-99.0363229984045,1,H,SIN DATOS,IMPACTO DE ARMA DE FUEGO,1.9,"VALLE DE URAL ESQUINA VALLE DE HUDSON, VALLE DE ARAGON 3RA SECCION, ECATEPEC, Estado de México, México"
404,2026-06-01,06:49:00,6,matutina (06-14),TULTITLAN,METROPOLITANA,MEXICALZINGO,"VILLA DE GUERRERO, SOLIDARIDAD 3RA SECCIÓN",19.6029870297704,-99.1505886443986,1,M,Sin datos,IMPACTO DE ARMA DE FUEGO,2.23,"VILLA DE GUERRERO, SOLIDARIDAD 3RA SECCION, MEXICALZINGO, TULTITLAN, Estado de México, México"
405,2026-06-01,09:38:00,9,matutina (06-14),CUAUTITLAN IZCALLI,METROPOLITANA,LAS TINAJAS,AV VILLA DE LAS FLORES ESQUINA AV LAS TINAJAS,19.6672778309843,-99.2494223785789,1,H,Probable riña,IMPACTO DE ARMA DE FUEGO,3.93,"AVENIDA VILLA DE LAS FLORES ESQUINA AV LAS TINAJAS, LAS TINAJAS, CUAUTITLAN IZCALLI, Estado de México, México"
406,2026-06-01,15:40:00,15,vespertina (14-22),CUAUTITLAN IZCALLI,METROPOLITANA,AMPLIACIÓN EJIDAL SAN ISIDRO,ESMERALDA,19.6173334997261,-99.206749004573,1,H,Sin datos,IMPACTO DE ARMA DE FUEGO,1.19,"ESMERALDA, AMPLIACION EJIDAL SAN ISIDRO, CUAUTITLAN IZCALLI, Estado de México, México"
407,2026-06-01,15:55:00,15,vespertina (14-22),TLALNEPANTLA,METROPOLITANA,LAZARO CARDENAS SEGUNDA SECCIÓN,PLAN SAGITARIO ESQUINA HUASCARÁN,19.5464383376718,-99.1221380477339,1,H,Se desconoce el Móvil de la Agresión,IMPACTO DE ARMA DE FUEGO,3.89,"PLAN SAGITARIO ESQUINA HUASCARAN, LAZARO CARDENAS SEGUNDA SECCION, TLALNEPANTLA, Estado de México, México"
408,2026-06-02,21:35:00,21,vespertina (14-22),TEPOTZOTLAN,METROPOLITANA,EJIDOS DE CAÑADAS,CALLE DOMICILIO CONOCIDO,19.7178797268328,-99.2055100546521,2,H,Se desconoce el Móvil de la Agresión,IMPACTO DE ARMA DE FUEGO,1.76,"CALLE DOMICILIO CONOCIDO, EJIDOS DE CANADAS, TEPOTZOTLAN, Estado de México, México"
409,2026-06-03,15:36:00,15,vespertina (14-22),TEJUPILCO,IXTAPAN,MÉXICO SESENTA Y OCHO,,18.8938013550888,-100.150090745977,1,H,Ejecucion,SIGNOS DE VIOLENCIA,29.54,"MEXICO SESENTA Y OCHO, TEJUPILCO, Estado de México, México"
410,2026-06-03,17:45:00,17,vespertina (14-22),CHIMALHUACAN,ORIENTE,TENEPANTLA,"AV INDEPENDENCIA, ESQUINA CON GUADALUPE",19.4007297594166,-98.9479307157869,1,H,Se desconoce el Móvil de la Agresión,IMPACTO DE ARMA DE FUEGO,2.51,"AVENIDA INDEPENDENCIA, ESQUINA CON GUADALUPE, TENEPANTLA, CHIMALHUACAN, Estado de México, México"
411,2026-06-03,20:45:00,20,vespertina (14-22),VALLE DE BRAVO,VALLE DE BRAVO,SANTA MARÍA AHUACATLÁN,CARRETERA VALLE DE BRAVO- SAN FRANCISCO OXTOTILPAN PARAJE EL MANGUITO,19.3763129105532,-99.8912073170859,1,H,SIN DATOS,IMPACTO DE ARMA DE FUEGO,4.98,"CARRETERA VALLE DE BRAVO- SAN FRANCISCO OXTOTILPAN PARAJE EL MANGUITO, SANTA MARIA AHUACATLAN, VALLE DE BRAVO, Estado de México, México"
412,2026-06-04,00:05:00,0,nocturna (22-06),NAUCALPAN,METROPOLITANA,SANTIAGO TEPATLAXCO,C PRINCIPAL,19.4790467773835,-99.3448018088614,1,H,Se desconoce el Móvil de la Agresión,IMPACTO DE ARMA DE FUEGO,10.65,"CALLE PRINCIPAL, SANTIAGO TEPATLAXCO, NAUCALPAN, Estado de México, México"
413,2026-06-04,20:27:00,20,vespertina (14-22),LA PAZ,ORIENTE,EL SALADO,AV DEL CANAL ESQUINA RIO GRANDE,19.3668744605267,-98.9620109420013,1,H,Ajuste de Cuentas entre grupos delictivos,IMPACTO DE ARMA DE FUEGO,1.3,"AVENIDA DEL CANAL ESQUINA RIO GRANDE, EL SALADO, LA PAZ, Estado de México, México"
414,2026-06-04,22:00:00,22,nocturna (22-06),ECATEPEC,ECATEPEC,EMILIANO ZAPATA 2DA SECCIÓN,C JOSÉ MARIA MORELOS,19.5046432812087,-99.0610724778915,1,H,SIN DATOS,IMPACTO DE ARMA DE FUEGO,2.33,"CALLE JOSE MARIA MORELOS, EMILIANO ZAPATA 2DA SECCION, ECATEPEC, Estado de México, México"
415,2026-06-05,00:35:00,0,nocturna (22-06),TULTITLAN,METROPOLITANA,BUGAMBILIAS,PASEO DE LAS ROSAS ENTRE LOMAS DE LA CAÑADA,19.5995460000909,-99.1715272882609,1,M,Se desconoce el Móvil de la Agresión,IMPACTO DE ARMA DE FUEGO,0.05,"PASEO DE LAS ROSAS ENTRE LOMAS DE LA CANADA, BUGAMBILIAS, TULTITLAN, Estado de México, México"
416,2026-06-05,10:55:00,10,matutina (06-14),NICOLAS ROMERO,METROPOLITANA,VICENTE GUERRERO,CALLE ADOLFO LÓPEZ MATEOS,19.6141277514931,-99.3133428750157,1,H,Sin datos,IMPACTO DE ARMA DE FUEGO,1.43,"CALLE ADOLFO LOPEZ MATEOS, VICENTE GUERRERO, NICOLAS ROMERO, Estado de México, México"
417,2026-06-05,21:40:00,21,vespertina (14-22),SAN MARTIN DE LAS PIRAMIDES,ORIENTE,SAN ANTONIO DE LAS PALMAS,CERRETERA SAN MARTÍN DE LAS PIRÁMIDES- SAN MIGUEL ATLAMAJAC,19.7142410636235,-98.8521009247381,1,H,Se desconoce el Móvil de la Agresión,IMPACTO DE ARMA DE FUEGO,2.07,"CERRETERA SAN MARTIN DE LAS PIRAMIDES- SAN MIGUEL ATLAMAJAC, SAN ANTONIO DE LAS PALMAS, SAN MARTIN DE LAS PIRAMIDES, Estado de México, México"
418,2026-06-06,19:27:00,19,vespertina (14-22),ECATEPEC,ECATEPEC,LA POPULAR,C AQUILES SERDÁN ESQUINA MIGUEL HIDALGO,19.5363880069249,-99.0518448538232,1,H,SIN DATOS,IMPACTO DE ARMA DE FUEGO,0.89,"CALLE AQUILES SERDAN ESQUINA MIGUEL HIDALGO, LA POPULAR, ECATEPEC, Estado de México, México"
419,2026-06-06,20:45:00,20,vespertina (14-22),CHALCO,CHALCO,LOS HÉROES,AV J.M MORELOS ESQUINA AV. NACIONAL,19.2661660580052,-98.8556172814189,1,H,SIN DATOS,IMPACTO DE ARMA DE FUEGO,1.91,"AVENIDA J.M MORELOS ESQUINA AV. NACIONAL, LOS HEROES, CHALCO, Estado de México, México"
420,2026-06-07,00:10:00,0,nocturna (22-06),TECAMAC,ECATEPEC,SAN JUAN PUEBLO NUEVO,C PORFIRIO DÍAZ,19.6220491889774,-99.0222253332628,1,H,SIN DATOS,IMPACTO DE ARMA DE FUEGO,2.23,"CALLE PORFIRIO DIAZ, SAN JUAN PUEBLO NUEVO, TECAMAC, Estado de México, México"
421,2026-06-07,22:20:00,22,nocturna (22-06),TEOLOYUCAN,METROPOLITANA,SANTA CRUZ DEL MONTE,AV TOLUCA ESQUINA C TEXCOCO,19.7714380139576,-99.2356065800007,1,H,SIN DATOS,IMPACTO DE ARMA DE FUEGO,4.32,"AVENIDA TOLUCA ESQUINA C TEXCOCO, SANTA CRUZ DEL MONTE, TEOLOYUCAN, Estado de México, México"
422,2026-06-08,12:25:00,12,matutina (06-14),NAUCALPAN,METROPOLITANA,SAN LORENZO TOTOLINGA PRIMERA SECCIÓN,CALZADA DE GUADALUPE,19.4538232057771,-99.2722247998212,1,H,Se desconoce el Móvil de la Agresión,IMPACTO DE ARMA DE FUEGO,3.25,"CALZADA DE GUADALUPE, SAN LORENZO TOTOLINGA PRIMERA SECCION, NAUCALPAN, Estado de México, México"
423,2026-06-08,12:42:00,12,matutina (06-14),MALINALCO,IXTAPAN,SAN MARTÍIN,AV BENITO JUÁREZ ESQUINA MARGARITAS,18.942737420475,-99.5011657036035,1,H,Ataque Directo,IMPACTO DE ARMA DE FUEGO,1.2,"AVENIDA BENITO JUAREZ ESQUINA MARGARITAS, SAN MARTIIN, MALINALCO, Estado de México, México"
424,2026-06-08,23:54:00,23,nocturna (22-06),ATLACOMULCO,ATLACOMULCO,SAN PEDRO DEL ROSAL,AV LUIS DONALDO COLOSIO ESQUINA DE LOS PINOS,19.7828785845026,-99.8078258832178,1,H,Por impacto de arma de fuego en cara y pecho.,IMPACTO DE ARMA DE FUEGO,4.36,"AVENIDA LUIS DONALDO COLOSIO ESQUINA DE LOS PINOS, SAN PEDRO DEL ROSAL, ATLACOMULCO, Estado de México, México"
425,2026-06-09,00:30:00,0,nocturna (22-06),ECATEPEC,ECATEPEC,SANTA MARÍA TULPETLAC,CERRADA DE LOS REYES ESQUINA CHARCO,19.5704367242166,-99.0528569787661,2,H,SIN DATOS,IMPACTO DE ARMA DE FUEGO,2.4,"CERRADA DE LOS REYES ESQUINA CHARCO, SANTA MARIA TULPETLAC, ECATEPEC, Estado de México, México"
426,2026-06-09,12:30:00,12,matutina (06-14),CHALCO,CHALCO,JARDINES DE CHALCO,C VICENTE GUERRERO ESQUINA C ÁLAMO,19.2737362417449,-98.9059138289738,1,H,SIN DATOS,IMPACTO DE ARMA DE FUEGO,0.83,"CALLE VICENTE GUERRERO ESQUINA C ALAMO, JARDINES DE CHALCO, CHALCO, Estado de México, México"
427,2026-06-10,14:40:00,14,vespertina (14-22),CUAUTITLAN IZCALLI,METROPOLITANA,SAN ANTONIO 2a SECCIÓN,AV NOPALTEPEC ESQUINA CON RANCHO SANTA CECILIA,19.6709140236903,-99.2254195903557,1,H,Se desconoce el Móvil de la Agresión,IMPACTO DE ARMA DE FUEGO,1.43,"AVENIDA NOPALTEPEC ESQUINA CON RANCHO SANTA CECILIA, SAN ANTONIO 2A SECCION, CUAUTITLAN IZCALLI, Estado de México, México"
428,2026-06-10,23:15:00,23,nocturna (22-06),VALLE DE CHALCO,CHALCO,SANTIAGO,NORTE 16 ESQUINA PONIENTE 5,19.295560937605,-98.9437823903807,2,H,POR QUE DEBIAN DINERO,IMPACTO DE ARMA DE FUEGO,0.92,"NORTE 16 ESQUINA PONIENTE 5, SANTIAGO, VALLE DE CHALCO, Estado de México, México"
429,2026-06-11,00:23:00,0,nocturna (22-06),ECATEPEC,ECATEPEC,NUEVO PASEO DE SAN AGUSTÍN,AV SANTA PRISCA ESQUINA SUR 8,19.5333686803066,-99.0456992885215,1,H,SIN DATOS,IMPACTO DE ARMA DE FUEGO,0.94,"AVENIDA SANTA PRISCA ESQUINA SUR 8, NUEVO PASEO DE SAN AGUSTIN, ECATEPEC, Estado de México, México"
430,2026-06-11,12:05:00,12,matutina (06-14),TULTITLAN,METROPOLITANA,LAS TORRES,C 5 DE MAYO ESQUINA 16 DE SEPTIEMBRE,19.6159101238593,-99.160646297013,1,H,Se desconoce el Móvil de la Agresión,ENVUELTO EN UNA COBIJA Y BOLSAS DE PLÁSTICO,2.19,"CALLE 5 DE MAYO ESQUINA 16 DE SEPTIEMBRE, LAS TORRES, TULTITLAN, Estado de México, México"
431,2026-06-11,21:20:00,21,vespertina (14-22),TULTEPEC,ECATEPEC,LA PIEDAD,C MARIANO ESCOBEDO,19.6864447888257,-99.128491892432,1,H,SIN DATOS,IMPACTO DE ARMA DE FUEGO,5.09,"CALLE MARIANO ESCOBEDO, LA PIEDAD, TULTEPEC, Estado de México, México"
432,2026-06-12,05:30:00,5,nocturna (22-06),IXTAPALUCA,CHALCO,GENERAL MANUEL ÁVILA CAMACHO,CARRRETERA MÉXICO-PUEBLA,19.3236934083705,-98.7617407813573,1,H,JUSTICIA POR PROPIA MANO,IMPACTO DE ARMA DE FUEGO,9.4,"CARRRETERA MEXICO-PUEBLA, GENERAL MANUEL AVILA CAMACHO, IXTAPALUCA, Estado de México, México"
433,2026-06-12,08:40:00,8,matutina (06-14),TULTITLAN,METROPOLITANA,SIERRA DE GUADALUPE,AV ESTADO DE MÉXICO,19.6100721562698,-99.1535790444723,1,H,Se desconoce el Móvil de la Agresión,IMPACTO DE ARMA DE FUEGO,2.24,"AVENIDA ESTADO DE MEXICO, SIERRA DE GUADALUPE, TULTITLAN, Estado de México, México"
434,2026-06-13,12:30:00,12,matutina (06-14),ZUMPANGO,ECATEPEC,LOS ROMEROS,CAMINO VIEJO A JILOTZINGO,19.8454588316714,-99.0705655900316,1,H,SIN DATOS,IMPACTO DE ARMA DE FUEGO,5.58,"CAMINO VIEJO A JILOTZINGO, LOS ROMEROS, ZUMPANGO, Estado de México, México"
435,2026-06-13,21:50:00,21,vespertina (14-22),ATIZAPAN,METROPOLITANA,CENTRO,BOULEVARD ADOLFO LÓPEZ MATEOS,19.5638291668246,-99.2510435403128,1,H,Se desconoce el Móvil de la Agresión,IMPACTO DE ARMA DE FUEGO,0.26,"BOULEVARD ADOLFO LOPEZ MATEOS, CENTRO, ATIZAPAN, Estado de México, México"
436,2026-06-14,00:00:00,0,nocturna (22-06),TEMOAYA,VALLE TOLUCA,SAN PEDRO ABAJO I SECCIÓN (LOMA DE CARACOL),AV ZARAGOZA,19.4827022288575,-99.5832055746957,1,H,SIN DATOS,IMPACTO DE ARMA DE FUEGO,9.56,"AVENIDA ZARAGOZA, SAN PEDRO ABAJO I SECCION (LOMA DE CARACOL), TEMOAYA, Estado de México, México"
437,2026-06-14,01:45:00,1,nocturna (22-06),NEZAHUALCOYOTL,ORIENTE,METROPOLITANA SECCIÓN I,CALLE CINCO,19.4275741671378,-99.0514549458611,1,H,discucion que termino en riña,IMPACTO DE ARMA DE FUEGO,3.47,"CALLE CINCO, METROPOLITANA SECCION I, NEZAHUALCOYOTL, Estado de México, México"
438,2026-06-14,10:30:00,10,matutina (06-14),VILLA DEL CARBON,ATLACOMULCO,SAN ISIDRO DEL BOSQUE,CAMINO A LA MELERA Y CARRETERA DE LAS VIGAS-EL VARAL,19.6642284915998,-99.5015918957557,1,H,Se desconoce el Móvil de la Agresión,MANCHAS HEMÁTICAS,14.86,"CAMINO A LA MELERA Y CARRETERA DE LAS VIGAS-EL VARAL, SAN ISIDRO DEL BOSQUE, VILLA DEL CARBON, Estado de México, México"
439,2026-06-15,11:45:00,11,matutina (06-14),ACULCO,ATLACOMULCO,BAÑE,SD,20.201968527233,-99.8446326123669,1,H,Ajuste de cuentas,CALCINADO,3.92,"SD, BANE, ACULCO, Estado de México, México"
440,2026-06-15,17:30:00,17,vespertina (14-22),ECATEPEC,ECATEPEC,EL CHAMIZAL,AV PRESIDENTES,19.5035912871307,-99.0569526796093,1,H,SIN DATOS,IMPACTO DE ARMA DE FUEGO,1.99,"AVENIDA PRESIDENTES, EL CHAMIZAL, ECATEPEC, Estado de México, México"
441,2026-06-16,00:05:00,0,nocturna (22-06),ECATEPEC,ECATEPEC,ALFREDO DEL MAZO,C TENANGO DEL VALLE ESQUINA SULTEPEC,19.564117602747,-99.0166047512026,1,H,SIN DATOS,IMPACTO DE ARMA DE FUEGO,1.24,"CALLE TENANGO DEL VALLE ESQUINA SULTEPEC, ALFREDO DEL MAZO, ECATEPEC, Estado de México, México"
442,2026-06-16,10:10:00,10,matutina (06-14),HUEHUETOCA,ECATEPEC,SAN BARTOLO,AV VERACRUZ,19.8373888409099,-99.1961117035252,1,H,SIN DATOS,IMPACTO DE ARMA DE FUEGO,1.84,"AVENIDA VERACRUZ, SAN BARTOLO, HUEHUETOCA, Estado de México, México"
443,2026-06-17,09:40:00,9,matutina (06-14),TEOLOYUCAN,METROPOLITANA,SANTO TOMÁS,CALLE HIDALGO ESQUINA PROGRESO,19.7500700293007,-99.1852263900333,1,H,SIN DATOS,IMPACTO DE ARMA DE FUEGO,1.62,"CALLE HIDALGO ESQUINA PROGRESO, SANTO TOMAS, TEOLOYUCAN, Estado de México, México"
444,2026-06-17,12:33:00,12,matutina (06-14),AXAPUSCO,ORIENTE,SANTO DOMINGO AZTACAMECA,CARRETERA SANTO DOMINGO AZTACAMECA-SANTA MARÍA ACTIPAC,19.7826777409996,-98.7673081303731,1,H,Se desconoce el Móvil de la Agresión,IMPACTO DE ARMA DE FUEGO,9.51,"CARRETERA SANTO DOMINGO AZTACAMECA-SANTA MARIA ACTIPAC, SANTO DOMINGO AZTACAMECA, AXAPUSCO, Estado de México, México"
445,2026-06-18,,,sin dato,TEOTIHUACAN,ORIENTE,SAN SEBASTIAN XOLALPA,CARRETERA MÉXICO-TULANCINGO,19.6738566153466,-98.8480777852178,1,H,Se desconoce el Móvil de la Agresión,IMPACTO DE ARMA DE FUEGO,3.77,"CARRETERA MEXICO-TULANCINGO, SAN SEBASTIAN XOLALPA, TEOTIHUACAN, Estado de México, México"
446,2026-06-18,,,sin dato,LERMA,VALLE TOLUCA,ISIDRO FABELA,AV MIGUEL HIDALGO,19.2864069829363,-99.5093931556594,1,H,Por aparente tema sentimental,EXTREMIDADES EN MALETA,3.29,"AVENIDA MIGUEL HIDALGO, ISIDRO FABELA, LERMA, Estado de México, México"
447,2026-06-18,,,sin dato,TENANCINGO,IXTAPAN,SAN MIGUEL TECOMATLÁN,CARRETERA TENERÍA-TECOMATLÁN,18.9525164375907,-99.5460166255334,1,H,Ataque Directo,IMPACTO DE ARMA DE FUEGO,4.89,"CARRETERA TENERIA-TECOMATLAN, SAN MIGUEL TECOMATLAN, TENANCINGO, Estado de México, México"
448,2026-06-19,00:10:00,0,nocturna (22-06),CAPULHUAC,VALLE TOLUCA,SAN MIGUELITO,C LIC CRUZ DE ARMAS ESQUINA PORFIRIO DIAZ,19.1901845309925,-99.4682861842323,1,H,Se desconoce el Móvil de la Agresión,IMPACTO DE ARMA DE FUEGO,2.25,"CALLE LIC CRUZ DE ARMAS ESQUINA PORFIRIO DIAZ, SAN MIGUELITO, CAPULHUAC, Estado de México, México"
449,2026-06-19,21:30:00,21,vespertina (14-22),TENANGO DEL VALLE,IXTAPAN,EL COLOSO,CAMINO A LOS BIJARROS,19.0950772465549,-99.5975506391179,1,H,Ataque Directo,IMPACTO DE ARMA DE FUEGO,1.42,"CAMINO A LOS BIJARROS, EL COLOSO, TENANGO DEL VALLE, Estado de México, México"
450,2026-06-20,11:00:00,11,matutina (06-14),ZUMPANGO,ECATEPEC,SAN LORENZO,CAMINO DE TERRACERÍA,19.7986351189764,-99.0805697797243,2,H,SIN DATOS,IMPACTO DE ARMA DE FUEGO,3.58,"CAMINO DE TERRACERIA, SAN LORENZO, ZUMPANGO, Estado de México, México"
451,2026-06-20,18:50:00,18,vespertina (14-22),TLALNEPANTLA,METROPOLITANA,LAZARO CARDENAS,C EXPLORADORES MEXICANOS,19.5250158076383,-99.123859874695,2,H,Ataque directo por venta de droga,IMPACTO DE ARMA DE FUEGO,2.78,"CALLE EXPLORADORES MEXICANOS, LAZARO CARDENAS, TLALNEPANTLA, Estado de México, México"
452,2026-06-21,03:15:00,3,nocturna (22-06),NAUCALPAN,METROPOLITANA,SAN LORENZO TOTOLINGA,CALZADA DE GUADALUPE ESQUINA CALLEJÓN GUADALUPE,19.4550688567721,-99.2700053116758,1,H,Se desconoce el Móvil de la Agresión,IMPACTO DE ARMA DE FUEGO,3.19,"CALZADA DE GUADALUPE ESQUINA CALLEJON GUADALUPE, SAN LORENZO TOTOLINGA, NAUCALPAN, Estado de México, México"
453,2026-06-21,22:00:00,22,nocturna (22-06),ZUMPANGO,ECATEPEC,BARRIO SAN MIGUEL,C JOSEFA ORTIZ DE DOMINGUEZ ESQUINA CUARTA DE CONSTITUYENTES,19.8143443018567,-99.1471380864743,1,H,SIN DATOS,IMPACTO DE ARMA DE FUEGO,3.76,"CALLE JOSEFA ORTIZ DE DOMINGUEZ ESQUINA CUARTA DE CONSTITUYENTES, BARRIO SAN MIGUEL, ZUMPANGO, Estado de México, México"
454,2026-06-21,23:50:00,23,nocturna (22-06),TLALNEPANTLA,METROPOLITANA,SAN JAVIER,CALLE CUAUHTÉMOC,19.5406489972732,-99.1897224292091,1,H,Se desconoce el Móvil de la Agresión,IMPACTO DE ARMA DE FUEGO,1.03,"CALLE CUAUHTEMOC, SAN JAVIER, TLALNEPANTLA, Estado de México, México"
455,2026-06-22,00:05:00,0,nocturna (22-06),TECAMAC,ECATEPEC,LOS OLIVOS,C JACARANDAS ESQUINA ENCINO,19.6821989178708,-98.9730982746923,1,H,SIN DATOS,IMPACTO DE ARMA DE FUEGO,3.93,"CALLE JACARANDAS ESQUINA ENCINO, LOS OLIVOS, TECAMAC, Estado de México, México"
456,2026-06-22,14:00:00,14,vespertina (14-22),TENANCINGO,IXTAPAN,LA CAMPANA,C MORELOS,18.9641854153676,-99.5998369188509,1,H,Ataque Directo,IMPACTO DE ARMA DE FUEGO,0.12,"CALLE MORELOS, LA CAMPANA, TENANCINGO, Estado de México, México"
457,2026-06-22,15:30:00,15,vespertina (14-22),CHALCO,CHALCO,UNIÓN DE GUADALUPE,C ORIENTE 56 ESQUINA C NORTE 10,19.279707744611,-98.9054252321683,1,H,Ajuste de cuentas por venta de droga,IMPACTO DE ARMA DE FUEGO,0.58,"CALLE ORIENTE 56 ESQUINA C NORTE 10, UNION DE GUADALUPE, CHALCO, Estado de México, México"
458,2026-06-22,17:20:00,17,vespertina (14-22),TEMASCALAPA,ORIENTE,SAN BARTOLOMÉ ACTOPAN,CALLE SIN NOMBRE,19.8362101232469,-98.8483361851878,1,H,SIN DATOS,IMPACTO DE ARMA DE FUEGO,14.62,"CALLE SIN NOMBRE, SAN BARTOLOME ACTOPAN, TEMASCALAPA, Estado de México, México"
459,2026-06-23,22:10:00,22,nocturna (22-06),TULTEPEC,ECATEPEC,JARDINES DE SANTA CRUZ,C MIRASOLES ESQUINA LAURELES,19.7005476004621,-99.128295874692,2,H,SIN DATOS,IMPACTO DE ARMA DE FUEGO,5.09,"CALLE MIRASOLES ESQUINA LAURELES, JARDINES DE SANTA CRUZ, TULTEPEC, Estado de México, México"
460,2026-06-24,20:35:00,20,vespertina (14-22),TEPOTZOTLAN,METROPOLITANA,SAN MATEO XALOC,C SAN MATEO,19.7043659957776,-99.2480603016788,1,H,Se desconoce el Móvil de la Agresión,IMPACTO DE ARMA DE FUEGO,2.94,"CALLE SAN MATEO, SAN MATEO XALOC, TEPOTZOTLAN, Estado de México, México"
461,2026-06-24,23:00:00,23,nocturna (22-06),TECAMAC,ECATEPEC,LOS HÉROES TECÁMAC,C BOSQUES DE LOS OLMOS,19.6297961773238,-99.0405443170222,1,H,SIN DATOS,IMPACTO DE ARMA DE FUEGO,2.45,"CALLE BOSQUES DE LOS OLMOS, LOS HEROES TECAMAC, TECAMAC, Estado de México, México"
462,2026-06-25,11:00:00,11,matutina (06-14),TLALNEPANTLA,METROPOLITANA,LÁZARO CÁRDENAS,CLUB EXPLORADORES DE MÉXICO ESQUINA ALPINO,19.5453855519692,-99.1144631984186,2,H,Se desconoce el Móvil de la Agresión,IMPACTO DE ARMA DE FUEGO,3.32,"CLUB EXPLORADORES DE MEXICO ESQUINA ALPINO, LAZARO CARDENAS, TLALNEPANTLA, Estado de México, México"
463,2026-06-26,19:13:00,19,vespertina (14-22),OTUMBA,ORIENTE,SANTIAGO TOLMAN,CARRETERA MÉXICO-TULANCINGO,19.6739779297442,-98.8480190881859,1,H,Se desconoce el Móvil de la Agresión,IMPACTO DE ARMA DE FUEGO,3.75,"CARRETERA MEXICO-TULANCINGO, SANTIAGO TOLMAN, OTUMBA, Estado de México, México"
464,2026-06-26,21:00:00,21,vespertina (14-22),TULTITLAN,METROPOLITANA,LOMAS DEL PARQUE,BLVD REFORMA ESQUINA CON 2 UNIDAD HABITACIONAL LOMAS DEL PARQUE,19.6025646059909,-99.1738442979018,1,H,Sin datos,IMPACTO DE ARMA DE FUEGO,0.45,"BOULEVARD REFORMA ESQUINA CON 2 UNIDAD HABITACIONAL LOMAS DEL PARQUE, LOMAS DEL PARQUE, TULTITLAN, Estado de México, México"
465,2026-06-26,21:45:00,21,vespertina (14-22),ECATEPEC,ECATEPEC,AMPLIACIÓN SAN PEDRO XALOSTOC,C SIERVO ESQUINA CON UNIÓN Y FLORES RICO,19.5379068252936,-99.0778856651233,1,H,SIN DATOS,IMPACTO DE ARMA DE FUEGO,2.52,"CALLE SIERVO ESQUINA CON UNION Y FLORES RICO, AMPLIACION SAN PEDRO XALOSTOC, ECATEPEC, Estado de México, México"
466,2026-06-27,10:00:00,10,matutina (06-14),VALLE DE CHALCO,CHALCO,AMERICAS II,C MOCHICA ESQUINA RANQUESES,19.2816548707669,-98.9584662366453,1,H,Se desconoce el Móvil de la Agresión,IMPACTO DE ARMA DE FUEGO,1.83,"CALLE MOCHICA ESQUINA RANQUESES, AMERICAS II, VALLE DE CHALCO, Estado de México, México"
467,2026-06-27,18:00:00,18,vespertina (14-22),AXAPUSCO,ORIENTE,GUADALUPE RELINAS,C SAN VALENTIN ESQUINA HIDALGO,19.7234105880866,-98.7583313511667,1,H,Posible Ajuste de cuentas,IMPACTO DE ARMA DE FUEGO,2.85,"CALLE SAN VALENTIN ESQUINA HIDALGO, GUADALUPE RELINAS, AXAPUSCO, Estado de México, México"
468,2026-06-28,01:25:00,1,nocturna (22-06),TLALNEPANTLA,METROPOLITANA,LÁZARO CÁRDENAS,C ALPINO AVALANCHA ESQUINA FERROCARRILERA,19.5324539325919,-99.1233526110275,1,H,Se desconoce el Móvil de la Agresión,IMPACTO DE ARMA DE FUEGO,3.01,"CALLE ALPINO AVALANCHA ESQUINA FERROCARRILERA, LAZARO CARDENAS, TLALNEPANTLA, Estado de México, México"
469,2026-06-28,05:50:00,5,nocturna (22-06),CUAUTITLAN IZCALLI,METROPOLITANA,EJIDO DE HUILANGO,C LEONA VICARIO,19.6773318826552,-99.2593468256577,1,H,Se desconoce el Móvil de la Agresión,IMPACTO DE ARMA DE FUEGO,4.83,"CALLE LEONA VICARIO, EJIDO DE HUILANGO, CUAUTITLAN IZCALLI, Estado de México, México"
470,2026-06-28,22:22:00,22,nocturna (22-06),NEZAHUALCOYOTL,ORIENTE,REFORMA,C ORIENTE 12 ESQUINA AV LOMA BONITA,19.3710078753789,-98.9813622501038,1,H,posible robo y o asalto,IMPACTO DE ARMA DE FUEGO,1.32,"CALLE ORIENTE 12 ESQUINA AV LOMA BONITA, REFORMA, NEZAHUALCOYOTL, Estado de México, México"
471,2026-06-28,23:20:00,23,nocturna (22-06),AXAPUSCO,ORIENTE,SANTA MARÍA ATICPAC,C 16 DE SEPTIEMBRE ESQUINA EMILIANO ZAPATA,19.7231395730201,-98.7595950170206,1,H,Ajuste de cuentas por ser testigo de homicidio,IMPACTO DE ARMA DE FUEGO,2.84,"CALLE 16 DE SEPTIEMBRE ESQUINA EMILIANO ZAPATA, SANTA MARIA ATICPAC, AXAPUSCO, Estado de México, México"
472,2026-06-29,00:02:00,0,nocturna (22-06),NAUCALPAN,METROPOLITANA,SAN RAFAEL CHAMAPA PRIMERA SECCIÓN,C LAS TORRES,19.4574811182592,-99.2585429232325,1,H,Se desconoce el Móvil de la Agresión,MANCHAS HEMÁTICAS,2.37,"CALLE LAS TORRES, SAN RAFAEL CHAMAPA PRIMERA SECCION, NAUCALPAN, Estado de México, México"
473,2026-06-29,09:35:00,9,matutina (06-14),CHALCO,CHALCO,SANTA CATARINA AYOTZINGO,CERRADA EMILIANO ZAPATA,19.2110401783423,-98.9292482406182,1,H,Ajuste de cuentas por venta de droga,IMPACTO DE ARMA DE FUEGO,6.27,"CERRADA EMILIANO ZAPATA, SANTA CATARINA AYOTZINGO, CHALCO, Estado de México, México"
474,2026-06-29,10:08:00,10,matutina (06-14),CUAUTITLAN IZCALLI,METROPOLITANA,SANTA MARÍA GUADALUPE LA QUEBRADA,C NINFAS 114,19.5918674200189,-99.1979982493901,1,H,Se desconoce el Móvil de la Agresión,IMPACTO DE ARMA DE FUEGO,0.78,"CALLE NINFAS 114, SANTA MARIA GUADALUPE LA QUEBRADA, CUAUTITLAN IZCALLI, Estado de México, México"
475,2026-06-30,02:45:00,2,nocturna (22-06),TEMASCALAPA,ORIENTE,IXTLAHUACA DE CUAHTÉMOC,C 12 DE OCTUBRE Y AV 16 SEPTIEMBRE,19.8858759308981,-98.868017717304,1,H,SIN DATOS,IMPACTO DE ARMA DE FUEGO,18.0,"CALLE 12 DE OCTUBRE Y AV 16 SEPTIEMBRE, IXTLAHUACA DE CUAHTEMOC, TEMASCALAPA, Estado de México, México"
476,2026-06-30,21:30:00,21,vespertina (14-22),NICOLAS ROMERO,METROPOLITANA,LIBERTAD,C SANTA MARÍA ESQUINA LUIS DONALDO COLOSIO,19.644502378231,-99.2989995191524,1,H,Se desconoce el Móvil de la Agresión,IMPACTO DE ARMA DE FUEGO,1.72,"CALLE SANTA MARIA ESQUINA LUIS DONALDO COLOSIO, LIBERTAD, NICOLAS ROMERO, Estado de México, México"
477,2026-07-01,01:05:00,1,nocturna (22-06),ACOLMAN,ECATEPEC,LOS ÁNGELES,C REAL DEL VALLE SUR ESQUINA VALLE DORADO,19.5896213873651,-98.9809896437885,1,H,Se desconoce el Móvil de la Agresión,IMPACTO DE ARMA DE FUEGO,0.59,"CALLE REAL DEL VALLE SUR ESQUINA VALLE DORADO, LOS ANGELES, ACOLMAN, Estado de México, México"
478,2026-07-01,01:30:00,1,nocturna (22-06),NEXTLALPAN,ECATEPEC,PRADOS DE SAN FRANCISCO,C FRESNOS ESQUINA NOGALES,19.7185152765795,-99.0868005749767,1,H,Se desconoce el Móvil de la Agresión,IMPACTO DE ARMA DE FUEGO,2.93,"CALLE FRESNOS ESQUINA NOGALES, PRADOS DE SAN FRANCISCO, NEXTLALPAN, Estado de México, México"
479,2026-07-01,04:12:00,4,nocturna (22-06),HUEHUETOCA,ECATEPEC,CIUDAD SANTA TERESA VII,C PASEO DE SAN ANTONIO,19.848981902009,-99.2310172461396,1,H,Se desconoce el Móvil de la Agresión,IMPACTO DE ARMA DE FUEGO,0.85,"CALLE PASEO DE SAN ANTONIO, CIUDAD SANTA TERESA VII, HUEHUETOCA, Estado de México, México"
480,2026-07-01,16:15:00,16,vespertina (14-22),CHALCO,CHALCO,SAN MARCOS HUIXTOCO,C PERA ESQUINA BOULEVARD CUATRO VIENTOS,19.2919826249781,-98.861204203819,1,H,Ajuste de cuentas por venta de droga,IMPACTO DE ARMA DE FUEGO,1.72,"CALLE PERA ESQUINA BOULEVARD CUATRO VIENTOS, SAN MARCOS HUIXTOCO, CHALCO, Estado de México, México"
481,2026-07-02,08:10:00,8,matutina (06-14),TULTITLAN,METROPOLITANA,AMPLIACIÓN SAN MARCOS,C CEREZO ESQUINA VIOLETA,19.5805302083648,-99.1685655389577,1,H,problemas familiares,IMPACTO DE ARMA DE FUEGO,2.09,"CALLE CEREZO ESQUINA VIOLETA, AMPLIACION SAN MARCOS, TULTITLAN, Estado de México, México"
482,2026-07-03,00:50:00,0,nocturna (22-06),TLALNEPANTLA,METROPOLITANA,SAN PEDRO BARRIENTOS,C PROLONGACIÓN MIGUEL HIDALGO ESQUINA AV BENITO JUÁREZ,19.5827848512464,-99.1943259794755,2,H y M,Ataque directo por venta de droga,IMPACTO DE ARMA DE FUEGO,0.42,"CALLE PROLONGACION MIGUEL HIDALGO ESQUINA AV BENITO JUAREZ, SAN PEDRO BARRIENTOS, TLALNEPANTLA, Estado de México, México"
483,2026-07-03,22:40:00,22,nocturna (22-06),NEZAHUALCOYOTL,ORIENTE,LAS AGUILAS,C. 5 ESQUINA AV 2,19.3782928236757,-99.0055413614873,1,H,Posible ajuste de cuentas,IMPACTO DE ARMA DE FUEGO,1.27,"C. 5 ESQUINA AV 2, LAS AGUILAS, NEZAHUALCOYOTL, Estado de México, México"
484,2026-07-04,02:30:00,2,nocturna (22-06),AXAPUSCO,ORIENTE,AXAPUSCO,C PRIMAVERA ESQUINA BENITO JUÁREZ,19.7272306658341,-98.760971619151,1,H,VENTA DE NARCÓTICOS,IMPACTO DE ARMA DE FUEGO,3.31,"CALLE PRIMAVERA ESQUINA BENITO JUAREZ, AXAPUSCO, Estado de México, México"
485,2026-07-04,19:00:00,19,vespertina (14-22),ECATEPEC,ECATEPEC,EJÉRCITO DEL TRABAJO II,C UNIÓN,19.4975271352756,-99.0220192303198,1,H,Se desconoce el Móvil de la Agresión,IMPACTO DE ARMA DE FUEGO,2.76,"CALLE UNION, EJERCITO DEL TRABAJO II, ECATEPEC, Estado de México, México"
486,2026-07-05,01:05:00,1,nocturna (22-06),LA PAZ,ORIENTE,EMILIANO ZAPATA,CALLE LIBERTAD ESQUINA CENTENARIO,19.3460279937417,-98.9780747584614,1,H,Posible ajuste de cuentas,IMPACTO DE ARMA DE FUEGO,3.42,"CALLE LIBERTAD ESQUINA CENTENARIO, EMILIANO ZAPATA, LA PAZ, Estado de México, México"
487,2026-07-05,01:50:00,1,nocturna (22-06),NAUCALPAN,METROPOLITANA,SAN ESTEBAN,CALZADA SAN ESTEBAN NO. 136,19.4587459531883,-99.2350610093576,1,H,Ataque directo por venta de droga,IMPACTO DE ARMA DE FUEGO,0.95,"CALZADA SAN ESTEBAN NO. 136, SAN ESTEBAN, NAUCALPAN, Estado de México, México"
488,2026-07-06,03:10:00,3,nocturna (22-06),NEZAHUALCOYOTL,ORIENTE,AMPLIACIÓN VICENTE VILLADA,C SANTA MÓNICA,19.3888924690651,-99.0115898191569,1,H,Posible ajuste de cuentas,IMPACTO DE ARMA DE FUEGO,2.33,"CALLE SANTA MONICA, AMPLIACION VICENTE VILLADA, NEZAHUALCOYOTL, Estado de México, México"
489,2026-07-07,21:30:00,21,vespertina (14-22),NEZAHUALCOYOTL,ORIENTE,C CIUDAD LAGO,LAGO MUSRTER,19.4536773414256,-99.046364261486,1,H,Posible ajuste de cuentas,IMPACTO DE ARMA DE FUEGO,1.87,"LAGO MUSRTER, CALLE CIUDAD LAGO, NEZAHUALCOYOTL, Estado de México, México"
490,2026-07-08,03:30:00,3,nocturna (22-06),ECATEPEC,ECATEPEC,JARDINES DE ECATEPEC,CALZADA DE LA VIGA,19.5807240412624,-99.0277661197399,1,H,Se desconoce el Móvil de la Agresión,IMPACTO DE ARMA DE FUEGO,0.85,"CALZADA DE LA VIGA, JARDINES DE ECATEPEC, ECATEPEC, Estado de México, México"
491,2026-07-08,06:44:00,6,matutina (06-14),ECATEPEC,ECATEPEC,LOMAS DE SAN CARLOS,CALLE 17 NORTE,19.5813428040846,-99.0491188346779,1,H,Se desconoce el Móvil de la Agresión,IMPACTO DE ARMA DE FUEGO,2.4,"CALLE 17 NORTE, LOMAS DE SAN CARLOS, ECATEPEC, Estado de México, México"
492,2026-07-09,23:30:00,23,nocturna (22-06),TECAMAC,ECATEPEC,LOS HÉROES TECÁMAC III,C MAGNOLIAS ESQUINA AV DE LAS ROSAS,19.4290734314046,-99.2448979062584,1,H,Se desconoce el Móvil de la Agresión,IMPACTO DE ARMA DE FUEGO,0.46,"CALLE MAGNOLIAS ESQUINA AV DE LAS ROSAS, LOS HEROES TECAMAC III, TECAMAC, Estado de México, México"
493,2026-07-09,23:40:00,23,nocturna (22-06),ECATEPEC,ECATEPEC,LAS AMÉRICAS,AV SIMÓN BOLIVAR ESQUINA VICENTE GUERRERO,19.5911568598052,-99.0121918461441,1,H,Se desconoce el Móvil de la Agresión,IMPACTO DE ARMA DE FUEGO,1.09,"AVENIDA SIMON BOLIVAR ESQUINA VICENTE GUERRERO, LAS AMERICAS, ECATEPEC, Estado de México, México"
494,2026-07-10,01:50:00,1,nocturna (22-06),ACOLMAN,ECATEPEC,TEPEXPAN,C PRIMAVERA ESQUINA CON ORQUIDEA,19.5870160835547,-98.984357417695,1,H,Se desconoce el Móvil de la Agresión,IMPACTO DE ARMA DE FUEGO,0.31,"CALLE PRIMAVERA ESQUINA CON ORQUIDEA, TEPEXPAN, ACOLMAN, Estado de México, México"
495,2026-07-10,12:00:00,12,matutina (06-14),NAUCALPAN,METROPOLITANA,BENITO JUÁREZ,CAMINO NUEVO A HUIXQUILUCAN ESQUINA CON SIERRA HERMOSA,19.439915086299,-99.2544698660089,1,H,Amenazas,IMPACTO DE ARMA DE FUEGO,0.85,"CAMINO NUEVO A HUIXQUILUCAN ESQUINA CON SIERRA HERMOSA, BENITO JUAREZ, NAUCALPAN, Estado de México, México"
496,2026-07-10,22:15:00,22,nocturna (22-06),TULTEPEC,ECATEPEC,SANTIAGO TEYAHUALCO,C EZEQUIEL FLORES ESQUINA CON HERMANOS SERDÁN,19.6613017649573,-99.1278574308033,1,H,Se desconoce el Móvil de la Agresión,IMPACTO DE ARMA DE FUEGO,4.47,"CALLE EZEQUIEL FLORES ESQUINA CON HERMANOS SERDAN, SANTIAGO TEYAHUALCO, TULTEPEC, Estado de México, México"
497,2026-07-11,19:50:00,19,vespertina (14-22),VALLE DE CHALCO,CHALCO,SAN MIGUEL XICO,CARRETERA TLÁHUAC-CHALCO,19.2502354034077,-98.9330092019756,2,H,Se desconoce el Móvil de la Agresión,IMPACTO DE ARMA DE FUEGO,3.31,"CARRETERA TLAHUAC-CHALCO, SAN MIGUEL XICO, VALLE DE CHALCO, Estado de México, México"
498,2026-07-11,22:32:00,22,nocturna (22-06),ECATEPEC,ECATEPEC,JARDINES DE MORELOS,AV MIGUEL HIDALGO ESQUINA CON RIO AMAZONAS,19.5999534398955,-99.0022467326486,1,H,Se desconoce el Móvil de la Agresión,IMPACTO DE ARMA DE FUEGO,2.38,"AVENIDA MIGUEL HIDALGO ESQUINA CON RIO AMAZONAS, JARDINES DE MORELOS, ECATEPEC, Estado de México, México"
499,2026-07-12,02:30:00,2,nocturna (22-06),NAUCALPAN,METROPOLITANA,LA RIVERA,AV DE LOS ARCOS ESQUINA CON MIRLO,19.4681826831219,-99.2516534559668,1,H,Probable riña,IMPACTO DE ARMA DE FUEGO,1.42,"AVENIDA DE LOS ARCOS ESQUINA CON MIRLO, LA RIVERA, NAUCALPAN, Estado de México, México"
500,2026-07-12,21:10:00,21,vespertina (14-22),OTZOLOTEPEC,VALLE TOLUCA,GUADALUPE VICTORIA,C DE LA Y ESQUINA AV TOLUCA,19.3881729081056,-99.5761239553684,1,H,Se desconoce el Móvil de la Agresión,IMPACTO DE ARMA DE FUEGO,0.79,"CALLE DE LA Y ESQUINA AV TOLUCA, GUADALUPE VICTORIA, OTZOLOTEPEC, Estado de México, México"
501,2026-07-13,00:07:00,0,nocturna (22-06),TEOTIHUACAN,ORIENTE,SANTIAGO ATLATONGO,CALLE DE LA LUZ,19.6676582402532,-98.9073785019684,1,H,Se desconoce el Móvil de la Agresión,IMPACTO DE ARMA DE FUEGO,3.72,"CALLE DE LA LUZ, SANTIAGO ATLATONGO, TEOTIHUACAN, Estado de México, México"
502,2026-07-13,23:10:00,23,nocturna (22-06),TULTEPEC,ECATEPEC,OXTOC,CALLE TLAXCALA,19.6958437977437,-99.1342403884725,1,H,Se desconoce el Móvil de la Agresión,ENVUELTO EN UNA BOLSA PLASTICA,5.65,"CALLE TLAXCALA, OXTOC, TULTEPEC, Estado de México, México"
503,2026-07-14,,,sin dato,CHICOLOAPAN,ORIENTE,EMILIANO ZAPATA,CALLE VENEGAS,19.3932443834734,-98.9312280154685,1,H,Ajuste de cuentas,IMPACTO DE ARMA DE FUEGO,2.44,"CALLE VENEGAS, EMILIANO ZAPATA, CHICOLOAPAN, Estado de México, México"
504,2026-07-15,00:01:00,0,nocturna (22-06),ECATEPEC,ECATEPEC,MIGUEL HIDALGO,CALLE IGNACIO LOPEZ RAYON LT. 10 ESQ INDEPENDENCIA,19.5356392876133,-99.0463959898561,2,H y M,Se desconoce el Móvil de la Agresión,IMPACTO DE ARMA DE FUEGO,1.06,"CALLE IGNACIO LOPEZ RAYON LT. 10 ESQ INDEPENDENCIA, MIGUEL HIDALGO, ECATEPEC, Estado de México, México"
505,2026-07-15,23:15:00,23,nocturna (22-06),TULTITLAN,METROPOLITANA,VILLA ESMERALDA,AV ISLA COZUMEL,19.6413170093303,-99.1296813210814,1,H,Se desconoce el Móvil de la Agresión,IMPACTO DE ARMA DE FUEGO,3.06,"AVENIDA ISLA COZUMEL, VILLA ESMERALDA, TULTITLAN, Estado de México, México"
506,2026-07-16,00:23:00,0,nocturna (22-06),ECATEPEC,ECATEPEC,LAS AMERICAS,CALLE MIGUEL HIDALGO,19.5884518475198,-99.0087969877499,1,H,Se desconoce el Móvil de la Agresión,IMPACTO DE ARMA DE FUEGO,1.09,"CALLE MIGUEL HIDALGO, LAS AMERICAS, ECATEPEC, Estado de México, México"
507,2026-07-16,20:57:00,20,vespertina (14-22),CHIMALHUACAN,ORIENTE,ARENITAS,CALLE FRONTERA,19.3984350599118,-98.9438255038172,2,H,Ajuste de cuentas,IMPACTO DE ARMA DE FUEGO,2.39,"CALLE FRONTERA, ARENITAS, CHIMALHUACAN, Estado de México, México"
508,2026-07-17,17:30:00,17,vespertina (14-22),CHIMALHUACAN,ORIENTE,ACUITLAPILCO,AV ACUITLAPILCO,19.4334473635174,-98.9363610884771,1,H,Se desconoce el Móvil de la Agresión,IMPACTO DE ARMA DE FUEGO,2.16,"AVENIDA ACUITLAPILCO, ACUITLAPILCO, CHIMALHUACAN, Estado de México, México"
509,2026-07-17,17:47:00,17,vespertina (14-22),NEZAHUALCOYOTL,ORIENTE,BENITO JUAREZ,C ALTAMIRANO 34a,19.3978147188608,-99.045246861487,1,H,Se desconoce el Móvil de la Agresión,IMPACTO DE ARMA DE FUEGO,0.34,"CALLE ALTAMIRANO 34A, BENITO JUAREZ, NEZAHUALCOYOTL, Estado de México, México"
510,2026-07-17,18:30:00,18,vespertina (14-22),TLALNEPANTLA,METROPOLITANA,SAN ANDRÉS ATENCO,AV NORTE 6,19.5419669657979,-99.2180563191542,1,H,Robo de Motocicleta,IMPACTO DE ARMA DE FUEGO,1.89,"AVENIDA NORTE 6, SAN ANDRES ATENCO, TLALNEPANTLA, Estado de México, México"
511,2026-07-17,20:45:00,20,vespertina (14-22),APAXCO,ECATEPEC,LOMA BONITA,C FRANCISCO VILLA,19.9607435121225,-99.171418674134,1,H,Se desconoce el Móvil de la Agresión,IMPACTO DE ARMA DE FUEGO,2.48,"CALLE FRANCISCO VILLA, LOMA BONITA, APAXCO, Estado de México, México"
512,2026-07-18,20:00:00,20,vespertina (14-22),ACAMBAY,ATLACOMULCO,ESDOCA,"CARRETERA PANAMERICANA, KM 86",19.9705281739871,-99.8605281749723,1,H,Ajuste de cuentas,IMPACTO DE ARMA DE FUEGO,1.9,"CARRETERA PANAMERICANA, KM 86, ESDOCA, ACAMBAY, Estado de México, México"
513,2026-07-18,21:44:00,21,vespertina (14-22),MALINALCO,IXTAPAN,CHALMA,C MORELOS,18.9353923205165,-99.439178208281,1,H,Ataque Directo,IMPACTO DE ARMA DE FUEGO,0.7,"CALLE MORELOS, CHALMA, MALINALCO, Estado de México, México"
514,2026-07-19,07:30:00,7,matutina (06-14),NICOLAS ROMERO,METROPOLITANA,LIBERTAD,AV DE LAS TORRES,19.6163750863645,-99.3001395614832,1,H,Ataque directo por venta de droga,IMPACTO DE ARMA DE FUEGO,1.76,"AVENIDA DE LAS TORRES, LIBERTAD, NICOLAS ROMERO, Estado de México, México"
515,2026-07-19,18:00:00,18,vespertina (14-22),LA PAZ,ORIENTE,S/D,S/D,,,1,H,Se desconoce el Móvil de la Agresión,IMPACTO DE ARMA DE FUEGO,,"S/D, S/D, LA PAZ, Estado de México, México"
516,2026-07-19,22:47:00,22,nocturna (22-06),CUAUTITLAN IZCALLI,METROPOLITANA,SAN SEBATIAN XHALA,AV TEOLOYUCAN ESQ AV JUAREZ,19.6898412107237,-99.1871332173074,1,H,Probable riña,IMPACTO DE ARMA DE FUEGO,3.1,"AVENIDA TEOLOYUCAN ESQ AV JUAREZ, SAN SEBATIAN XHALA, CUAUTITLAN IZCALLI, Estado de México, México"
517,2026-07-20,00:15:00,0,nocturna (22-06),CUAUTITLAN IZCALLI,METROPOLITANA,BOSQUES DE LA HACIENDA 1RA SECCIÓN,C BOSQUES AUSTRIACOS ESQ BOSQUES CANADIENSE,19.6845705466155,-99.2197255017044,1,H,Se desconoce el Móvil de la Agresión,IMPACTO DE ARMA DE FUEGO,1.11,"CALLE BOSQUES AUSTRIACOS ESQ BOSQUES CANADIENSE, BOSQUES DE LA HACIENDA 1RA SECCION, CUAUTITLAN IZCALLI, Estado de México, México"
518,2026-07-20,08:40:00,8,matutina (06-14),ZUMPANGO,ECATEPEC,FRACCIONAMIENTO SANTA CECILIA,C CANGREJO 2 Y PASEO DEL MAR,19.8191186615709,-99.0519816438556,1,M,Se desconoce el Móvil de la Agresión,IMPACTO DE ARMA DE FUEGO,6.23,"CALLE CANGREJO 2 Y PASEO DEL MAR, FRACCIONAMIENTO SANTA CECILIA, ZUMPANGO, Estado de México, México"
519,2026-07-21,04:30:00,4,nocturna (22-06),NAUCALPAN,METROPOLITANA,LOMA COLORADA,C COLINAS SAN LORENZO ESQ CATARINAS,19.4597019012031,-99.2777773479906,1,H,Se desconoce el Móvil de la Agresión,IMPACTO DE ARMA DE FUEGO,4.12,"CALLE COLINAS SAN LORENZO ESQ CATARINAS, LOMA COLORADA, NAUCALPAN, Estado de México, México"
520,2026-07-21,09:55:00,9,matutina (06-14),NAUCALPAN,METROPOLITANA,COLINAS DE SAN MATEO,AV CENTRAL,19.4880346131222,-99.2764295857139,1,H,Se desconoce el Móvil de la Agresión,IMPACTO DE ARMA DE FUEGO,3.51,"AVENIDA CENTRAL, COLINAS DE SAN MATEO, NAUCALPAN, Estado de México, México"
521,2026-07-22,09:00:00,9,matutina (06-14),TENANGO DEL VALLE,IXTAPAN,SANTA MARÍA JAJALPA,CAMINO VIEJO A JAJALPA ESQ C LA HACIENDA PONIENTE,19.1183022506912,-99.5462153433568,2,H,Ataque Directo,IMPACTO DE ARMA DE FUEGO,1.79,"CAMINO VIEJO A JAJALPA ESQ C LA HACIENDA PONIENTE, SANTA MARIA JAJALPA, TENANGO DEL VALLE, Estado de México, México"
522,2026-07-22,20:11:00,20,vespertina (14-22),CHIMALHUACAN,ORIENTE,XALTIPAC,C LLANO VERDE ESQ FRANCISCO JAVIER MINA,19.4100997094488,-98.9786054082696,1,H,Se desconoce el Móvil de la Agresión,IMPACTO DE ARMA DE FUEGO,3.43,"CALLE LLANO VERDE ESQ FRANCISCO JAVIER MINA, XALTIPAC, CHIMALHUACAN, Estado de México, México"
523,2026-07-23,01:58:00,1,nocturna (22-06),CUAUTITLAN IZCALLI,METROPOLITANA,SAN MATEO IXTACALCO,C RIO CHIQUITO,19.6715787299325,-99.196257488473,1,H,Se desconoce el Móvil de la Agresión,IMPACTO DE ARMA DE FUEGO,1.43,"CALLE RIO CHIQUITO, SAN MATEO IXTACALCO, CUAUTITLAN IZCALLI, Estado de México, México"
524,2026-07-23,12:40:00,12,matutina (06-14),COYOTEPEC,ECATEPEC,LA CABECERA,C DOMINGO CASTRO ESQ C MIGUEL HIDALGO,19.7771275217359,-99.2073975461408,1,H,Se desconoce el Móvil de la Agresión,IMPACTO DE ARMA DE FUEGO,3.01,"CALLE DOMINGO CASTRO ESQ C MIGUEL HIDALGO, LA CABECERA, COYOTEPEC, Estado de México, México"
525,2026-07-23,12:50:00,12,matutina (06-14),VALLE DE BRAVO,VALLE DE BRAVO,BARRIO DE GUADALUPE,C LOTO AZUL ESQ AV TOLUCA,19.203240874249,-100.125435174349,1,H,Se desconoce el Móvil de la Agresión,IMPACTO DE ARMA DE FUEGO,2.33,"CALLE LOTO AZUL ESQ AV TOLUCA, BARRIO DE GUADALUPE, VALLE DE BRAVO, Estado de México, México"
526,2026-07-24,04:00:00,4,nocturna (22-06),NAUCALPAN,METROPOLITANA,AMPLIACIÓN SAN ESTEBAN,AV 1° MAYO ESQ C EMILIANO ZAPATA,19.465867122665,-99.2333980346133,1,H,Se desconoce el Móvil de la Agresión,IMPACTO DE ARMA DE FUEGO,0.51,"AVENIDA 1° MAYO ESQ C EMILIANO ZAPATA, AMPLIACION SAN ESTEBAN, NAUCALPAN, Estado de México, México"
527,2026-07-24,19:30:00,19,vespertina (14-22),NICOLAS ROMERO,METROPOLITANA,SAN ISIDRO LA PAZ,C LÁZARO CÁRDENAS ESQ CAMINO A LA PRESA,19.6183121144997,-99.290748590318,1,H,Ataque directo por venta de droga,IMPACTO DE ARMA DE FUEGO,1.35,"CALLE LAZARO CARDENAS ESQ CAMINO A LA PRESA, SAN ISIDRO LA PAZ, NICOLAS ROMERO, Estado de México, México"
528,2026-07-25,00:10:00,0,nocturna (22-06),ECATEPEC,ECATEPEC,FUENTES DE ECATEPEC I,CTO. FUENTES ESQ LAGO ATITLÁN,19.5695435170058,-99.0412018973268,1,H,Se desconoce el Móvil de la Agresión,IMPACTO DE ARMA DE FUEGO,2.27,"CTO. FUENTES ESQ LAGO ATITLAN, FUENTES DE ECATEPEC I, ECATEPEC, Estado de México, México"
529,2026-07-25,02:30:00,2,nocturna (22-06),CUAUTITLAN IZCALLI,METROPOLITANA,"SANTA MARÍA DE GUADALUPE, LA QUEBRADA",C ESCALERAS,19.5918720681025,-99.1991391267696,3,2 H y 1 M,Ataque directo por venta de droga,IMPACTO DE ARMA DE FUEGO,0.8,"CALLE ESCALERAS, SANTA MARIA DE GUADALUPE, LA QUEBRADA, CUAUTITLAN IZCALLI, Estado de México, México"
530,2026-07-26,00:10:00,0,nocturna (22-06),TECAMAC,ECATEPEC,SAN PEDRO ATZOMPA,C 5 DE MAYO ESQ C GALEANA,19.6802531278616,-99.020584973413,1,H,Se desconoce el Móvil de la Agresión,IMPACTO DE ARMA DE FUEGO,3.2,"CALLE 5 DE MAYO ESQ C GALEANA, SAN PEDRO ATZOMPA, TECAMAC, Estado de México, México"
531,2026-07-26,00:20:00,0,nocturna (22-06),ECATEPEC,ECATEPEC,GRANJAS VALLE,AV DARÍO LÓPEZ ESQ HOUSTON,19.5056694762209,-99.0725484153988,1,H,Se desconoce el Móvil de la Agresión,IMPACTO DE ARMA DE FUEGO,1.35,"AVENIDA DARIO LOPEZ ESQ HOUSTON, GRANJAS VALLE, ECATEPEC, Estado de México, México"
532,2026-07-26,15:44:00,15,vespertina (14-22),CUAUTITLAN IZCALLI,METROPOLITANA,COFRADÍA DE SAN MIGUEL I,C NOPALTEPEC ESQ AV HUEHUETOCA,19.6892660131848,-99.232193763003,1,H,Se desconoce el Móvil de la Agresión,IMPACTO DE ARMA DE FUEGO,2.43,"CALLE NOPALTEPEC ESQ AV HUEHUETOCA, COFRADIA DE SAN MIGUEL I, CUAUTITLAN IZCALLI, Estado de México, México"
533,2026-07-27,20:26:00,20,vespertina (14-22),ACAMBAY,ATLACOMULCO,GANDO,CARRETERA LA LOMA - GANDO,20.0307657691775,-100.049463950551,1,H,Riña,IMPACTO DE ARMA DE FUEGO,11.98,"CARRETERA LA LOMA - GANDO, GANDO, ACAMBAY, Estado de México, México"
534,2026-07-27,21:00:00,21,vespertina (14-22),ACOLMAN,ECATEPEC,SAN PEDRO TEPETITLAN,SOLEDAD ESQ CORREGIDORA,19.627369437478,-98.8862119493536,1,H,Ataque directo por posible riña,IMPACTO DE ARMA DE FUEGO,3.04,"SOLEDAD ESQ CORREGIDORA, SAN PEDRO TEPETITLAN, ACOLMAN, Estado de México, México"
535,2026-07-27,21:17:00,21,vespertina (14-22),ALMOLOYA,VALLE TOLUCA,BENITO JUAREZ,BENITO JUAREZ,19.4449563332971,-99.8561258576422,1,H,SIN DATOS,IMPACTO DE ARMA DE FUEGO,7.77,"BENITO JUAREZ, BENITO JUAREZ, ALMOLOYA, Estado de México, México"
536,2026-07-28,06:42:00,6,matutina (06-14),TECAMAC,ECATEPEC,FRACC. JARDINES DE LA VIÑA,C JARDINES DEL PEDREGAL,19.6377272014726,-99.0355555635432,1,H,Ataque directo por intento de robo .,IMPACTO DE ARMA DE FUEGO,1.54,"CALLE JARDINES DEL PEDREGAL, FRACC. JARDINES DE LA VINA, TECAMAC, Estado de México, México"
537,2026-07-28,08:15:00,8,matutina (06-14),ECATEPEC,ECATEPEC,TIERRA BLANCA,C COLORINES,19.6005950103811,-99.0628941747773,1,H,Ataque directo por posible riña por invasión y desalojo de predios.,IMPACTO DE ARMA DE FUEGO,1.46,"CALLE COLORINES 2, TIERRA BLANCA, ECATEPEC, Estado de México, México"
538,2026-07-29,09:15:00,9,matutina (06-14),CHALCO,CHALCO,SAN JUAN TEZOMPA,AV. TENANCINGO,19.364291,-98.969513,1,H,PROBLEMAS DE MUCHAS DEUDAS,IMPACTO DE ARMA DE FUEGO,1.28,"AVENIDA TENANCINGO, SAN JUAN TEZOMPA, CHALCO, Estado de México, México"
539,2026-07-29,15:23:00,15,vespertina (14-22),LA PAZ,ORIENTE,VALLE DE LOS REYES,PROLONGACIÓN PROFESOR ALFONSO DEL VALLE,19.204848,-98.957862,1,H,Posible ajuste de cuentas,IMPACTO DE ARMA DE FUEGO,8.51,"PROLONGACION PROFESOR ALFONSO DEL VALLE, VALLE DE LOS REYES, LA PAZ, Estado de México, México"
540,2026-07-30,02:15:00,2,nocturna (22-06),CHIMALHUACAN,ORIENTE,SAN PABLO,XOCUILCO,19.4263356298795,-98.9560043623521,2,H,Posible ajuste de cuentas,IMPACTO DE ARMA DE FUEGO,2.13,"XOCUILCO, SAN PABLO, CHIMALHUACAN, Estado de México, México"
541,2026-07-30,12:29:00,12,matutina (06-14),TULTITLAN,METROPOLITANA,SANTIAGUITO,MIIGUEL HIDALGO,19.6503338521793,-99.1589488823225,1,H,Posible ajuste de cuentas,IMPACTO DE ARMA DE FUEGO,3.65,"MIIGUEL HIDALGO, SANTIAGUITO, TULTITLAN, Estado de México, México"
542,2026-07-30,21:20:00,21,vespertina (14-22),IXTAPALUCA,CHALCO,LOS HEROES,IGNACIO ZARAGOZA ESQ INDEPENDENCIA,19.3294058733196,-98.8714336282792,1,H,Se desconoce el Móvil de la Agresión,IMPACTO DE ARMA DE FUEGO,2.63,"IGNACIO ZARAGOZA ESQ INDEPENDENCIA, LOS HEROES, IXTAPALUCA, Estado de México, México"
543,2026-07-30,22:30:00,22,nocturna (22-06),VALLE DE CHALCO,CHALCO,SAN MIGUEL XICO,SUR 20,19.2712712246499,-98.9508793054695,1,H,Ataque directo por venta de droga,IMPACTO DE ARMA DE FUEGO,2.87,"SUR 20, SAN MIGUEL XICO, VALLE DE CHALCO, Estado de México, México"
544,2026-07-30,23:10:00,23,nocturna (22-06),NAUCALPAN,METROPOLITANA,VALLE DORADO,BELISARIO DOMINGUEZ,19.4519071231826,-99.2643672478632,1,H,Posible ajuste de cuentas,IMPACTO DE ARMA DE FUEGO,2.54,"BELISARIO DOMINGUEZ, VALLE DORADO, NAUCALPAN, Estado de México, México"
545,2026-07-31,00:35:00,0,nocturna (22-06),TLALNEPANTLA,METROPOLITANA,LOMAS DE TEPEOLULCO,AV 9 ESQ EL MIRADOR,19.554082539722,-99.0970955501828,1,H,Se desconoce el Móvil de la Agresión,IMPACTO DE ARMA DE FUEGO,3.81,"AVENIDA 9 ESQ EL MIRADOR, LOMAS DE TEPEOLULCO, TLALNEPANTLA, Estado de México, México"
546,2026-07-31,00:50:00,0,nocturna (22-06),IXTAPALUCA,CHALCO,SAN BUENAVENTURA,PASEO DE LAS LOMAS ESQ PASEO DE LA ARCADA,19.308552364437,-98.8579924984007,1,H,Se desconoce el Móvil de la Agresión,IMPACTO DE ARMA DE FUEGO,1.53,"PASEO DE LAS LOMAS ESQ PASEO DE LA ARCADA, SAN BUENAVENTURA, IXTAPALUCA, Estado de México, México"
547,2026-07-31,01:00:00,1,nocturna (22-06),CHIMALHUACAN,ORIENTE,SANTA MARÍA CHIMALHUACÁN,AV NEZAHUALCÓYOTL ESQ CON DURANO,19.4164944515407,-98.9456714470612,1,H,Se desconoce el Móvil de la Agresión,IMPACTO DE ARMA DE FUEGO,1.71,"AVENIDA NEZAHUALCOYOTL ESQ CON DURANO, SANTA MARIA CHIMALHUACAN, CHIMALHUACAN, Estado de México, México"
548,2026-07-31,02:00:00,2,nocturna (22-06),TLALNEPANTLA,METROPOLITANA,LOMAS DE TEPEOLULCO,C PUERTO LA PAZ ESQ PUERTO TOPOLOBAMPO,19.5493589611912,-99.0997682772151,1,H,Se desconoce el Móvil de la Agresión,IMPACTO DE ARMA DE FUEGO,3.28,"CALLE PUERTO LA PAZ ESQ PUERTO TOPOLOBAMPO, LOMAS DE TEPEOLULCO, TLALNEPANTLA, Estado de México, México"
549,2026-07-31,04:20:00,4,nocturna (22-06),TLALNEPANTLA,METROPOLITANA,LOMAS DE SAN JUAN IXHUATEPEC,C MORELOS ESQ 2A CERRADA DE PAVÓN,19.5122878092091,-99.106021183981,1,H,Se desconoce el Móvil de la Agresión,IMPACTO DE ARMA DE FUEGO,1.2,"CALLE MORELOS ESQ 2A CERRADA DE PAVON, LOMAS DE SAN JUAN IXHUATEPEC, TLALNEPANTLA, Estado de México, México"
550,2026-07-31,04:20:00,4,nocturna (22-06),LA PAZ,ORIENTE,VALLE DE LOS REYES,C 17 ESQ C IXTAPAN,19.3641352421525,-98.9726909614875,1,H,Se desconoce el Móvil de la Agresión,IMPACTO DE ARMA DE FUEGO,1.33,"CALLE 17 ESQ C IXTAPAN, VALLE DE LOS REYES, LA PAZ, Estado de México, México"
551,2026-07-31,10:08:00,10,matutina (06-14),VILLA DEL CARBON,ATLACOMULCO,LAS CASCADAS,CARRETERA CHAPA DE MOTA-VILLA DEL CARBÓN,19.7550791236455,-99.4965935954024,2,H,Posible ajuste de cuentas,IMPACTO DE ARMA DE FUEGO,8.02,"CARRETERA CHAPA DE MOTA-VILLA DEL CARBON, LAS CASCADAS, VILLA DEL CARBON, Estado de México, México"
552,2026-07-31,12:35:00,12,matutina (06-14),NEXTLALPAN,ECATEPEC,SANTA ANA NEXTLALPAN,C SIN NOMBRE ESQ CON CIRCUITO EXTERIOR MEXIQUENSE,19.7359468162103,-99.1005226018247,1,H,Se desconoce el Móvil de la Agresión,IMPACTO DE ARMA DE FUEGO,5.23,"CALLE SIN NOMBRE ESQ CON CIRCUITO EXTERIOR MEXIQUENSE, SANTA ANA NEXTLALPAN, NEXTLALPAN, Estado de México, México"
553,2026-08-01,07:37:00,7,matutina (06-14),POLOTITLAN,ATLACOMULCO,PUEBLO NUEVO,C JUAN DE LA BARRERA,20.2245962127567,-99.8178158321757,1,H,Riña,IMPACTO DE ARMA DE FUEGO,0.29,"CALLE JUAN DE LA BARRERA, PUEBLO NUEVO, POLOTITLAN, Estado de México, México"
554,2026-08-01,23:00:00,23,nocturna (22-06),COACALCO,ECATEPEC,SAN FRANCISCO,C RAYMUNDO R. CARDENAS ESQ UNIDAD SAN RAFAEL,19.6421627814729,-99.084430273134,1,H,Ajuste de cuentas por estar involucrado con grupos delictivos.,IMPACTO DE ARMA DE FUEGO,2.62,"CALLE RAYMUNDO R. CARDENAS ESQ UNIDAD SAN RAFAEL, SAN FRANCISCO, COACALCO, Estado de México, México"
555,2026-08-02,04:58:00,4,nocturna (22-06),CHICOLOAPAN,ORIENTE,SAN VICENTE,CERRADA MARGARITAS ESQ AV SANTA ROSA,19.3927266192972,-98.9038309363849,1,H,Se desconoce el Móvil de la Agresión,IMPACTO DE ARMA DE FUEGO,3.66,"CERRADA MARGARITAS ESQ AV SANTA ROSA, SAN VICENTE, CHICOLOAPAN, Estado de México, México"
556,2026-08-02,23:25:00,23,nocturna (22-06),LA PAZ,ORIENTE,EMILIANO ZAPATA,CARRETERA FEDERAL MÉXICO-TEXCOCO KM. 18,19.3527229541471,-98.9718561329204,1,H,Posible Ajuste de Cuentas entre grupos delictivos,IMPACTO DE ARMA DE FUEGO,2.58,"CARRETERA FEDERAL MEXICO-TEXCOCO KM. 18 KM 18, EMILIANO ZAPATA, LA PAZ, Estado de México, México"
557,2026-08-03,04:10:00,4,nocturna (22-06),TEXCOCO,ORIENTE,SANTA CRUZ DE ABAJO,CALLE ALVARO ABREGON,19.5128175797718,-98.8995894700357,1,H,Se desconoce el Móvil de la Agresión,IMPACTO DE ARMA DE FUEGO,1.85,"CALLE ALVARO ABREGON, SANTA CRUZ DE ABAJO, TEXCOCO, Estado de México, México"
558,2026-08-03,14:08:00,14,vespertina (14-22),NICOLAS ROMERO,METROPOLITANA,SAN FRANCISCO MAGU,CAMINO A ALAZAROTE,19.6973978202493,-99.3533083805636,2,H,SIN DATOS,IMPACTO DE ARMA DE FUEGO,8.8,"CAMINO A ALAZAROTE, SAN FRANCISCO MAGU, NICOLAS ROMERO, Estado de México, México"
559,2026-08-04,00:50:00,0,nocturna (22-06),ECATEPEC,ECATEPEC,TORRES DE ALTAVISTA,PIRULES,19.615281,-99.073338,1,H,Posible ajuste de cuentas.,IMPACTO DE ARMA DE FUEGO,2.53,"PIRULES, TORRES DE ALTAVISTA, ECATEPEC, Estado de México, México"
560,2026-08-04,23:00:00,23,nocturna (22-06),VALLE DE CHALCO,CHALCO,SAN ISIDRO,NORTE 14,19.292427,-98.927343,2,H,Posible ajuste de cuentas por deudas,IMPACTO DE ARMA DE FUEGO,1.29,"NORTE 14, SAN ISIDRO, VALLE DE CHALCO, Estado de México, México"
