folio,fecha,hora,hora_num,franja,municipio,coordinacion,incidente,familia,peso_violencia,latitud,longitud,geo_confianza
TOL26072300511,2026-07-23,03:16:00,3,nocturna (22-06),TIANGUISTENCO,VALLE TOLUCA,VIOLENCIA CONTRA LAS MUJERES,violencia_genero,2.0,19.16211,-99.457979,COORDENADA
TOL26072300531,2026-07-23,03:30:00,3,nocturna (22-06),RAYON,SIN CATALOGAR,ALTERACION DEL ORDEN PUBLICO POR PERSONA ALCOHOLIZADA,rina,1.5,19.124103,-99.576091,COORDENADA
TOL26072300543,2026-07-23,03:38:00,3,nocturna (22-06),JIQUIPILCO,ATLACOMULCO,PERSONA AGRESIVA,rina,1.5,19.546046,-99.614366,COORDENADA
TOL26072300572,2026-07-23,03:55:00,3,nocturna (22-06),TOLUCA,VALLE TOLUCA,PERSONA LESIONADA POR PROYECTIL DE ARMA DE FUEGO,arma_fuego,6.0,19.345295,-99.6031,COORDENADA
TOL26072300676,2026-07-23,05:22:00,5,nocturna (22-06),NAUCALPAN,METROPOLITANA,PERSONA NO LOCALIZADA O DESAPARECIDA,desaparicion,3.0,19.45592,-99.218165,COORDENADA
TOL26072300703,2026-07-23,05:46:00,5,nocturna (22-06),LERMA,SIN CATALOGAR,PERSONA TIRADA EN VIA PUBLICA,deceso_dudoso,3.0,19.305575,-99.45961,COORDENADA
TOL26072300769,2026-07-23,06:17:00,6,matutina (06-14),LERMA,SIN CATALOGAR,PERSONA TIRADA EN VIA PUBLICA,deceso_dudoso,3.0,19.28653,-99.51929,COORDENADA
TOL26072300828,2026-07-23,06:43:00,6,matutina (06-14),NAUCALPAN,METROPOLITANA,VIOLENCIA CONTRA LAS MUJERES,violencia_genero,2.0,19.46413,-99.25047,COORDENADA
TOL26072300899,2026-07-23,07:08:00,7,matutina (06-14),NAUCALPAN,METROPOLITANA,PERSONA AGRESIVA,rina,1.5,19.48828,-99.23096,COORDENADA
TOL26072300901,2026-07-23,07:09:00,7,matutina (06-14),NAUCALPAN,METROPOLITANA,ROBO A NEGOCIO CON VIOLENCIA,robo_violento,2.0,19.425784,-99.231348,COORDENADA
TOL26072300944,2026-07-23,07:22:00,7,matutina (06-14),METEPEC,VALLE TOLUCA,ALTERACION DEL ORDEN PUBLICO POR PERSONA ALCOHOLIZADA,rina,1.5,19.23157,-99.555405,COORDENADA
TOL26072301001,2026-07-23,07:35:00,7,matutina (06-14),METEPEC,VALLE TOLUCA,RIÑA,rina,1.5,19.223683,-99.554679,COORDENADA
TOL26072301021,2026-07-23,07:42:00,7,matutina (06-14),METEPEC,VALLE TOLUCA,PORTACION DE ARMA BLANCA,arma_blanca,2.0,19.22587,-99.55629,COORDENADA
TOL26072301155,2026-07-23,08:16:00,8,matutina (06-14),TENANGO DEL VALLE,IXTAPAN,ALTERACION DEL ORDEN PUBLICO POR PERSONA ALCOHOLIZADA,rina,1.5,19.110012,-99.653037,COORDENADA
TOL26072301179,2026-07-23,08:17:00,8,matutina (06-14),VILLA GUERRERO,IXTAPAN,PORTACION DE ARMAS DE FUEGO O CARTUCHOS,arma_fuego,3.0,18.937217,-99.70533,COORDENADA
TOL26072301254,2026-07-23,08:28:00,8,matutina (06-14),NAUCALPAN,METROPOLITANA,PERSONA AGRESIVA,rina,1.5,19.47251,-99.23461,COORDENADA
TOL26072301297,2026-07-23,08:34:00,8,matutina (06-14),LERMA,SIN CATALOGAR,VIOLENCIA CONTRA LAS MUJERES,violencia_genero,2.0,19.295685,-99.52536,COORDENADA
TOL26072301415,2026-07-23,08:54:00,8,matutina (06-14),IXTLAHUACA,ATLACOMULCO,ROBO DE VEHICULO PARTICULAR CON VIOLENCIA,robo_violento,2.0,19.567788,-99.761566,COORDENADA
TOL26072301547,2026-07-23,09:14:00,9,matutina (06-14),NAUCALPAN,METROPOLITANA,VIOLENCIA CONTRA LAS MUJERES,violencia_genero,2.0,19.43899,-99.26895,COORDENADA
TOL26072301643,2026-07-23,09:26:00,9,matutina (06-14),OCOYOACAC,VALLE TOLUCA,PERSONA LESIONADA POR PROYECTIL DE ARMA DE FUEGO,arma_fuego,6.0,19.24479,-99.392975,COORDENADA
TOL26072301651,2026-07-23,09:27:00,9,matutina (06-14),VILLA DEL CARBON,ATLACOMULCO,VIOLENCIA FAMILIAR,violencia_genero,2.0,19.729502,-99.474374,COORDENADA
TOL26072302030,2026-07-23,10:27:00,10,matutina (06-14),METEPEC,VALLE TOLUCA,PERSONA AGRESIVA,rina,1.5,19.27211,-99.62571,COORDENADA
TOL26072302112,2026-07-23,10:41:00,10,matutina (06-14),XONACATLAN,SIN CATALOGAR,SUICIDIO,deceso_dudoso,3.0,19.40462,-99.53688,COORDENADA
TOL26072302116,2026-07-23,10:41:00,10,matutina (06-14),TOLUCA,VALLE TOLUCA,ROBO A TRANSEUNTE CON VIOLENCIA,robo_violento,2.0,19.36417,-99.673265,COORDENADA
TOL26072302172,2026-07-23,10:49:00,10,matutina (06-14),METEPEC,VALLE TOLUCA,RIÑA,rina,1.5,19.27028,-99.602585,COORDENADA
TOL26072302196,2026-07-23,10:52:00,10,matutina (06-14),NAUCALPAN,METROPOLITANA,PORTACION DE ARMAS DE FUEGO O CARTUCHOS,arma_fuego,3.0,,,ALTA
TOL26072302299,2026-07-23,11:07:00,11,matutina (06-14),TOLUCA,VALLE TOLUCA,VIOLENCIA DE PAREJA,violencia_genero,2.0,19.228545,-99.677625,COORDENADA
TOL26072302315,2026-07-23,11:10:00,11,matutina (06-14),TOLUCA,VALLE TOLUCA,PERSONA NO LOCALIZADA O DESAPARECIDA,desaparicion,3.0,19.28823,-99.65564,COORDENADA
TOL26072302321,2026-07-23,11:11:00,11,matutina (06-14),SAN JOSE DEL RINCON,VALLE DE BRAVO,VIOLENCIA FAMILIAR,violencia_genero,2.0,,,ALTA
TOL26072302340,2026-07-23,11:14:00,11,matutina (06-14),METEPEC,VALLE TOLUCA,ROBO DE MOTOCICLETA CON VIOLENCIA,robo_violento,2.0,19.233195,-99.63093,COORDENADA
TOL26072302363,2026-07-23,11:17:00,11,matutina (06-14),NAUCALPAN,METROPOLITANA,PERSONA AGRESIVA,rina,1.5,19.44226,-99.25305,COORDENADA
TOL26072302395,2026-07-23,11:20:00,11,matutina (06-14),NAUCALPAN,METROPOLITANA,VIOLENCIA CONTRA LAS MUJERES,violencia_genero,2.0,19.45333,-99.24257,COORDENADA
TOL26072302401,2026-07-23,11:21:00,11,matutina (06-14),TOLUCA,VALLE TOLUCA,PERSONA AGRESIVA,rina,1.5,19.24692,-99.66078,COORDENADA
TOL26072302414,2026-07-23,11:22:00,11,matutina (06-14),TOLUCA,VALLE TOLUCA,VIOLENCIA FAMILIAR,violencia_genero,2.0,19.24363,-99.680275,COORDENADA
TOL26072302500,2026-07-23,11:31:00,11,matutina (06-14),TOLUCA,VALLE TOLUCA,PERSONA TIRADA EN VIA PUBLICA,deceso_dudoso,3.0,19.291499,-99.644491,COORDENADA
TOL26072302517,2026-07-23,11:34:00,11,matutina (06-14),METEPEC,VALLE TOLUCA,PERSONA AGRESIVA,rina,1.5,19.26227,-99.59648,COORDENADA
TOL26072302526,2026-07-23,11:34:00,11,matutina (06-14),TOLUCA,VALLE TOLUCA,ROBO A TRANSEUNTE CON VIOLENCIA,robo_violento,2.0,19.3532,-99.57617,COORDENADA
TOL26072302556,2026-07-23,11:38:00,11,matutina (06-14),OTZOLOAPAN,VALLE DE BRAVO,PERSONA AGRESIVA,rina,1.5,19.114285,-100.302752,COORDENADA
TOL26072302611,2026-07-23,11:45:00,11,matutina (06-14),ZINACANTEPEC,VALLE TOLUCA,PERSONA AGRESIVA,rina,1.5,19.284785,-99.828025,COORDENADA
TOL26072302652,2026-07-23,11:49:00,11,matutina (06-14),XALATLACO,VALLE TOLUCA,PERSONA AGRESIVA,rina,1.5,19.176998,-99.42362,COORDENADA
TOL26072302688,2026-07-23,11:54:00,11,matutina (06-14),TOLUCA,VALLE TOLUCA,VIOLENCIA FAMILIAR,violencia_genero,2.0,19.36417,-99.673265,COORDENADA
TOL26072302708,2026-07-23,11:57:00,11,matutina (06-14),NAUCALPAN,METROPOLITANA,PERSONA AGRESIVA,rina,1.5,19.47394,-99.23751,COORDENADA
TOL26072302904,2026-07-23,12:22:00,12,matutina (06-14),METEPEC,VALLE TOLUCA,PERSONA AGRESIVA,rina,1.5,19.275365,-99.596635,COORDENADA
TOL26072302908,2026-07-23,12:22:00,12,matutina (06-14),METEPEC,VALLE TOLUCA,PERSONA AGRESIVA,rina,1.5,19.2597,-99.6257,COORDENADA
TOL26072302918,2026-07-23,12:23:00,12,matutina (06-14),ALMOLOYA,VALLE TOLUCA,PERSONA AGRESIVA,rina,1.5,19.369973,-99.758279,COORDENADA
TOL26072302960,2026-07-23,12:28:00,12,matutina (06-14),NAUCALPAN,METROPOLITANA,PORTACION DE ARMAS DE FUEGO O CARTUCHOS,arma_fuego,3.0,19.491057,-99.231438,COORDENADA
TOL26072303002,2026-07-23,12:33:00,12,matutina (06-14),ALMOLOYA,VALLE TOLUCA,PERSONA AGRESIVA,rina,1.5,,,ALTA
TOL26072303048,2026-07-23,12:36:00,12,matutina (06-14),TOLUCA,VALLE TOLUCA,PERSONA AGRESIVA,rina,1.5,19.221027,-99.659511,COORDENADA
TOL26072303065,2026-07-23,12:38:00,12,matutina (06-14),METEPEC,VALLE TOLUCA,VIOLENCIA DE PAREJA,violencia_genero,2.0,19.26127,-99.60027,COORDENADA
TOL26072303118,2026-07-23,12:43:00,12,matutina (06-14),TEMOAYA,VALLE TOLUCA,DETONACION POR ARMA DE FUEGO,arma_fuego,4.0,19.436634,-99.634568,COORDENADA
TOL26072303166,2026-07-23,12:47:00,12,matutina (06-14),TOLUCA,VALLE TOLUCA,ALTERACION DEL ORDEN PUBLICO POR PERSONA ALCOHOLIZADA,rina,1.5,19.344595,-99.64724,COORDENADA
TOL26072303225,2026-07-23,12:53:00,12,matutina (06-14),VILLA DEL CARBON,ATLACOMULCO,DETONACION POR ARMA DE FUEGO,arma_fuego,4.0,19.79741,-99.455731,COORDENADA
TOL26072303334,2026-07-23,13:03:00,13,matutina (06-14),TENANGO DEL VALLE,IXTAPAN,PORTACION DE ARMAS DE FUEGO O CARTUCHOS,arma_fuego,3.0,19.113719,-99.589905,COORDENADA
TOL26072303382,2026-07-23,13:09:00,13,matutina (06-14),ACAMBAY,ATLACOMULCO,DETONACION POR ARMA DE FUEGO,arma_fuego,4.0,19.912719,-99.78453,COORDENADA
TOL26072303434,2026-07-23,13:14:00,13,matutina (06-14),ALMOLOYA,VALLE TOLUCA,ALTERACION DEL ORDEN PUBLICO POR PERSONA DROGADA,rina,1.5,19.294713,-99.769683,COORDENADA
TOL26072303481,2026-07-23,13:19:00,13,matutina (06-14),SAN MATEO ATENCO,VALLE TOLUCA,ROBO A NEGOCIO CON VIOLENCIA,robo_violento,2.0,19.27844,-99.54813,COORDENADA
TOL26072303541,2026-07-23,13:25:00,13,matutina (06-14),TOLUCA,VALLE TOLUCA,PERSONA AGRESIVA,rina,1.5,19.31124,-99.63836,COORDENADA
TOL26072303550,2026-07-23,13:25:00,13,matutina (06-14),TOLUCA,VALLE TOLUCA,PERSONA AGRESIVA,rina,1.5,19.318445,-99.63607,COORDENADA
TOL26072303765,2026-07-23,13:48:00,13,matutina (06-14),NAUCALPAN,METROPOLITANA,RIÑA,rina,1.5,19.46665,-99.27961,COORDENADA
TOL26072303770,2026-07-23,13:49:00,13,matutina (06-14),OTZOLOTEPEC,VALLE TOLUCA,PERSONA TIRADA EN VIA PUBLICA,deceso_dudoso,3.0,19.421447,-99.578831,COORDENADA
TOL26072303791,2026-07-23,13:51:00,13,matutina (06-14),METEPEC,VALLE TOLUCA,PERSONA AGRESIVA,rina,1.5,19.26195,-99.59686,COORDENADA
TOL26072303815,2026-07-23,13:54:00,13,matutina (06-14),TOLUCA,VALLE TOLUCA,ALTERACION DEL ORDEN PUBLICO POR PERSONA ALCOHOLIZADA,rina,1.5,19.31264,-99.577205,COORDENADA
TOL26072303836,2026-07-23,13:56:00,13,matutina (06-14),TOLUCA,VALLE TOLUCA,PERSONA AGRESIVA,rina,1.5,19.30996,-99.624065,COORDENADA
TOL26072303864,2026-07-23,14:00:00,14,vespertina (14-22),TOLUCA,VALLE TOLUCA,PERSONA AGRESIVA,rina,1.5,19.306505,-99.631575,COORDENADA
TOL26072303869,2026-07-23,14:01:00,14,vespertina (14-22),TOLUCA,VALLE TOLUCA,PERSONA AGRESIVA,rina,1.5,19.24363,-99.680275,COORDENADA
TOL26072303916,2026-07-23,14:06:00,14,vespertina (14-22),METEPEC,VALLE TOLUCA,VIOLENCIA DE PAREJA,violencia_genero,2.0,,,ALTA
TOL26072303958,2026-07-23,14:12:00,14,vespertina (14-22),TOLUCA,VALLE TOLUCA,PERSONA AGRESIVA,rina,1.5,19.296475,-99.68344,COORDENADA
TOL26072303964,2026-07-23,14:13:00,14,vespertina (14-22),TOLUCA,VALLE TOLUCA,VIOLENCIA CONTRA LAS MUJERES,violencia_genero,2.0,19.26337,-99.67958,COORDENADA
TOL26072303976,2026-07-23,14:14:00,14,vespertina (14-22),TOLUCA,VALLE TOLUCA,PERSONA AGRESIVA,rina,1.5,19.293105,-99.63406,COORDENADA
TOL26072303979,2026-07-23,14:14:00,14,vespertina (14-22),OCOYOACAC,VALLE TOLUCA,DETONACION POR ARMA DE FUEGO,arma_fuego,4.0,19.2712,-99.44706,COORDENADA
TOL26072304079,2026-07-23,14:24:00,14,vespertina (14-22),ALMOLOYA,VALLE TOLUCA,VIOLENCIA DE PAREJA,violencia_genero,2.0,19.297151,-99.765462,COORDENADA
TOL26072304119,2026-07-23,14:29:00,14,vespertina (14-22),LERMA,SIN CATALOGAR,ROBO DE MOTOCICLETA CON VIOLENCIA,robo_violento,2.0,19.302605,-99.529365,COORDENADA
TOL26072304164,2026-07-23,14:33:00,14,vespertina (14-22),NAUCALPAN,METROPOLITANA,PERSONA AGRESIVA,rina,1.5,19.4173,-99.24038,COORDENADA
TOL26072304174,2026-07-23,14:35:00,14,vespertina (14-22),NAUCALPAN,METROPOLITANA,PERSONA AGRESIVA,rina,1.5,19.439605,-99.25713,COORDENADA
TOL26072304310,2026-07-23,14:49:00,14,vespertina (14-22),TOLUCA,VALLE TOLUCA,VIOLENCIA DE PAREJA,violencia_genero,2.0,19.36417,-99.673265,COORDENADA
TOL26072304329,2026-07-23,14:51:00,14,vespertina (14-22),TOLUCA,VALLE TOLUCA,PERSONA TIRADA EN VIA PUBLICA,deceso_dudoso,3.0,19.269035,-99.63883,COORDENADA
ECA26072300757,2026-07-23,03:03:00,3,nocturna (22-06),CHALCO,CHALCO,ALTERACION DEL ORDEN PUBLICO POR PERSONA ALCOHOLIZADA,rina,1.5,19.26981,-98.889975,COORDENADA
ECA26072300786,2026-07-23,03:17:00,3,nocturna (22-06),TEXCOCO,ORIENTE,PERSONA LESIONADA POR ARMA BLANCA,arma_blanca,3.0,19.45993,-98.907345,COORDENADA
ECA26072300791,2026-07-23,03:19:00,3,nocturna (22-06),CHIMALHUACAN,ORIENTE,DETONACION POR ARMA DE FUEGO,arma_fuego,4.0,19.43298,-98.98381,COORDENADA
ECA26072300798,2026-07-23,03:23:00,3,nocturna (22-06),TEXCOCO,ORIENTE,PORTACION DE ARMAS DE FUEGO O CARTUCHOS,arma_fuego,3.0,19.45993,-98.907345,COORDENADA
ECA26072300802,2026-07-23,03:25:00,3,nocturna (22-06),CHICOLOAPAN,SIN CATALOGAR,ROBO A CASA HABITACION CON VIOLENCIA,robo_violento,2.0,19.4163,-98.91567,COORDENADA
ECA26072300812,2026-07-23,03:30:00,3,nocturna (22-06),CUAUTITLAN IZCALLI,METROPOLITANA,DETONACION POR ARMA DE FUEGO,arma_fuego,4.0,19.683195,-99.214765,COORDENADA
ECA26072300814,2026-07-23,03:31:00,3,nocturna (22-06),ECATEPEC,ECATEPEC,PERSONA AGRESIVA,rina,1.5,19.648185,-99.06404,COORDENADA
ECA26072300819,2026-07-23,03:31:00,3,nocturna (22-06),ZUMPANGO,ECATEPEC,PERSONA AGRESIVA,rina,1.5,19.81451,-99.03028,COORDENADA
ECA26072300871,2026-07-23,04:04:00,4,nocturna (22-06),ECATZINGO,SIN CATALOGAR,PERSONA NO LOCALIZADA O DESAPARECIDA,desaparicion,3.0,18.956985,-98.755266,COORDENADA
ECA26072300880,2026-07-23,04:07:00,4,nocturna (22-06),TEXCOCO,ORIENTE,PERSONA AGRESIVA,rina,1.5,19.43733,-98.90555,COORDENADA
ECA26072300884,2026-07-23,04:08:00,4,nocturna (22-06),TULTITLAN,METROPOLITANA,ALTERACION DEL ORDEN PUBLICO POR PERSONA ALCOHOLIZADA,rina,1.5,19.612865,-99.16402,COORDENADA
ECA26072300895,2026-07-23,04:15:00,4,nocturna (22-06),CUAUTITLAN IZCALLI,METROPOLITANA,VIOLENCIA CONTRA LAS MUJERES,violencia_genero,2.0,19.661645,-99.248145,COORDENADA
ECA26072300918,2026-07-23,04:23:00,4,nocturna (22-06),CUAUTITLAN IZCALLI,METROPOLITANA,ALTERACION DEL ORDEN PUBLICO POR PERSONA ALCOHOLIZADA,rina,1.5,19.67183,-99.221635,COORDENADA
ECA26072300925,2026-07-23,04:25:00,4,nocturna (22-06),TULTEPEC,ECATEPEC,ROBO DE VEHICULO PARTICULAR CON VIOLENCIA,robo_violento,2.0,19.686167,-99.07947,COORDENADA
ECA26072300932,2026-07-23,04:27:00,4,nocturna (22-06),CHIMALHUACAN,ORIENTE,DETONACION POR ARMA DE FUEGO,arma_fuego,4.0,19.442955,-98.972135,COORDENADA
ECA26072300938,2026-07-23,04:29:00,4,nocturna (22-06),COACALCO DE BERRIOZABAL,ECATEPEC,PERSONA AGRESIVA,rina,1.5,19.63894,-99.09952,COORDENADA
ECA26072300948,2026-07-23,04:34:00,4,nocturna (22-06),TEXCOCO,ORIENTE,VIOLENCIA CONTRA LAS MUJERES,violencia_genero,2.0,19.45893,-98.90132,COORDENADA
ECA26072300968,2026-07-23,04:42:00,4,nocturna (22-06),ECATEPEC,ECATEPEC,ROBO DE VEHICULO PARTICULAR CON VIOLENCIA,robo_violento,2.0,19.49965,-99.059145,COORDENADA
ECA26072300984,2026-07-23,05:00:00,5,nocturna (22-06),TULTITLAN,METROPOLITANA,ROBO A GASOLINERA CON VIOLENCIA,robo_violento,2.0,19.62702,-99.16882,COORDENADA
ECA26072301005,2026-07-23,05:14:00,5,nocturna (22-06),ECATEPEC,ECATEPEC,PERSONA AGRESIVA,rina,1.5,19.57732,-99.06549,COORDENADA
ECA26072301008,2026-07-23,05:22:00,5,nocturna (22-06),CHALCO,CHALCO,PERSONA AGRESIVA,rina,1.5,19.22201,-98.914705,COORDENADA
ECA26072301078,2026-07-23,05:55:00,5,nocturna (22-06),ECATEPEC,ECATEPEC,PERSONA AGRESIVA,rina,1.5,19.56469,-99.02083,COORDENADA
ECA26072301180,2026-07-23,06:49:00,6,matutina (06-14),ZUMPANGO,ECATEPEC,ROBO A NEGOCIO CON VIOLENCIA,robo_violento,2.0,19.79969,-99.09576,COORDENADA
ECA26072301226,2026-07-23,07:06:00,7,matutina (06-14),NEZAHUALCOYOTL,ORIENTE,PERSONA AGRESIVA,rina,1.5,19.4219,-99.04269,COORDENADA
ECA26072301294,2026-07-23,07:22:00,7,matutina (06-14),TEXCOCO,ORIENTE,VIOLENCIA CONTRA LAS MUJERES,violencia_genero,2.0,19.45993,-98.907345,COORDENADA
ECA26072301295,2026-07-23,07:22:00,7,matutina (06-14),ECATEPEC,ECATEPEC,ROBO DE VEHICULO PARTICULAR CON VIOLENCIA,robo_violento,2.0,19.55081,-99.03713,COORDENADA
ECA26072301315,2026-07-23,07:30:00,7,matutina (06-14),ECATEPEC,ECATEPEC,PERSONA AGRESIVA,rina,1.5,19.54975,-99.027145,COORDENADA
ECA26072301335,2026-07-23,07:38:00,7,matutina (06-14),ACAMBAY,ATLACOMULCO,ROBO DE VEHICULO PARTICULAR CON VIOLENCIA,robo_violento,2.0,19.933627,-99.817521,COORDENADA
ECA26072301353,2026-07-23,07:45:00,7,matutina (06-14),ECATEPEC,ECATEPEC,PERSONA AGRESIVA,rina,1.5,19.55787,-99.03756,COORDENADA
ECA26072301360,2026-07-23,07:47:00,7,matutina (06-14),TULTITLAN,METROPOLITANA,VIOLENCIA CONTRA LAS MUJERES,violencia_genero,2.0,19.6694,-99.08114,COORDENADA
ECA26072301402,2026-07-23,08:07:00,8,matutina (06-14),IXTAPALUCA,CHALCO,ALTERACION DEL ORDEN PUBLICO POR PERSONA DROGADA,rina,1.5,19.331405,-98.94743,COORDENADA
ECA26072301410,2026-07-23,08:10:00,8,matutina (06-14),COCOTITLAN,CHALCO,PERSONA AGRESIVA,rina,1.5,19.215576,-98.844999,COORDENADA
ECA26072301417,2026-07-23,08:12:00,8,matutina (06-14),NEZAHUALCOYOTL,ORIENTE,VIOLENCIA CONTRA LAS MUJERES,violencia_genero,2.0,19.474675,-99.058025,COORDENADA
ECA26072301493,2026-07-23,08:27:00,8,matutina (06-14),TLALNEPANTLA,METROPOLITANA,AMENAZA DE SUICIDIO,deceso_dudoso,3.0,19.52309,-99.219835,COORDENADA
ECA26072301509,2026-07-23,08:29:00,8,matutina (06-14),COACALCO DE BERRIOZABAL,ECATEPEC,PERSONA TIRADA EN VIA PUBLICA,deceso_dudoso,3.0,,,ALTA
ECA26072301537,2026-07-23,08:35:00,8,matutina (06-14),TLALNEPANTLA,METROPOLITANA,TENTATIVA DE SUICIDIO,deceso_dudoso,3.0,19.52116,-99.22062,COORDENADA
ECA26072301541,2026-07-23,08:35:00,8,matutina (06-14),ECATEPEC,ECATEPEC,VIOLENCIA CONTRA LAS MUJERES,violencia_genero,2.0,19.59782,-99.00203,COORDENADA
ECA26072301564,2026-07-23,08:39:00,8,matutina (06-14),IXTAPALUCA,CHALCO,VIOLENCIA DE PAREJA,violencia_genero,2.0,19.29347,-98.83558,COORDENADA
ECA26072301573,2026-07-23,08:40:00,8,matutina (06-14),TECAMAC,ECATEPEC,VIOLENCIA CONTRA LAS MUJERES,violencia_genero,2.0,19.622015,-99.040695,COORDENADA
ECA26072301622,2026-07-23,08:49:00,8,matutina (06-14),TLALNEPANTLA,METROPOLITANA,PERSONA TIRADA EN VIA PUBLICA,deceso_dudoso,3.0,19.5216,-99.09266,COORDENADA
ECA26072301651,2026-07-23,08:54:00,8,matutina (06-14),ECATEPEC,ECATEPEC,PERSONA NO LOCALIZADA O DESAPARECIDA,desaparicion,3.0,19.51193,-99.05789,COORDENADA
ECA26072301653,2026-07-23,08:55:00,8,matutina (06-14),TULTITLAN,METROPOLITANA,PERSONA TIRADA EN VIA PUBLICA,deceso_dudoso,3.0,19.665215,-99.094465,COORDENADA
ECA26072301672,2026-07-23,08:58:00,8,matutina (06-14),IXTAPALUCA,CHALCO,ROBO A TRANSPORTISTA O VEHICULO COMERCIAL CON VIOLENCIA,robo_violento,2.0,19.354525,-98.66814,COORDENADA
ECA26072301698,2026-07-23,09:03:00,9,matutina (06-14),NICOLAS ROMERO,METROPOLITANA,PERSONA NO LOCALIZADA O DESAPARECIDA,desaparicion,3.0,19.618405,-99.29556,COORDENADA
ECA26072301817,2026-07-23,09:18:00,9,matutina (06-14),TECAMAC,ECATEPEC,VIOLENCIA CONTRA LAS MUJERES,violencia_genero,2.0,19.622015,-99.040695,COORDENADA
ECA26072301830,2026-07-23,09:20:00,9,matutina (06-14),HUEHUETOCA,ECATEPEC,PERSONA LESIONADA POR ARMA BLANCA,arma_blanca,3.0,19.835334,-99.206299,COORDENADA
ECA26072301899,2026-07-23,09:28:00,9,matutina (06-14),NEZAHUALCOYOTL,ORIENTE,VIOLENCIA CONTRA LAS MUJERES,violencia_genero,2.0,19.49047,-99.04627,COORDENADA
ECA26072301951,2026-07-23,09:35:00,9,matutina (06-14),NEZAHUALCOYOTL,ORIENTE,PERSONA AGRESIVA,rina,1.5,19.41314,-99.052465,COORDENADA
ECA26072301972,2026-07-23,09:37:00,9,matutina (06-14),LA PAZ,ORIENTE,VIOLENCIA FAMILIAR,violencia_genero,2.0,19.382255,-98.93676,COORDENADA
ECA26072302046,2026-07-23,09:47:00,9,matutina (06-14),NEXTLALPAN,SIN CATALOGAR,PERSONA AGRESIVA,rina,1.5,19.718832,-99.048756,COORDENADA
ECA26072302103,2026-07-23,09:53:00,9,matutina (06-14),NEZAHUALCOYOTL,ORIENTE,VIOLENCIA CONTRA LAS MUJERES,violencia_genero,2.0,19.41603,-99.04201,COORDENADA
ECA26072302141,2026-07-23,09:57:00,9,matutina (06-14),CUAUTITLAN IZCALLI,METROPOLITANA,PERSONA AGRESIVA,rina,1.5,19.65523,-99.21083,COORDENADA
ECA26072302150,2026-07-23,09:58:00,9,matutina (06-14),TLALNEPANTLA,METROPOLITANA,ROBO DE VEHICULO PARTICULAR CON VIOLENCIA,robo_violento,2.0,19.539185,-99.199485,COORDENADA
ECA26072302174,2026-07-23,10:01:00,10,matutina (06-14),ATIZAPAN,METROPOLITANA,PERSONA AGRESIVA,rina,1.5,19.60447,-99.241625,COORDENADA
ECA26072302210,2026-07-23,10:05:00,10,matutina (06-14),TEQUIXQUIAC,SIN CATALOGAR,RIÑA,rina,1.5,19.874031,-99.134151,COORDENADA
ECA26072302219,2026-07-23,10:06:00,10,matutina (06-14),LA PAZ,ORIENTE,PERSONA NO LOCALIZADA O DESAPARECIDA,desaparicion,3.0,19.367225,-98.9427,COORDENADA
ECA26072302250,2026-07-23,10:09:00,10,matutina (06-14),VALLE DE CHALCO,CHALCO,ROBO A TRANSEUNTE CON VIOLENCIA,robo_violento,2.0,19.30638,-98.93547,COORDENADA
ECA26072302255,2026-07-23,10:10:00,10,matutina (06-14),TULTITLAN,METROPOLITANA,PERSONA AGRESIVA,rina,1.5,19.62289,-99.14213,COORDENADA
ECA26072302317,2026-07-23,10:16:00,10,matutina (06-14),CHIMALHUACAN,ORIENTE,VIOLENCIA CONTRA LAS MUJERES,violencia_genero,2.0,19.442685,-98.97611,COORDENADA
ECA26072302400,2026-07-23,10:24:00,10,matutina (06-14),NEZAHUALCOYOTL,ORIENTE,PERSONA TIRADA EN VIA PUBLICA,deceso_dudoso,3.0,19.40598,-99.008605,COORDENADA
ECA26072302431,2026-07-23,10:27:00,10,matutina (06-14),ECATEPEC,ECATEPEC,PERSONA AGRESIVA,rina,1.5,19.554565,-99.02836,COORDENADA
ECA26072302445,2026-07-23,10:29:00,10,matutina (06-14),NEZAHUALCOYOTL,ORIENTE,ROBO DE VEHICULO PARTICULAR CON VIOLENCIA,robo_violento,2.0,19.47919,-99.04497,COORDENADA
ECA26072302488,2026-07-23,10:35:00,10,matutina (06-14),VALLE DE CHALCO,CHALCO,VIOLENCIA CONTRA LAS MUJERES,violencia_genero,2.0,19.31529,-98.94875,COORDENADA
ECA26072302542,2026-07-23,10:40:00,10,matutina (06-14),CHIMALHUACAN,ORIENTE,PERSONA AGRESIVA,rina,1.5,19.39504,-98.9181,COORDENADA
ECA26072302550,2026-07-23,10:42:00,10,matutina (06-14),TECAMAC,ECATEPEC,PERSONA AGRESIVA,rina,1.5,19.78026,-98.97478,COORDENADA
ECA26072302554,2026-07-23,10:42:00,10,matutina (06-14),ECATEPEC,ECATEPEC,PERSONA AGRESIVA,rina,1.5,19.61048,-99.05533,COORDENADA
ECA26072302557,2026-07-23,10:43:00,10,matutina (06-14),CUAUTITLAN IZCALLI,METROPOLITANA,PERSONA AGRESIVA,rina,1.5,19.65523,-99.21083,COORDENADA
ECA26072302570,2026-07-23,10:45:00,10,matutina (06-14),ECATEPEC,ECATEPEC,PORTACION DE ARMAS DE FUEGO O CARTUCHOS,arma_fuego,3.0,19.5969,-99.01119,COORDENADA
ECA26072302582,2026-07-23,10:46:00,10,matutina (06-14),COYOTEPEC,ECATEPEC,ROBO DE VEHICULO PARTICULAR CON VIOLENCIA,robo_violento,2.0,19.69311,-99.20534,COORDENADA
ECA26072302600,2026-07-23,10:49:00,10,matutina (06-14),ECATEPEC,ECATEPEC,PERSONA TIRADA EN VIA PUBLICA,deceso_dudoso,3.0,19.60925,-98.98581,COORDENADA
ECA26072302616,2026-07-23,10:51:00,10,matutina (06-14),NICOLAS ROMERO,METROPOLITANA,ROBO A TRANSEUNTE CON VIOLENCIA,robo_violento,2.0,19.61836,-99.30173,COORDENADA
ECA26072302640,2026-07-23,10:55:00,10,matutina (06-14),CUAUTITLAN IZCALLI,METROPOLITANA,PERSONA AGRESIVA,rina,1.5,19.65523,-99.21083,COORDENADA
ECA26072302642,2026-07-23,10:55:00,10,matutina (06-14),ECATEPEC,ECATEPEC,ROBO A TRANSEUNTE CON VIOLENCIA,robo_violento,2.0,19.61048,-99.05533,COORDENADA
ECA26072302646,2026-07-23,10:56:00,10,matutina (06-14),CHIMALHUACAN,ORIENTE,PERSONA AGRESIVA,rina,1.5,19.43512,-98.935425,COORDENADA
ECA26072302685,2026-07-23,11:01:00,11,matutina (06-14),NICOLAS ROMERO,METROPOLITANA,PERSONA AGRESIVA,rina,1.5,19.611242,-99.3006,COORDENADA
ECA26072302751,2026-07-23,11:06:00,11,matutina (06-14),ECATEPEC,ECATEPEC,PERSONA AGRESIVA,rina,1.5,19.6104,-98.9826,COORDENADA
ECA26072302777,2026-07-23,11:09:00,11,matutina (06-14),TECAMAC,ECATEPEC,ROBO A TRANSPORTISTA O VEHICULO COMERCIAL CON VIOLENCIA,robo_violento,2.0,19.71515,-98.96386,COORDENADA
ECA26072302778,2026-07-23,11:09:00,11,matutina (06-14),TECAMAC,ECATEPEC,ROBO A TRANSPORTISTA O VEHICULO COMERCIAL CON VIOLENCIA,robo_violento,2.0,19.714392,-98.963795,COORDENADA
ECA26072302836,2026-07-23,11:14:00,11,matutina (06-14),ZUMPANGO,ECATEPEC,VIOLENCIA CONTRA LAS MUJERES,violencia_genero,2.0,19.77782,-99.11376,COORDENADA
ECA26072302843,2026-07-23,11:14:00,11,matutina (06-14),HUEHUETOCA,ECATEPEC,PERSONA AGRESIVA,rina,1.5,19.881377,-99.200038,COORDENADA
ECA26072302952,2026-07-23,11:28:00,11,matutina (06-14),LA PAZ,ORIENTE,PERSONA AGRESIVA,rina,1.5,19.382255,-98.93676,COORDENADA
ECA26072302977,2026-07-23,11:31:00,11,matutina (06-14),CUAUTITLAN IZCALLI,METROPOLITANA,PERSONA AGRESIVA,rina,1.5,19.656285,-99.22285,COORDENADA
ECA26072303003,2026-07-23,11:35:00,11,matutina (06-14),TULTEPEC,ECATEPEC,ROBO A TRANSEUNTE CON VIOLENCIA,robo_violento,2.0,19.654895,-99.142295,COORDENADA
ECA26072303017,2026-07-23,11:36:00,11,matutina (06-14),TULTEPEC,ECATEPEC,PERSONA AGRESIVA,rina,1.5,19.69338,-99.108615,COORDENADA
ECA26072303021,2026-07-23,11:37:00,11,matutina (06-14),TECAMAC,ECATEPEC,PERSONA AGRESIVA,rina,1.5,19.677495,-99.030985,COORDENADA
ECA26072303035,2026-07-23,11:38:00,11,matutina (06-14),TECAMAC,ECATEPEC,PERSONA AGRESIVA,rina,1.5,,,ALTA
ECA26072303110,2026-07-23,11:45:00,11,matutina (06-14),COCOTITLAN,CHALCO,PERSONA AGRESIVA,rina,1.5,19.234767,-98.858411,COORDENADA
ECA26072303123,2026-07-23,11:46:00,11,matutina (06-14),NEXTLALPAN,SIN CATALOGAR,PERSONA AGRESIVA,rina,1.5,19.737832,-99.078562,COORDENADA
ECA26072303141,2026-07-23,11:48:00,11,matutina (06-14),IXTAPALUCA,CHALCO,VIOLENCIA CONTRA LAS MUJERES,violencia_genero,2.0,19.33367,-98.90942,COORDENADA
ECA26072303171,2026-07-23,11:51:00,11,matutina (06-14),LA PAZ,ORIENTE,PERSONA AGRESIVA,rina,1.5,19.365475,-98.97206,COORDENADA
ECA26072303196,2026-07-23,11:54:00,11,matutina (06-14),NEZAHUALCOYOTL,ORIENTE,VIOLENCIA CONTRA LAS MUJERES,violencia_genero,2.0,19.39052,-98.99914,COORDENADA
ECA26072303253,2026-07-23,12:11:00,12,matutina (06-14),TEXCOCO,ORIENTE,VIOLENCIA CONTRA LAS MUJERES,violencia_genero,2.0,19.429175,-98.90005,COORDENADA
ECA26072303256,2026-07-23,12:12:00,12,matutina (06-14),TULTITLAN,METROPOLITANA,PERSONA AGRESIVA,rina,1.5,19.659765,-99.081865,COORDENADA
ECA26072303259,2026-07-23,12:12:00,12,matutina (06-14),TULTITLAN,METROPOLITANA,RIÑA,rina,1.5,19.659765,-99.081865,COORDENADA
ECA26072303281,2026-07-23,12:17:00,12,matutina (06-14),COACALCO DE BERRIOZABAL,ECATEPEC,PERSONA AGRESIVA,rina,1.5,19.62956,-99.111985,COORDENADA
ECA26072303307,2026-07-23,12:23:00,12,matutina (06-14),TLALNEPANTLA,METROPOLITANA,ROBO A CASA HABITACION CON VIOLENCIA,robo_violento,2.0,19.540365,-99.17573,COORDENADA
ECA26072303354,2026-07-23,12:26:00,12,matutina (06-14),TULTEPEC,ECATEPEC,PERSONA AGRESIVA,rina,1.5,19.70577,-99.08651,COORDENADA
ECA26072303408,2026-07-23,12:32:00,12,matutina (06-14),HUEHUETOCA,ECATEPEC,VIOLENCIA DE PAREJA,violencia_genero,2.0,19.834712,-99.204711,COORDENADA
ECA26072303416,2026-07-23,12:32:00,12,matutina (06-14),TULTITLAN,METROPOLITANA,PERSONA NO LOCALIZADA O DESAPARECIDA,desaparicion,3.0,19.620225,-99.15915,COORDENADA
ECA26072303462,2026-07-23,12:38:00,12,matutina (06-14),ECATEPEC,ECATEPEC,ROBO A TRANSEUNTE CON VIOLENCIA,robo_violento,2.0,19.64257,-99.065245,COORDENADA
ECA26072303501,2026-07-23,12:42:00,12,matutina (06-14),ECATEPEC,ECATEPEC,PERSONA NO LOCALIZADA O DESAPARECIDA,desaparicion,3.0,19.52556,-99.02044,COORDENADA
ECA26072303596,2026-07-23,12:50:00,12,matutina (06-14),NEZAHUALCOYOTL,ORIENTE,VIOLENCIA CONTRA LAS MUJERES,violencia_genero,2.0,19.43051,-99.05124,COORDENADA
ECA26072303675,2026-07-23,12:57:00,12,matutina (06-14),VALLE DE CHALCO,CHALCO,PERSONA AGRESIVA,rina,1.5,19.295625,-98.95432,COORDENADA
ECA26072303701,2026-07-23,12:59:00,12,matutina (06-14),OTUMBA,ORIENTE,PERSONA AGRESIVA,rina,1.5,19.722323,-98.792251,COORDENADA
ECA26072303725,2026-07-23,13:02:00,13,matutina (06-14),TEXCOCO,ORIENTE,PERSONA AGRESIVA,rina,1.5,19.506865,-98.873805,COORDENADA
ECA26072303732,2026-07-23,13:02:00,13,matutina (06-14),TEPOTZOTLAN,METROPOLITANA,ROBO A NEGOCIO CON VIOLENCIA,robo_violento,2.0,19.77136,-99.219282,COORDENADA
ECA26072303734,2026-07-23,13:03:00,13,matutina (06-14),CHALCO,CHALCO,PERSONA AGRESIVA,rina,1.5,19.262595,-98.89674,COORDENADA
ECA26072303740,2026-07-23,13:04:00,13,matutina (06-14),NICOLAS ROMERO,METROPOLITANA,PORTACION DE ARMAS DE FUEGO O CARTUCHOS,arma_fuego,3.0,19.59912,-99.273875,COORDENADA
ECA26072303748,2026-07-23,13:05:00,13,matutina (06-14),TULTITLAN,METROPOLITANA,PERSONA AGRESIVA,rina,1.5,19.60545,-99.16631,COORDENADA
ECA26072303754,2026-07-23,13:06:00,13,matutina (06-14),NICOLAS ROMERO,METROPOLITANA,PORTACION DE ARMAS DE FUEGO O CARTUCHOS,arma_fuego,3.0,19.60399,-99.29432,COORDENADA
ECA26072303783,2026-07-23,13:08:00,13,matutina (06-14),CHALCO,CHALCO,PERSONA AGRESIVA,rina,1.5,,,ALTA
ECA26072303799,2026-07-23,13:09:00,13,matutina (06-14),NEZAHUALCOYOTL,ORIENTE,PERSONA NO LOCALIZADA O DESAPARECIDA,desaparicion,3.0,19.420915,-99.031525,COORDENADA
ECA26072303853,2026-07-23,13:14:00,13,matutina (06-14),ECATEPEC,ECATEPEC,VIOLENCIA FAMILIAR,violencia_genero,2.0,19.61048,-99.05533,COORDENADA
ECA26072303855,2026-07-23,13:14:00,13,matutina (06-14),ECATEPEC,ECATEPEC,PERSONA AGRESIVA,rina,1.5,19.61048,-99.05533,COORDENADA
ECA26072303895,2026-07-23,13:18:00,13,matutina (06-14),CHIAUTLA,ORIENTE,ROBO DE VEHICULO PARTICULAR CON VIOLENCIA,robo_violento,2.0,19.564595,-98.874857,COORDENADA
ECA26072303917,2026-07-23,13:19:00,13,matutina (06-14),ZUMPANGO,ECATEPEC,ROBO DE MOTOCICLETA CON VIOLENCIA,robo_violento,2.0,19.79702,-99.079705,COORDENADA
ECA26072303935,2026-07-23,13:21:00,13,matutina (06-14),VALLE DE CHALCO,CHALCO,PERSONA NO LOCALIZADA O DESAPARECIDA,desaparicion,3.0,19.26981,-98.932785,COORDENADA
ECA26072303936,2026-07-23,13:22:00,13,matutina (06-14),TLALNEPANTLA,METROPOLITANA,PERSONA AGRESIVA,rina,1.5,19.51286,-99.22023,COORDENADA
ECA26072303953,2026-07-23,13:23:00,13,matutina (06-14),ECATEPEC,ECATEPEC,RIÑA,rina,1.5,19.52556,-99.02044,COORDENADA
ECA26072303957,2026-07-23,13:24:00,13,matutina (06-14),NEZAHUALCOYOTL,ORIENTE,ROBO DE VEHICULO PARTICULAR CON VIOLENCIA,robo_violento,2.0,19.399325,-99.022895,COORDENADA
ECA26072303961,2026-07-23,13:24:00,13,matutina (06-14),TECAMAC,ECATEPEC,ROBO DE VEHICULO PARTICULAR CON VIOLENCIA,robo_violento,2.0,19.74686,-98.97408,COORDENADA
ECA26072303966,2026-07-23,13:25:00,13,matutina (06-14),ECATEPEC,ECATEPEC,PERSONA AGRESIVA,rina,1.5,19.62416,-99.05909,COORDENADA
ECA26072303993,2026-07-23,13:27:00,13,matutina (06-14),ECATEPEC,ECATEPEC,PERSONA AGRESIVA,rina,1.5,19.61048,-99.05533,COORDENADA
ECA26072304000,2026-07-23,13:28:00,13,matutina (06-14),CHALCO,CHALCO,RIÑA,rina,1.5,19.287925,-98.90602,COORDENADA
ECA26072304010,2026-07-23,13:28:00,13,matutina (06-14),HUEHUETOCA,ECATEPEC,ALTERACION DEL ORDEN PUBLICO POR PERSONA ALCOHOLIZADA,rina,1.5,19.833608,-99.20898,COORDENADA
ECA26072304027,2026-07-23,13:30:00,13,matutina (06-14),NEZAHUALCOYOTL,ORIENTE,VIOLENCIA CONTRA LAS MUJERES,violencia_genero,2.0,19.40718,-99.0181,COORDENADA
ECA26072304112,2026-07-23,13:38:00,13,matutina (06-14),TULTITLAN,METROPOLITANA,ROBO A TRANSEUNTE CON VIOLENCIA,robo_violento,2.0,19.58296,-99.17264,COORDENADA
ECA26072304147,2026-07-23,13:42:00,13,matutina (06-14),COYOTEPEC,ECATEPEC,PERSONA AGRESIVA,rina,1.5,19.779979,-99.183637,COORDENADA
ECA26072304199,2026-07-23,13:46:00,13,matutina (06-14),TULTITLAN,METROPOLITANA,PERSONA AGRESIVA,rina,1.5,19.616215,-99.176365,COORDENADA
ECA26072304302,2026-07-23,13:58:00,13,matutina (06-14),ECATEPEC,ECATEPEC,PERSONA NO LOCALIZADA O DESAPARECIDA,desaparicion,3.0,19.56133,-99.05755,COORDENADA
ECA26072304343,2026-07-23,14:01:00,14,vespertina (14-22),ECATEPEC,ECATEPEC,PRIVACION DE LA LIBERTAD,alta_incidencia,4.0,19.54237,-99.0643,COORDENADA
ECA26072304352,2026-07-23,14:02:00,14,vespertina (14-22),TECAMAC,ECATEPEC,ROBO DE VEHICULO PARTICULAR CON VIOLENCIA,robo_violento,2.0,19.722565,-98.94769,COORDENADA
ECA26072304404,2026-07-23,14:07:00,14,vespertina (14-22),CHICOLOAPAN,SIN CATALOGAR,PERSONA TIRADA EN VIA PUBLICA,deceso_dudoso,3.0,19.41848,-98.88686,COORDENADA
ECA26072304406,2026-07-23,14:07:00,14,vespertina (14-22),VALLE DE CHALCO,CHALCO,ROBO DE MOTOCICLETA CON VIOLENCIA,robo_violento,2.0,19.26825,-98.958405,COORDENADA
ECA26072304409,2026-07-23,14:08:00,14,vespertina (14-22),VALLE DE CHALCO,CHALCO,ROBO DE MOTOCICLETA CON VIOLENCIA,robo_violento,2.0,19.289905,-98.92147,COORDENADA
ECA26072304413,2026-07-23,14:08:00,14,vespertina (14-22),TECAMAC,ECATEPEC,ROBO DE VEHICULO PARTICULAR CON VIOLENCIA,robo_violento,2.0,19.70964,-98.97002,COORDENADA
ECA26072304425,2026-07-23,14:10:00,14,vespertina (14-22),TULTEPEC,ECATEPEC,PERSONA AGRESIVA,rina,1.5,19.65695,-99.116415,COORDENADA
ECA26072304426,2026-07-23,14:10:00,14,vespertina (14-22),TLALNEPANTLA,METROPOLITANA,PERSONA AGRESIVA,rina,1.5,19.539185,-99.199485,COORDENADA
ECA26072304479,2026-07-23,14:15:00,14,vespertina (14-22),LA PAZ,ORIENTE,RIÑA,rina,1.5,19.36852,-98.98659,COORDENADA
ECA26072304555,2026-07-23,14:23:00,14,vespertina (14-22),VALLE DE CHALCO,CHALCO,VIOLENCIA CONTRA LAS MUJERES,violencia_genero,2.0,19.294035,-98.94555,COORDENADA
ECA26072304687,2026-07-23,14:40:00,14,vespertina (14-22),CHIMALHUACAN,ORIENTE,ROBO A NEGOCIO CON VIOLENCIA,robo_violento,2.0,19.43371,-98.94028,COORDENADA
ECA26072304691,2026-07-23,14:40:00,14,vespertina (14-22),HUEHUETOCA,ECATEPEC,VIOLENCIA FAMILIAR,violencia_genero,2.0,19.846307,-99.229271,COORDENADA
ECA26072304692,2026-07-23,14:40:00,14,vespertina (14-22),CHALCO,CHALCO,VIOLENCIA CONTRA LAS MUJERES,violencia_genero,2.0,19.262595,-98.89674,COORDENADA
ECA26072304693,2026-07-23,14:40:00,14,vespertina (14-22),HUEHUETOCA,ECATEPEC,RIÑA,rina,1.5,19.833173,-99.250001,COORDENADA
ECA26072304738,2026-07-23,14:45:00,14,vespertina (14-22),NEZAHUALCOYOTL,ORIENTE,PERSONA AGRESIVA,rina,1.5,19.41372,-99.03552,COORDENADA
ECA26072304757,2026-07-23,14:47:00,14,vespertina (14-22),TLALNEPANTLA,METROPOLITANA,PERSONA AGRESIVA,rina,1.5,19.545845,-99.15825,COORDENADA
TOL26072400563,2026-07-24,03:02:00,3,nocturna (22-06),TOLUCA,VALLE TOLUCA,VIOLENCIA CONTRA LAS MUJERES,violencia_genero,2.0,19.287235,-99.689635,COORDENADA
TOL26072400573,2026-07-24,03:07:00,3,nocturna (22-06),NAUCALPAN,METROPOLITANA,PERSONA LESIONADA POR PROYECTIL DE ARMA DE FUEGO,arma_fuego,6.0,19.456506,-99.237424,COORDENADA
TOL26072400588,2026-07-24,03:16:00,3,nocturna (22-06),NAUCALPAN,METROPOLITANA,VIOLENCIA CONTRA LAS MUJERES,violencia_genero,2.0,19.445865,-99.244265,COORDENADA
TOL26072400621,2026-07-24,03:33:00,3,nocturna (22-06),NAUCALPAN,METROPOLITANA,PERSONA AGRESIVA,rina,1.5,19.46089,-99.26406,COORDENADA
TOL26072400623,2026-07-24,03:34:00,3,nocturna (22-06),METEPEC,VALLE TOLUCA,VIOLENCIA DE PAREJA,violencia_genero,2.0,19.284875,-99.597985,COORDENADA
TOL26072400656,2026-07-24,03:51:00,3,nocturna (22-06),ZINACANTEPEC,VALLE TOLUCA,VIOLENCIA CONTRA LAS MUJERES,violencia_genero,2.0,,,MEDIA
TOL26072400708,2026-07-24,04:24:00,4,nocturna (22-06),IXTLAHUACA,ATLACOMULCO,VIOLENCIA CONTRA LAS MUJERES,violencia_genero,2.0,19.568332,-99.822967,COORDENADA
TOL26072400728,2026-07-24,04:37:00,4,nocturna (22-06),TOLUCA,VALLE TOLUCA,TENTATIVA DE SUICIDIO,deceso_dudoso,3.0,19.2708,-99.67488,COORDENADA
TOL26072400734,2026-07-24,04:39:00,4,nocturna (22-06),NAUCALPAN,METROPOLITANA,PERSONA AGRESIVA,rina,1.5,19.50625,-99.21967,COORDENADA
TOL26072400736,2026-07-24,04:41:00,4,nocturna (22-06),TOLUCA,VALLE TOLUCA,TENTATIVA DE SUICIDIO,deceso_dudoso,3.0,19.26138,-99.66847,COORDENADA
TOL26072400743,2026-07-24,04:44:00,4,nocturna (22-06),NAUCALPAN,METROPOLITANA,VIOLENCIA CONTRA LAS MUJERES,violencia_genero,2.0,19.45333,-99.24257,COORDENADA
TOL26072400756,2026-07-24,04:53:00,4,nocturna (22-06),NAUCALPAN,METROPOLITANA,PERSONA NO LOCALIZADA O DESAPARECIDA,desaparicion,3.0,19.49228,-99.24765,COORDENADA
TOL26072400781,2026-07-24,05:19:00,5,nocturna (22-06),METEPEC,VALLE TOLUCA,ROBO A TRANSEUNTE CON VIOLENCIA,robo_violento,2.0,19.271145,-99.591685,COORDENADA
TOL26072400792,2026-07-24,05:26:00,5,nocturna (22-06),JILOTEPEC,ATLACOMULCO,PERSONA AGRESIVA,rina,1.5,19.95988,-99.528228,COORDENADA
TOL26072400794,2026-07-24,05:28:00,5,nocturna (22-06),NAUCALPAN,METROPOLITANA,PERSONA AGRESIVA,rina,1.5,19.50987,-99.240175,COORDENADA
TOL26072400821,2026-07-24,05:42:00,5,nocturna (22-06),TOLUCA,VALLE TOLUCA,VIOLENCIA CONTRA LAS MUJERES,violencia_genero,2.0,19.344595,-99.64724,COORDENADA
TOL26072400838,2026-07-24,05:53:00,5,nocturna (22-06),NAUCALPAN,METROPOLITANA,PERSONA AGRESIVA,rina,1.5,19.45516,-99.24725,COORDENADA
TOL26072400920,2026-07-24,06:33:00,6,matutina (06-14),ZINACANTEPEC,VALLE TOLUCA,VIOLENCIA DE PAREJA,violencia_genero,2.0,19.24273,-99.7621,COORDENADA
TOL26072400924,2026-07-24,06:35:00,6,matutina (06-14),NAUCALPAN,METROPOLITANA,PERSONA TIRADA EN LA VIA PUBLICA CON HUELLAS DE VIOLENCIA,letal,5.0,19.46579,-99.23333,COORDENADA
TOL26072400973,2026-07-24,06:51:00,6,matutina (06-14),TOLUCA,VALLE TOLUCA,PERSONA NO LOCALIZADA O DESAPARECIDA,desaparicion,3.0,19.32345,-99.62646,COORDENADA
TOL26072401013,2026-07-24,07:08:00,7,matutina (06-14),TENANCINGO,IXTAPAN,ALTERACION DEL ORDEN PUBLICO POR PERSONA ALCOHOLIZADA,rina,1.5,18.956064,-99.584413,COORDENADA
TOL26072401224,2026-07-24,08:14:00,8,matutina (06-14),HUIXQUILUCAN,METROPOLITANA,VIOLENCIA CONTRA LAS MUJERES,violencia_genero,2.0,19.382886,-99.304135,COORDENADA
TOL26072401245,2026-07-24,08:18:00,8,matutina (06-14),IXTLAHUACA,ATLACOMULCO,VIOLENCIA CONTRA LAS MUJERES,violencia_genero,2.0,19.706203,-99.876165,COORDENADA
TOL26072401253,2026-07-24,08:20:00,8,matutina (06-14),TOLUCA,VALLE TOLUCA,VIOLENCIA CONTRA LAS MUJERES,violencia_genero,2.0,19.28475,-99.66256,COORDENADA
TOL26072401273,2026-07-24,08:24:00,8,matutina (06-14),TOLUCA,VALLE TOLUCA,PERSONA AGRESIVA,rina,1.5,19.309993,-99.56148,COORDENADA
TOL26072401325,2026-07-24,08:34:00,8,matutina (06-14),TOLUCA,VALLE TOLUCA,VIOLENCIA FAMILIAR,violencia_genero,2.0,19.306679,-99.626011,COORDENADA
TOL26072401336,2026-07-24,08:36:00,8,matutina (06-14),ATLACOMULCO,ATLACOMULCO,ROBO DE VEHICULO PARTICULAR CON VIOLENCIA,robo_violento,2.0,,,ALTA
TOL26072401515,2026-07-24,09:07:00,9,matutina (06-14),ALMOLOYA,VALLE TOLUCA,DETONACION POR ARMA DE FUEGO,arma_fuego,4.0,,,ALTA
TOL26072401559,2026-07-24,09:15:00,9,matutina (06-14),TOLUCA,VALLE TOLUCA,ROBO A NEGOCIO CON VIOLENCIA,robo_violento,2.0,19.3246,-99.65667,COORDENADA
TOL26072401617,2026-07-24,09:26:00,9,matutina (06-14),TOLUCA,VALLE TOLUCA,ALTERACION DEL ORDEN PUBLICO POR PERSONA DROGADA,rina,1.5,19.26898,-99.67605,COORDENADA
TOL26072401683,2026-07-24,09:38:00,9,matutina (06-14),VILLA DEL CARBON,ATLACOMULCO,DETONACION POR ARMA DE FUEGO,arma_fuego,4.0,19.729099,-99.464788,COORDENADA
TOL26072401686,2026-07-24,09:39:00,9,matutina (06-14),NAUCALPAN,METROPOLITANA,VIOLENCIA FAMILIAR,violencia_genero,2.0,19.44768,-99.24638,COORDENADA
TOL26072401709,2026-07-24,09:43:00,9,matutina (06-14),TENANCINGO,IXTAPAN,PERSONA AGRESIVA,rina,1.5,19.012611,-99.539265,COORDENADA
TOL26072401805,2026-07-24,10:02:00,10,matutina (06-14),IXTLAHUACA,ATLACOMULCO,PORTACION DE ARMA BLANCA,arma_blanca,2.0,19.703303,-99.879638,COORDENADA
TOL26072401913,2026-07-24,10:16:00,10,matutina (06-14),TOLUCA,VALLE TOLUCA,PERSONA AGRESIVA,rina,1.5,19.30165,-99.63704,COORDENADA
TOL26072402085,2026-07-24,10:40:00,10,matutina (06-14),JIQUIPILCO,ATLACOMULCO,VIOLENCIA FAMILIAR,violencia_genero,2.0,19.568181,-99.689244,COORDENADA
TOL26072402104,2026-07-24,10:43:00,10,matutina (06-14),NAUCALPAN,METROPOLITANA,VIOLENCIA CONTRA LAS MUJERES,violencia_genero,2.0,19.45829,-99.24799,COORDENADA
TOL26072402109,2026-07-24,10:44:00,10,matutina (06-14),TOLUCA,VALLE TOLUCA,PERSONA AGRESIVA,rina,1.5,19.27872,-99.660655,COORDENADA
TOL26072402152,2026-07-24,10:51:00,10,matutina (06-14),ZINACANTEPEC,VALLE TOLUCA,PERSONA AGRESIVA,rina,1.5,19.29807,-99.752945,COORDENADA
TOL26072402155,2026-07-24,10:51:00,10,matutina (06-14),NAUCALPAN,METROPOLITANA,VIOLENCIA CONTRA LAS MUJERES,violencia_genero,2.0,19.45829,-99.24799,COORDENADA
TOL26072402198,2026-07-24,10:55:00,10,matutina (06-14),NAUCALPAN,METROPOLITANA,VIOLENCIA DE PAREJA,violencia_genero,2.0,19.45829,-99.24799,COORDENADA
TOL26072402270,2026-07-24,11:07:00,11,matutina (06-14),ZINACANTEPEC,VALLE TOLUCA,PERSONA AGRESIVA,rina,1.5,19.34476,-99.613025,COORDENADA
TOL26072402422,2026-07-24,11:24:00,11,matutina (06-14),ZINACANTEPEC,VALLE TOLUCA,RIÑA,rina,1.5,19.257955,-99.76416,COORDENADA
TOL26072402479,2026-07-24,11:29:00,11,matutina (06-14),DONATO GUERRA,VALLE DE BRAVO,PORTACION DE ARMAS DE FUEGO O CARTUCHOS,arma_fuego,3.0,19.299823,-100.075027,COORDENADA
TOL26072402509,2026-07-24,11:32:00,11,matutina (06-14),ZINACANTEPEC,VALLE TOLUCA,PERSONA AGRESIVA,rina,1.5,19.28666,-99.70422,COORDENADA
TOL26072402602,2026-07-24,11:42:00,11,matutina (06-14),TENANGO DEL VALLE,IXTAPAN,VIOLENCIA FAMILIAR,violencia_genero,2.0,19.069497,-99.613597,COORDENADA
TOL26072402742,2026-07-24,12:03:00,12,matutina (06-14),TOLUCA,VALLE TOLUCA,RIÑA,rina,1.5,19.30996,-99.624065,COORDENADA
TOL26072402766,2026-07-24,12:04:00,12,matutina (06-14),TOLUCA,VALLE TOLUCA,PERSONA AGRESIVA,rina,1.5,19.292223,-99.653,COORDENADA
TOL26072402780,2026-07-24,12:05:00,12,matutina (06-14),LERMA,SIN CATALOGAR,VIOLENCIA FAMILIAR,violencia_genero,2.0,19.3012,-99.52461,COORDENADA
TOL26072402816,2026-07-24,12:10:00,12,matutina (06-14),TENANGO DEL VALLE,IXTAPAN,PORTACION DE ARMA BLANCA,arma_blanca,2.0,19.0703,-99.613587,COORDENADA
TOL26072402889,2026-07-24,12:18:00,12,matutina (06-14),JIQUIPILCO,ATLACOMULCO,VIOLENCIA FAMILIAR,violencia_genero,2.0,19.616857,-99.667666,COORDENADA
TOL26072402893,2026-07-24,12:18:00,12,matutina (06-14),TOLUCA,VALLE TOLUCA,ALTERACION DEL ORDEN PUBLICO POR PERSONA ALCOHOLIZADA,rina,1.5,19.264995,-99.65297,COORDENADA
TOL26072402922,2026-07-24,12:21:00,12,matutina (06-14),TENANGO DEL VALLE,IXTAPAN,PERSONA AGRESIVA,rina,1.5,19.107535,-99.583614,COORDENADA
TOL26072402950,2026-07-24,12:24:00,12,matutina (06-14),TENANGO DEL VALLE,IXTAPAN,PERSONA TIRADA EN VIA PUBLICA,deceso_dudoso,3.0,19.099634,-99.591379,COORDENADA
TOL26072403089,2026-07-24,12:39:00,12,matutina (06-14),ALMOLOYA,VALLE TOLUCA,PORTACION DE ARMAS DE FUEGO O CARTUCHOS,arma_fuego,3.0,19.475403,-99.866936,COORDENADA
TOL26072403119,2026-07-24,12:43:00,12,matutina (06-14),LERMA,SIN CATALOGAR,PERSONA AGRESIVA,rina,1.5,19.282225,-99.51317,COORDENADA
TOL26072403332,2026-07-24,13:05:00,13,matutina (06-14),XONACATLAN,SIN CATALOGAR,PERSONA AGRESIVA,rina,1.5,19.27258,-99.65647,COORDENADA
TOL26072403462,2026-07-24,13:20:00,13,matutina (06-14),ZINACANTEPEC,VALLE TOLUCA,ROBO DE MOTOCICLETA CON VIOLENCIA,robo_violento,2.0,19.257955,-99.76416,COORDENADA
TOL26072403508,2026-07-24,13:25:00,13,matutina (06-14),TENANCINGO,IXTAPAN,VIOLENCIA CONTRA LAS MUJERES,violencia_genero,2.0,18.960344,-99.58957,COORDENADA
TOL26072403552,2026-07-24,13:29:00,13,matutina (06-14),ALMOLOYA,VALLE TOLUCA,PERSONA AGRESIVA,rina,1.5,19.294713,-99.769683,COORDENADA
TOL26072403553,2026-07-24,13:29:00,13,matutina (06-14),NAUCALPAN,METROPOLITANA,PERSONA AGRESIVA,rina,1.5,19.43997,-99.26717,COORDENADA
TOL26072403574,2026-07-24,13:31:00,13,matutina (06-14),ZINACANTEPEC,VALLE TOLUCA,ROBO A TRANSEUNTE CON VIOLENCIA,robo_violento,2.0,19.257955,-99.76416,COORDENADA
TOL26072403650,2026-07-24,13:40:00,13,matutina (06-14),SAN MATEO ATENCO,VALLE TOLUCA,PERSONA AGRESIVA,rina,1.5,19.273245,-99.539475,COORDENADA
TOL26072403668,2026-07-24,13:43:00,13,matutina (06-14),ATLACOMULCO,ATLACOMULCO,PERSONA TIRADA EN VIA PUBLICA,deceso_dudoso,3.0,19.80357,-99.87053,COORDENADA
TOL26072403719,2026-07-24,13:51:00,13,matutina (06-14),HUIXQUILUCAN,METROPOLITANA,PERSONA AGRESIVA,rina,1.5,19.35111,-99.33211,COORDENADA
TOL26072403784,2026-07-24,13:58:00,13,matutina (06-14),NAUCALPAN,METROPOLITANA,PERSONA AGRESIVA,rina,1.5,19.447395,-99.253865,COORDENADA
TOL26072403845,2026-07-24,14:06:00,14,vespertina (14-22),TOLUCA,VALLE TOLUCA,ALTERACION DEL ORDEN PUBLICO POR PERSONA ALCOHOLIZADA,rina,1.5,19.23127,-99.670315,COORDENADA
TOL26072403940,2026-07-24,14:15:00,14,vespertina (14-22),METEPEC,VALLE TOLUCA,VIOLENCIA CONTRA LAS MUJERES,violencia_genero,2.0,19.259465,-99.62887,COORDENADA
TOL26072403981,2026-07-24,14:19:00,14,vespertina (14-22),METEPEC,VALLE TOLUCA,PERSONA TIRADA EN VIA PUBLICA,deceso_dudoso,3.0,19.240725,-99.60259,COORDENADA
TOL26072404011,2026-07-24,14:22:00,14,vespertina (14-22),TENANGO DEL VALLE,IXTAPAN,VIOLENCIA CONTRA LAS MUJERES,violencia_genero,2.0,19.070041,-99.606703,COORDENADA
TOL26072404018,2026-07-24,14:23:00,14,vespertina (14-22),TOLUCA,VALLE TOLUCA,VIOLENCIA FAMILIAR,violencia_genero,2.0,19.31443,-99.59583,COORDENADA
TOL26072404066,2026-07-24,14:28:00,14,vespertina (14-22),ZINACANTEPEC,VALLE TOLUCA,PERSONA AGRESIVA,rina,1.5,19.272549,-99.83431,COORDENADA
TOL26072404078,2026-07-24,14:29:00,14,vespertina (14-22),IXTLAHUACA,ATLACOMULCO,PERSONA AGRESIVA,rina,1.5,19.514776,-99.759829,COORDENADA
TOL26072404110,2026-07-24,14:33:00,14,vespertina (14-22),IXTLAHUACA,ATLACOMULCO,PERSONA AGRESIVA,rina,1.5,19.514776,-99.759829,COORDENADA
TOL26072404180,2026-07-24,14:40:00,14,vespertina (14-22),TOLUCA,VALLE TOLUCA,PERSONA AGRESIVA,rina,1.5,19.31298,-99.62384,COORDENADA
TOL26072404239,2026-07-24,14:45:00,14,vespertina (14-22),TOLUCA,VALLE TOLUCA,PERSONA AGRESIVA,rina,1.5,19.28823,-99.65564,COORDENADA
TOL26072404274,2026-07-24,14:48:00,14,vespertina (14-22),HUIXQUILUCAN,METROPOLITANA,VIOLENCIA CONTRA LAS MUJERES,violencia_genero,2.0,19.39953,-99.31192,COORDENADA
TOL26072404298,2026-07-24,14:51:00,14,vespertina (14-22),LERMA,SIN CATALOGAR,PERSONA AGRESIVA,rina,1.5,19.399013,-99.449986,COORDENADA
TOL26072404300,2026-07-24,14:51:00,14,vespertina (14-22),OCOYOACAC,VALLE TOLUCA,ALTERACION DEL ORDEN PUBLICO POR PERSONA DROGADA,rina,1.5,19.456681,-100.164614,COORDENADA
TOL26072404347,2026-07-24,14:56:00,14,vespertina (14-22),OTZOLOTEPEC,VALLE TOLUCA,PERSONA TIRADA EN VIA PUBLICA,deceso_dudoso,3.0,19.420167,-99.575163,COORDENADA
ECA26072400746,2026-07-24,03:06:00,3,nocturna (22-06),TULTEPEC,ECATEPEC,PERSONA AGRESIVA,rina,1.5,19.66071,-99.1086,COORDENADA
ECA26072400748,2026-07-24,03:07:00,3,nocturna (22-06),CHIMALHUACAN,ORIENTE,PERSONA AGRESIVA,rina,1.5,19.437185,-98.92834,COORDENADA
ECA26072400771,2026-07-24,03:14:00,3,nocturna (22-06),ECATEPEC,ECATEPEC,RIÑA,rina,1.5,19.59782,-99.00203,COORDENADA
ECA26072400773,2026-07-24,03:14:00,3,nocturna (22-06),ECATEPEC,ECATEPEC,RIÑA,rina,1.5,19.59782,-99.00203,COORDENADA
ECA26072400779,2026-07-24,03:15:00,3,nocturna (22-06),ECATEPEC,ECATEPEC,ROBO A TRANSEUNTE CON VIOLENCIA,robo_violento,2.0,19.59782,-99.00203,COORDENADA
ECA26072400790,2026-07-24,03:18:00,3,nocturna (22-06),CHIMALHUACAN,ORIENTE,ALTERACION DEL ORDEN PUBLICO POR PERSONA ALCOHOLIZADA,rina,1.5,19.41139,-98.98131,COORDENADA
ECA26072400794,2026-07-24,03:18:00,3,nocturna (22-06),ECATEPEC,ECATEPEC,RIÑA,rina,1.5,19.60127,-99.00122,COORDENADA
ECA26072400795,2026-07-24,03:18:00,3,nocturna (22-06),ECATEPEC,ECATEPEC,RIÑA,rina,1.5,19.59782,-99.00203,COORDENADA
ECA26072400808,2026-07-24,03:22:00,3,nocturna (22-06),CUAUTITLAN IZCALLI,METROPOLITANA,PERSONA AGRESIVA,rina,1.5,19.65523,-99.21083,COORDENADA
ECA26072400809,2026-07-24,03:22:00,3,nocturna (22-06),TEOTIHUACAN,ORIENTE,SUICIDIO,deceso_dudoso,3.0,19.68836,-98.86631,COORDENADA
ECA26072400815,2026-07-24,03:24:00,3,nocturna (22-06),ACOLMAN,ECATEPEC,VIOLENCIA CONTRA LAS MUJERES,violencia_genero,2.0,19.594795,-98.98841,COORDENADA
ECA26072400824,2026-07-24,03:27:00,3,nocturna (22-06),NICOLAS ROMERO,METROPOLITANA,VIOLENCIA DE PAREJA,violencia_genero,2.0,19.64135,-99.315715,COORDENADA
ECA26072400828,2026-07-24,03:28:00,3,nocturna (22-06),ZUMPANGO,ECATEPEC,PERSONA AGRESIVA,rina,1.5,,,ALTA
ECA26072400841,2026-07-24,03:33:00,3,nocturna (22-06),CUAUTITLAN IZCALLI,METROPOLITANA,VIOLENCIA CONTRA LAS MUJERES,violencia_genero,2.0,19.65523,-99.21083,COORDENADA
ECA26072400844,2026-07-24,03:34:00,3,nocturna (22-06),VALLE DE CHALCO,CHALCO,VIOLENCIA CONTRA LAS MUJERES,violencia_genero,2.0,19.28024,-98.94633,COORDENADA
ECA26072400863,2026-07-24,03:39:00,3,nocturna (22-06),NEZAHUALCOYOTL,ORIENTE,VIOLENCIA DE PAREJA,violencia_genero,2.0,19.37453,-98.97779,COORDENADA
ECA26072400882,2026-07-24,03:44:00,3,nocturna (22-06),NEZAHUALCOYOTL,ORIENTE,VIOLENCIA DE PAREJA,violencia_genero,2.0,19.40986,-99.05503,COORDENADA
ECA26072400902,2026-07-24,03:50:00,3,nocturna (22-06),VALLE DE CHALCO,CHALCO,ALTERACION DEL ORDEN PUBLICO POR PERSONA ALCOHOLIZADA,rina,1.5,19.274675,-98.92894,COORDENADA
ECA26072400908,2026-07-24,03:52:00,3,nocturna (22-06),TULTITLAN,METROPOLITANA,DETONACION POR ARMA DE FUEGO,arma_fuego,4.0,19.58904,-99.176345,COORDENADA
ECA26072400912,2026-07-24,03:53:00,3,nocturna (22-06),TLALNEPANTLA,METROPOLITANA,RIÑA,rina,1.5,19.538645,-99.191029,COORDENADA
ECA26072400944,2026-07-24,03:59:00,3,nocturna (22-06),HUIXQUILUCAN,METROPOLITANA,PERSONA AGRESIVA,rina,1.5,19.39206,-99.288025,COORDENADA
ECA26072400952,2026-07-24,04:01:00,4,nocturna (22-06),LA PAZ,ORIENTE,VIOLENCIA CONTRA LAS MUJERES,violencia_genero,2.0,19.36582,-98.94355,COORDENADA
ECA26072400969,2026-07-24,04:08:00,4,nocturna (22-06),MELCHOR OCAMPO,SIN CATALOGAR,PERSONA AGRESIVA,rina,1.5,19.72658,-99.1559,COORDENADA
ECA26072400978,2026-07-24,04:12:00,4,nocturna (22-06),ECATEPEC,ECATEPEC,PERSONA AGRESIVA,rina,1.5,19.498135,-99.0408,COORDENADA
ECA26072401019,2026-07-24,04:23:00,4,nocturna (22-06),NEZAHUALCOYOTL,ORIENTE,PERSONA AGRESIVA,rina,1.5,19.46356,-99.0422,COORDENADA
ECA26072401020,2026-07-24,04:24:00,4,nocturna (22-06),NEZAHUALCOYOTL,ORIENTE,DETONACION POR ARMA DE FUEGO,arma_fuego,4.0,19.458085,-99.049295,COORDENADA
ECA26072401031,2026-07-24,04:28:00,4,nocturna (22-06),NEZAHUALCOYOTL,ORIENTE,VIOLENCIA CONTRA LAS MUJERES,violencia_genero,2.0,19.4679,-99.03939,COORDENADA
ECA26072401032,2026-07-24,04:28:00,4,nocturna (22-06),IXTAPALUCA,CHALCO,ROBO A TRANSEUNTE CON VIOLENCIA,robo_violento,2.0,19.29926,-98.89874,COORDENADA
ECA26072401036,2026-07-24,04:30:00,4,nocturna (22-06),CHALCO,CHALCO,ROBO A TRANSPORTISTA O VEHICULO COMERCIAL CON VIOLENCIA,robo_violento,2.0,19.257545,-98.816155,COORDENADA
ECA26072401059,2026-07-24,04:37:00,4,nocturna (22-06),TEXCOCO,ORIENTE,PERSONA AGRESIVA,rina,1.5,19.536485,-98.856105,COORDENADA
ECA26072401064,2026-07-24,04:39:00,4,nocturna (22-06),COACALCO DE BERRIOZABAL,ECATEPEC,DETONACION POR ARMA DE FUEGO,arma_fuego,4.0,19.61814,-99.10035,COORDENADA
ECA26072401067,2026-07-24,04:40:00,4,nocturna (22-06),LA PAZ,ORIENTE,PORTACION DE ARMAS DE FUEGO O CARTUCHOS,arma_fuego,3.0,19.36812,-98.93314,COORDENADA
ECA26072401074,2026-07-24,04:43:00,4,nocturna (22-06),TLALNEPANTLA,METROPOLITANA,VIOLENCIA CONTRA LAS MUJERES,violencia_genero,2.0,19.537615,-99.11883,COORDENADA
ECA26072401092,2026-07-24,04:50:00,4,nocturna (22-06),VALLE DE CHALCO,CHALCO,RIÑA,rina,1.5,19.289905,-98.92147,COORDENADA
ECA26072401096,2026-07-24,04:52:00,4,nocturna (22-06),NEZAHUALCOYOTL,ORIENTE,PERSONA AGRESIVA,rina,1.5,19.420065,-99.048295,COORDENADA
ECA26072401106,2026-07-24,04:54:00,4,nocturna (22-06),NEZAHUALCOYOTL,ORIENTE,PERSONA AGRESIVA,rina,1.5,19.41272,-99.04535,COORDENADA
ECA26072401124,2026-07-24,04:59:00,4,nocturna (22-06),ECATEPEC,ECATEPEC,PERSONA AGRESIVA,rina,1.5,19.53221,-99.03247,COORDENADA
ECA26072401145,2026-07-24,05:07:00,5,nocturna (22-06),TECAMAC,ECATEPEC,VIOLENCIA FAMILIAR,violencia_genero,2.0,19.63415,-99.04761,COORDENADA
ECA26072401186,2026-07-24,05:22:00,5,nocturna (22-06),TLALNEPANTLA,METROPOLITANA,VIOLENCIA DE PAREJA,violencia_genero,2.0,19.537615,-99.11883,COORDENADA
ECA26072401194,2026-07-24,05:25:00,5,nocturna (22-06),ZUMPANGO,ECATEPEC,VIOLENCIA CONTRA LAS MUJERES,violencia_genero,2.0,19.800565,-99.105165,COORDENADA
ECA26072401219,2026-07-24,05:33:00,5,nocturna (22-06),TEMASCALAPA,SIN CATALOGAR,PERSONA AGRESIVA,rina,1.5,19.803409,-98.854095,COORDENADA
ECA26072401229,2026-07-24,05:36:00,5,nocturna (22-06),COACALCO DE BERRIOZABAL,ECATEPEC,VIOLENCIA CONTRA LAS MUJERES,violencia_genero,2.0,19.61804,-99.085015,COORDENADA
ECA26072401259,2026-07-24,05:45:00,5,nocturna (22-06),ATIZAPAN,METROPOLITANA,PERSONA AGRESIVA,rina,1.5,19.537825,-99.247835,COORDENADA
ECA26072401263,2026-07-24,05:47:00,5,nocturna (22-06),TEMASCALAPA,SIN CATALOGAR,PERSONA AGRESIVA,rina,1.5,19.804765,-98.855146,COORDENADA
ECA26072401265,2026-07-24,05:48:00,5,nocturna (22-06),IXTAPALUCA,CHALCO,PERSONA NO LOCALIZADA O DESAPARECIDA,desaparicion,3.0,,,ALTA
ECA26072401300,2026-07-24,06:02:00,6,matutina (06-14),TEXCOCO,ORIENTE,DETONACION POR ARMA DE FUEGO,arma_fuego,4.0,19.50125,-98.896835,COORDENADA
ECA26072401341,2026-07-24,06:16:00,6,matutina (06-14),LA PAZ,ORIENTE,ROBO A TRANSEUNTE CON VIOLENCIA,robo_violento,2.0,19.37874,-98.94365,COORDENADA
ECA26072401355,2026-07-24,06:22:00,6,matutina (06-14),ECATEPEC,ECATEPEC,ROBO DE VEHICULO PARTICULAR CON VIOLENCIA,robo_violento,2.0,19.51262,-99.08702,COORDENADA
ECA26072401449,2026-07-24,06:52:00,6,matutina (06-14),LA PAZ,ORIENTE,PERSONA AGRESIVA,rina,1.5,19.367225,-98.9427,COORDENADA
ECA26072401478,2026-07-24,07:00:00,7,matutina (06-14),ECATEPEC,ECATEPEC,ROBO DE MOTOCICLETA CON VIOLENCIA,robo_violento,2.0,19.52778,-99.02602,COORDENADA
ECA26072401495,2026-07-24,07:06:00,7,matutina (06-14),ECATEPEC,ECATEPEC,PERSONA AGRESIVA,rina,1.5,19.55733,-99.06133,COORDENADA
ECA26072401515,2026-07-24,07:10:00,7,matutina (06-14),NEZAHUALCOYOTL,ORIENTE,VIOLENCIA DE PAREJA,violencia_genero,2.0,19.399325,-99.022895,COORDENADA
ECA26072401573,2026-07-24,07:26:00,7,matutina (06-14),TEOLOYUCAN,SIN CATALOGAR,PORTACION DE ARMAS DE FUEGO O CARTUCHOS,arma_fuego,3.0,19.769765,-99.227425,COORDENADA
ECA26072401777,2026-07-24,08:18:00,8,matutina (06-14),ECATEPEC,ECATEPEC,PERSONA AGRESIVA,rina,1.5,19.63391,-98.994755,COORDENADA
ECA26072401795,2026-07-24,08:22:00,8,matutina (06-14),CUAUTITLAN,METROPOLITANA,PERSONA AGRESIVA,rina,1.5,19.66115,-99.164,COORDENADA
ECA26072401808,2026-07-24,08:26:00,8,matutina (06-14),COACALCO DE BERRIOZABAL,ECATEPEC,VIOLENCIA CONTRA LAS MUJERES,violencia_genero,2.0,19.64714,-99.11744,COORDENADA
ECA26072401824,2026-07-24,08:30:00,8,matutina (06-14),TULTITLAN,METROPOLITANA,VIOLENCIA CONTRA LAS MUJERES,violencia_genero,2.0,19.665215,-99.094465,COORDENADA
ECA26072401839,2026-07-24,08:33:00,8,matutina (06-14),CHICOLOAPAN,SIN CATALOGAR,ALTERACION DEL ORDEN PUBLICO POR PERSONA DROGADA,rina,1.5,19.40278,-98.92976,COORDENADA
ECA26072401856,2026-07-24,08:35:00,8,matutina (06-14),ECATEPEC,ECATEPEC,RIÑA,rina,1.5,19.59782,-99.00203,COORDENADA
ECA26072401881,2026-07-24,08:37:00,8,matutina (06-14),ECATEPEC,ECATEPEC,PERSONA AGRESIVA,rina,1.5,19.61048,-99.05533,COORDENADA
ECA26072401894,2026-07-24,08:39:00,8,matutina (06-14),TLALNEPANTLA,METROPOLITANA,PERSONA AGRESIVA,rina,1.5,19.51166,-99.21322,COORDENADA
ECA26072401937,2026-07-24,08:47:00,8,matutina (06-14),IXTAPALUCA,CHALCO,ROBO DE VEHICULO PARTICULAR CON VIOLENCIA,robo_violento,2.0,19.298431,-98.880984,COORDENADA
ECA26072401944,2026-07-24,08:47:00,8,matutina (06-14),CHIMALHUACAN,ORIENTE,VIOLENCIA FAMILIAR,violencia_genero,2.0,19.4435,-98.93269,COORDENADA
ECA26072401960,2026-07-24,08:50:00,8,matutina (06-14),CHALCO,CHALCO,PERSONA TIRADA EN LA VIA PUBLICA CON HUELLAS DE VIOLENCIA,letal,5.0,19.25827,-98.89691,COORDENADA
ECA26072402061,2026-07-24,09:06:00,9,matutina (06-14),ECATEPEC,ECATEPEC,PERSONA AGRESIVA,rina,1.5,19.51261,-99.026315,COORDENADA
ECA26072402109,2026-07-24,09:14:00,9,matutina (06-14),CHIMALHUACAN,ORIENTE,PERSONA AGRESIVA,rina,1.5,19.3928,-98.94584,COORDENADA
ECA26072402114,2026-07-24,09:14:00,9,matutina (06-14),CHIMALHUACAN,ORIENTE,PERSONA AGRESIVA,rina,1.5,19.44344,-98.93187,COORDENADA
ECA26072402135,2026-07-24,09:16:00,9,matutina (06-14),CHIMALHUACAN,ORIENTE,PERSONA AGRESIVA,rina,1.5,19.4435,-98.93269,COORDENADA
ECA26072402158,2026-07-24,09:19:00,9,matutina (06-14),TLALNEPANTLA,METROPOLITANA,ALTERACION DEL ORDEN PUBLICO POR PERSONA DROGADA,rina,1.5,19.54726,-99.19161,COORDENADA
ECA26072402166,2026-07-24,09:20:00,9,matutina (06-14),COACALCO DE BERRIOZABAL,ECATEPEC,PERSONA LESIONADA POR ARMA BLANCA,arma_blanca,3.0,19.646,-99.12106,COORDENADA
ECA26072402174,2026-07-24,09:20:00,9,matutina (06-14),ECATEPEC,ECATEPEC,PERSONA AGRESIVA,rina,1.5,19.525845,-99.05755,COORDENADA
ECA26072402199,2026-07-24,09:23:00,9,matutina (06-14),COACALCO DE BERRIOZABAL,ECATEPEC,PERSONA LESIONADA POR ARMA BLANCA,arma_blanca,3.0,19.64655,-99.12253,COORDENADA
ECA26072402201,2026-07-24,09:23:00,9,matutina (06-14),TEOLOYUCAN,SIN CATALOGAR,PERSONA AGRESIVA,rina,1.5,19.74487,-99.18102,COORDENADA
ECA26072402209,2026-07-24,09:24:00,9,matutina (06-14),IXTAPALUCA,CHALCO,VIOLENCIA CONTRA LAS MUJERES,violencia_genero,2.0,,,MEDIA
ECA26072402212,2026-07-24,09:25:00,9,matutina (06-14),IXTAPALUCA,CHALCO,ROBO A TRANSPORTISTA O VEHICULO COMERCIAL CON VIOLENCIA,robo_violento,2.0,19.30621,-98.83849,COORDENADA
ECA26072402219,2026-07-24,09:25:00,9,matutina (06-14),CUAUTITLAN IZCALLI,METROPOLITANA,VIOLENCIA DE PAREJA,violencia_genero,2.0,19.67183,-99.221635,COORDENADA
ECA26072402287,2026-07-24,09:33:00,9,matutina (06-14),CHIMALHUACAN,ORIENTE,VIOLENCIA FAMILIAR,violencia_genero,2.0,19.3928,-98.94584,COORDENADA
ECA26072402315,2026-07-24,09:36:00,9,matutina (06-14),CHICOLOAPAN,SIN CATALOGAR,PERSONA AGRESIVA,rina,1.5,19.405435,-98.92166,COORDENADA
ECA26072402335,2026-07-24,09:40:00,9,matutina (06-14),CUAUTITLAN IZCALLI,METROPOLITANA,PERSONA AGRESIVA,rina,1.5,19.65523,-99.21083,COORDENADA
ECA26072402342,2026-07-24,09:41:00,9,matutina (06-14),CUAUTITLAN IZCALLI,METROPOLITANA,VIOLENCIA FAMILIAR,violencia_genero,2.0,19.65523,-99.21083,COORDENADA
ECA26072402374,2026-07-24,09:46:00,9,matutina (06-14),CUAUTITLAN,METROPOLITANA,TENTATIVA DE SUICIDIO,deceso_dudoso,3.0,19.677485,-99.182085,COORDENADA
ECA26072402423,2026-07-24,09:53:00,9,matutina (06-14),TULTEPEC,ECATEPEC,ROBO DE MOTOCICLETA CON VIOLENCIA,robo_violento,2.0,19.69705,-99.12714,COORDENADA
ECA26072402430,2026-07-24,09:53:00,9,matutina (06-14),NICOLAS ROMERO,METROPOLITANA,VIOLENCIA CONTRA LAS MUJERES,violencia_genero,2.0,19.611242,-99.3006,COORDENADA
ECA26072402442,2026-07-24,09:54:00,9,matutina (06-14),ECATEPEC,ECATEPEC,RIÑA,rina,1.5,19.622595,-99.01161,COORDENADA
ECA26072402446,2026-07-24,09:55:00,9,matutina (06-14),TULTEPEC,ECATEPEC,PORTACION DE ARMA BLANCA,arma_blanca,2.0,19.661805,-99.12677,COORDENADA
ECA26072402482,2026-07-24,09:58:00,9,matutina (06-14),ECATEPEC,ECATEPEC,PERSONA AGRESIVA,rina,1.5,19.622595,-99.01161,COORDENADA
ECA26072402484,2026-07-24,09:59:00,9,matutina (06-14),TEXCOCO,ORIENTE,PORTACION DE ARMA BLANCA,arma_blanca,2.0,19.522925,-98.81721,COORDENADA
ECA26072402499,2026-07-24,10:01:00,10,matutina (06-14),NICOLAS ROMERO,METROPOLITANA,VIOLENCIA CONTRA LAS MUJERES,violencia_genero,2.0,19.666705,-99.08228,COORDENADA
ECA26072402577,2026-07-24,10:10:00,10,matutina (06-14),HUEHUETOCA,ECATEPEC,VIOLENCIA FAMILIAR,violencia_genero,2.0,19.836579,-99.245888,COORDENADA
ECA26072402609,2026-07-24,10:13:00,10,matutina (06-14),TLALNEPANTLA,METROPOLITANA,HOMICIDIO,letal,10.0,19.51406,-99.09499,COORDENADA
ECA26072402674,2026-07-24,10:19:00,10,matutina (06-14),ATIZAPAN,METROPOLITANA,VIOLENCIA CONTRA LAS MUJERES,violencia_genero,2.0,19.55161,-99.26714,COORDENADA
ECA26072402704,2026-07-24,10:22:00,10,matutina (06-14),ATIZAPAN,METROPOLITANA,VIOLENCIA CONTRA LAS MUJERES,violencia_genero,2.0,19.55161,-99.26714,COORDENADA
ECA26072402717,2026-07-24,10:23:00,10,matutina (06-14),ATIZAPAN,METROPOLITANA,PERSONA AGRESIVA,rina,1.5,19.55823,-99.274545,COORDENADA
ECA26072402727,2026-07-24,10:25:00,10,matutina (06-14),ATIZAPAN,METROPOLITANA,VIOLENCIA CONTRA LAS MUJERES,violencia_genero,2.0,19.55357,-99.26894,COORDENADA
ECA26072402729,2026-07-24,10:26:00,10,matutina (06-14),TECAMAC,ECATEPEC,PERSONA AGRESIVA,rina,1.5,19.66246,-99.007745,COORDENADA
ECA26072402745,2026-07-24,10:27:00,10,matutina (06-14),ECATEPEC,ECATEPEC,PERSONA AGRESIVA,rina,1.5,19.538155,-99.027475,COORDENADA
ECA26072402757,2026-07-24,10:29:00,10,matutina (06-14),NICOLAS ROMERO,METROPOLITANA,PERSONA LESIONADA POR PROYECTIL DE ARMA DE FUEGO,arma_fuego,6.0,19.62787,-99.41595,COORDENADA
ECA26072402856,2026-07-24,10:41:00,10,matutina (06-14),ECATEPEC,ECATEPEC,RIÑA,rina,1.5,19.62377,-99.00948,COORDENADA
ECA26072402864,2026-07-24,10:42:00,10,matutina (06-14),TULTITLAN,METROPOLITANA,PERSONA AGRESIVA,rina,1.5,19.62132,-99.175595,COORDENADA
ECA26072402906,2026-07-24,10:46:00,10,matutina (06-14),CHALCO,CHALCO,ROBO DE VEHICULO PARTICULAR CON VIOLENCIA,robo_violento,2.0,19.29356,-98.86672,COORDENADA
ECA26072402947,2026-07-24,10:50:00,10,matutina (06-14),TLALNEPANTLA,METROPOLITANA,ROBO A CASA HABITACION CON VIOLENCIA,robo_violento,2.0,19.515415,-99.22627,COORDENADA
ECA26072402985,2026-07-24,10:55:00,10,matutina (06-14),NEZAHUALCOYOTL,ORIENTE,PERSONA AGRESIVA,rina,1.5,19.474675,-99.058025,COORDENADA
ECA26072403011,2026-07-24,10:58:00,10,matutina (06-14),CUAUTITLAN IZCALLI,METROPOLITANA,PERSONA AGRESIVA,rina,1.5,19.63973,-99.20525,COORDENADA
ECA26072403082,2026-07-24,11:07:00,11,matutina (06-14),CUAUTITLAN IZCALLI,METROPOLITANA,ROBO DE MOTOCICLETA CON VIOLENCIA,robo_violento,2.0,19.65523,-99.21083,COORDENADA
ECA26072403102,2026-07-24,11:09:00,11,matutina (06-14),AMECAMECA,CHALCO,VIOLENCIA FAMILIAR,violencia_genero,2.0,19.124682,-98.775981,COORDENADA
ECA26072403132,2026-07-24,11:12:00,11,matutina (06-14),CHIMALHUACAN,ORIENTE,ROBO DE MOTOCICLETA CON VIOLENCIA,robo_violento,2.0,,,ALTA
ECA26072403168,2026-07-24,11:15:00,11,matutina (06-14),TULTEPEC,ECATEPEC,VIOLENCIA CONTRA LAS MUJERES,violencia_genero,2.0,19.661805,-99.12677,COORDENADA
ECA26072403188,2026-07-24,11:17:00,11,matutina (06-14),CUAUTITLAN,METROPOLITANA,ALTERACION DEL ORDEN PUBLICO POR PERSONA ALCOHOLIZADA,rina,1.5,19.67107,-99.150335,COORDENADA
ECA26072403226,2026-07-24,11:21:00,11,matutina (06-14),NEZAHUALCOYOTL,ORIENTE,ALTERACION DEL ORDEN PUBLICO POR PERSONA ALCOHOLIZADA,rina,1.5,19.432825,-99.039025,COORDENADA
ECA26072403254,2026-07-24,11:24:00,11,matutina (06-14),CHICOLOAPAN,SIN CATALOGAR,VIOLENCIA CONTRA LAS MUJERES,violencia_genero,2.0,19.40723,-98.87609,COORDENADA
ECA26072403257,2026-07-24,11:24:00,11,matutina (06-14),IXTAPALUCA,CHALCO,TENTATIVA DE SUICIDIO,deceso_dudoso,3.0,19.29346,-98.838805,COORDENADA
ECA26072403286,2026-07-24,11:28:00,11,matutina (06-14),ECATEPEC,ECATEPEC,VIOLENCIA CONTRA LAS MUJERES,violencia_genero,2.0,19.522225,-99.055585,COORDENADA
ECA26072403317,2026-07-24,11:31:00,11,matutina (06-14),ZUMPANGO,ECATEPEC,PERSONA AGRESIVA,rina,1.5,19.7779,-99.02046,COORDENADA
ECA26072403445,2026-07-24,11:46:00,11,matutina (06-14),CUAUTITLAN IZCALLI,METROPOLITANA,PERSONA AGRESIVA,rina,1.5,19.68601,-99.185005,COORDENADA
ECA26072403467,2026-07-24,11:48:00,11,matutina (06-14),TEOLOYUCAN,SIN CATALOGAR,ROBO A TRANSEUNTE CON VIOLENCIA,robo_violento,2.0,19.75038,-99.16289,COORDENADA
ECA26072403485,2026-07-24,11:50:00,11,matutina (06-14),LA PAZ,ORIENTE,ROBO DE VEHICULO PARTICULAR CON VIOLENCIA,robo_violento,2.0,19.343765,-98.93711,COORDENADA
ECA26072403515,2026-07-24,11:52:00,11,matutina (06-14),CUAUTITLAN,METROPOLITANA,VIOLENCIA CONTRA LAS MUJERES,violencia_genero,2.0,,,MEDIA
ECA26072403525,2026-07-24,11:54:00,11,matutina (06-14),IXTAPALUCA,CHALCO,VIOLENCIA CONTRA LAS MUJERES,violencia_genero,2.0,19.315565,-98.88837,COORDENADA
ECA26072403532,2026-07-24,11:54:00,11,matutina (06-14),TEXCOCO,ORIENTE,PERSONA AGRESIVA,rina,1.5,19.53693,-98.867055,COORDENADA
ECA26072403538,2026-07-24,11:54:00,11,matutina (06-14),VALLE DE CHALCO,CHALCO,VIOLENCIA CONTRA LAS MUJERES,violencia_genero,2.0,19.26825,-98.958405,COORDENADA
ECA26072403557,2026-07-24,11:56:00,11,matutina (06-14),VALLE DE CHALCO,CHALCO,PERSONA AGRESIVA,rina,1.5,19.26825,-98.958405,COORDENADA
ECA26072403571,2026-07-24,11:57:00,11,matutina (06-14),NEZAHUALCOYOTL,ORIENTE,VIOLENCIA CONTRA LAS MUJERES,violencia_genero,2.0,19.390955,-99.02788,COORDENADA
ECA26072403677,2026-07-24,12:08:00,12,matutina (06-14),ECATEPEC,ECATEPEC,ROBO A NEGOCIO CON VIOLENCIA,robo_violento,2.0,19.50583,-99.05486,COORDENADA
ECA26072403681,2026-07-24,12:09:00,12,matutina (06-14),ECATEPEC,ECATEPEC,ROBO A TRANSEUNTE CON VIOLENCIA,robo_violento,2.0,19.64257,-99.065245,COORDENADA
ECA26072403748,2026-07-24,12:15:00,12,matutina (06-14),ECATEPEC,ECATEPEC,ROBO A NEGOCIO CON VIOLENCIA,robo_violento,2.0,19.52624,-99.050565,COORDENADA
ECA26072403764,2026-07-24,12:17:00,12,matutina (06-14),IXTAPALUCA,CHALCO,PERSONA NO LOCALIZADA O DESAPARECIDA,desaparicion,3.0,,,MEDIA
ECA26072403815,2026-07-24,12:21:00,12,matutina (06-14),TEOLOYUCAN,SIN CATALOGAR,PERSONA AGRESIVA,rina,1.5,19.75827,-99.157745,COORDENADA
ECA26072403819,2026-07-24,12:21:00,12,matutina (06-14),TULTITLAN,METROPOLITANA,VIOLENCIA FAMILIAR,violencia_genero,2.0,19.627769,-99.165415,COORDENADA
ECA26072403836,2026-07-24,12:23:00,12,matutina (06-14),TECAMAC,ECATEPEC,VIOLENCIA CONTRA LAS MUJERES,violencia_genero,2.0,19.657753,-98.976306,COORDENADA
ECA26072403889,2026-07-24,12:28:00,12,matutina (06-14),TULTITLAN,METROPOLITANA,PERSONA AGRESIVA,rina,1.5,19.665215,-99.094465,COORDENADA
ECA26072403969,2026-07-24,12:34:00,12,matutina (06-14),CUAUTITLAN IZCALLI,METROPOLITANA,PERSONA AGRESIVA,rina,1.5,19.683195,-99.214765,COORDENADA
ECA26072404032,2026-07-24,12:41:00,12,matutina (06-14),CHALCO,CHALCO,PERSONA AGRESIVA,rina,1.5,19.24813,-98.84374,COORDENADA
ECA26072404049,2026-07-24,12:43:00,12,matutina (06-14),ATIZAPAN,METROPOLITANA,PERSONA AGRESIVA,rina,1.5,19.60144,-99.26226,COORDENADA
ECA26072404103,2026-07-24,12:50:00,12,matutina (06-14),ECATEPEC,ECATEPEC,PERSONA TIRADA EN VIA PUBLICA,deceso_dudoso,3.0,19.50637,-99.02054,COORDENADA
ECA26072404112,2026-07-24,12:50:00,12,matutina (06-14),COACALCO DE BERRIOZABAL,ECATEPEC,VIOLENCIA CONTRA LAS MUJERES,violencia_genero,2.0,19.632535,-99.083258,COORDENADA
ECA26072404121,2026-07-24,12:51:00,12,matutina (06-14),CHICOLOAPAN,SIN CATALOGAR,PERSONA TIRADA EN VIA PUBLICA,deceso_dudoso,3.0,19.42424,-98.91232,COORDENADA
ECA26072404123,2026-07-24,12:51:00,12,matutina (06-14),TLALNEPANTLA,METROPOLITANA,PORTACION DE ARMA BLANCA,arma_blanca,2.0,19.54193,-99.227625,COORDENADA
ECA26072404147,2026-07-24,12:54:00,12,matutina (06-14),ATIZAPAN,METROPOLITANA,PERSONA AGRESIVA,rina,1.5,19.546055,-99.2355,COORDENADA
ECA26072404148,2026-07-24,12:54:00,12,matutina (06-14),NICOLAS ROMERO,METROPOLITANA,EXTORSION TELEFONICA,alta_incidencia,4.0,19.634665,-99.351225,COORDENADA
ECA26072404158,2026-07-24,12:55:00,12,matutina (06-14),SAN MARTIN DE LAS PIRAMIDES,ORIENTE,TENTATIVA DE SUICIDIO,deceso_dudoso,3.0,19.73378,-98.84887,COORDENADA
ECA26072404163,2026-07-24,12:55:00,12,matutina (06-14),NEZAHUALCOYOTL,ORIENTE,ALTERACION DEL ORDEN PUBLICO POR PERSONA DROGADA,rina,1.5,19.41463,-99.00774,COORDENADA
ECA26072404195,2026-07-24,12:59:00,12,matutina (06-14),TLALNEPANTLA,METROPOLITANA,PERSONA AGRESIVA,rina,1.5,19.54102,-99.18239,COORDENADA
ECA26072404212,2026-07-24,13:01:00,13,matutina (06-14),CHALCO,CHALCO,VIOLENCIA FAMILIAR,violencia_genero,2.0,19.273235,-98.913275,COORDENADA
ECA26072404256,2026-07-24,13:05:00,13,matutina (06-14),CHALCO,CHALCO,PERSONA AGRESIVA,rina,1.5,19.262595,-98.89674,COORDENADA
ECA26072404293,2026-07-24,13:09:00,13,matutina (06-14),ECATEPEC,ECATEPEC,PERSONA AGRESIVA,rina,1.5,19.54237,-99.0643,COORDENADA
ECA26072404305,2026-07-24,13:10:00,13,matutina (06-14),ECATEPEC,ECATEPEC,ROBO A TRANSEUNTE CON VIOLENCIA,robo_violento,2.0,19.64257,-99.065245,COORDENADA
ECA26072404306,2026-07-24,13:10:00,13,matutina (06-14),TLALNEPANTLA,METROPOLITANA,TENTATIVA DE SUICIDIO,deceso_dudoso,3.0,19.53383,-99.21647,COORDENADA
ECA26072404325,2026-07-24,13:11:00,13,matutina (06-14),ECATEPEC,ECATEPEC,PERSONA AGRESIVA,rina,1.5,19.50089,-99.02669,COORDENADA
ECA26072404375,2026-07-24,13:16:00,13,matutina (06-14),TEOTIHUACAN,ORIENTE,VIOLENCIA FAMILIAR,violencia_genero,2.0,19.68484,-98.890135,COORDENADA
ECA26072404376,2026-07-24,13:16:00,13,matutina (06-14),CHIAUTLA,ORIENTE,VIOLENCIA CONTRA LAS MUJERES,violencia_genero,2.0,19.591861,-98.894687,COORDENADA
ECA26072404418,2026-07-24,13:20:00,13,matutina (06-14),IXTAPALUCA,CHALCO,PERSONA LESIONADA POR ARMA BLANCA,arma_blanca,3.0,19.29666,-98.920615,COORDENADA
ECA26072404438,2026-07-24,13:21:00,13,matutina (06-14),IXTAPALUCA,CHALCO,PERSONA LESIONADA POR ARMA BLANCA,arma_blanca,3.0,19.29666,-98.920615,COORDENADA
ECA26072404545,2026-07-24,13:29:00,13,matutina (06-14),CHIMALHUACAN,ORIENTE,PERSONA AGRESIVA,rina,1.5,,,ALTA
ECA26072404548,2026-07-24,13:29:00,13,matutina (06-14),TECAMAC,ECATEPEC,DETONACION POR ARMA DE FUEGO,arma_fuego,4.0,19.64836,-98.99321,COORDENADA
ECA26072404556,2026-07-24,13:29:00,13,matutina (06-14),NICOLAS ROMERO,METROPOLITANA,ALTERACION DEL ORDEN PUBLICO POR PERSONA ALCOHOLIZADA,rina,1.5,19.61482,-99.35239,COORDENADA
ECA26072404596,2026-07-24,13:34:00,13,matutina (06-14),ZUMPANGO,ECATEPEC,VIOLENCIA CONTRA LAS MUJERES,violencia_genero,2.0,19.81283,-99.09642,COORDENADA
ECA26072404639,2026-07-24,13:38:00,13,matutina (06-14),AMECAMECA,CHALCO,PERSONA TIRADA EN VIA PUBLICA,deceso_dudoso,3.0,19.11964,-98.7726,COORDENADA
ECA26072404640,2026-07-24,13:38:00,13,matutina (06-14),VALLE DE CHALCO,CHALCO,VIOLENCIA CONTRA LAS MUJERES,violencia_genero,2.0,19.308855,-98.9558,COORDENADA
ECA26072404649,2026-07-24,13:39:00,13,matutina (06-14),NICOLAS ROMERO,METROPOLITANA,VIOLENCIA CONTRA LAS MUJERES,violencia_genero,2.0,19.61822,-99.28586,COORDENADA
ECA26072404696,2026-07-24,13:42:00,13,matutina (06-14),CHIMALHUACAN,ORIENTE,PERSONA AGRESIVA,rina,1.5,19.42485,-98.928045,COORDENADA
ECA26072404736,2026-07-24,13:46:00,13,matutina (06-14),VALLE DE CHALCO,CHALCO,ROBO DE VEHICULO PARTICULAR CON VIOLENCIA,robo_violento,2.0,19.293795,-98.935035,COORDENADA
ECA26072404740,2026-07-24,13:46:00,13,matutina (06-14),OZUMBA,CHALCO,DETONACION POR ARMA DE FUEGO,arma_fuego,4.0,18.986683,-98.80966,COORDENADA
ECA26072404749,2026-07-24,13:47:00,13,matutina (06-14),CHIMALHUACAN,ORIENTE,DETONACION POR ARMA DE FUEGO,arma_fuego,4.0,19.38966,-98.92461,COORDENADA
ECA26072404756,2026-07-24,13:47:00,13,matutina (06-14),ATLAUTLA,CHALCO,PERSONA AGRESIVA,rina,1.5,18.965843,-98.806495,COORDENADA
ECA26072404796,2026-07-24,13:51:00,13,matutina (06-14),NAUCALPAN,METROPOLITANA,PORTACION DE ARMAS DE FUEGO O CARTUCHOS,arma_fuego,3.0,,,MEDIA
ECA26072404845,2026-07-24,13:56:00,13,matutina (06-14),CHALCO,CHALCO,PERSONA AGRESIVA,rina,1.5,19.262595,-98.89674,COORDENADA
ECA26072404882,2026-07-24,14:00:00,14,vespertina (14-22),HUEHUETOCA,ECATEPEC,VIOLENCIA CONTRA LAS MUJERES,violencia_genero,2.0,19.840939,-99.194803,COORDENADA
ECA26072404945,2026-07-24,14:05:00,14,vespertina (14-22),TLALNEPANTLA,METROPOLITANA,PERSONA AGRESIVA,rina,1.5,19.544165,-99.19959,COORDENADA
ECA26072404946,2026-07-24,14:05:00,14,vespertina (14-22),TEMASCALAPA,SIN CATALOGAR,ROBO A NEGOCIO CON VIOLENCIA,robo_violento,2.0,19.766145,-98.888241,COORDENADA
ECA26072404954,2026-07-24,14:06:00,14,vespertina (14-22),CHALCO,CHALCO,PERSONA AGRESIVA,rina,1.5,19.273235,-98.913275,COORDENADA
ECA26072404963,2026-07-24,14:07:00,14,vespertina (14-22),ATIZAPAN,METROPOLITANA,PERSONA AGRESIVA,rina,1.5,19.58725,-99.26945,COORDENADA
ECA26072404980,2026-07-24,14:09:00,14,vespertina (14-22),ATIZAPAN,METROPOLITANA,RIÑA,rina,1.5,19.589625,-99.270015,COORDENADA
ECA26072404981,2026-07-24,14:09:00,14,vespertina (14-22),NEZAHUALCOYOTL,ORIENTE,ROBO DE VEHICULO PARTICULAR CON VIOLENCIA,robo_violento,2.0,19.432825,-99.039025,COORDENADA
ECA26072405161,2026-07-24,14:26:00,14,vespertina (14-22),ATIZAPAN,METROPOLITANA,RIÑA,rina,1.5,19.600205,-99.22985,COORDENADA
ECA26072405184,2026-07-24,14:28:00,14,vespertina (14-22),VALLE DE CHALCO,CHALCO,ROBO A CASA HABITACION CON VIOLENCIA,robo_violento,2.0,19.29126,-98.93282,COORDENADA
ECA26072405272,2026-07-24,14:36:00,14,vespertina (14-22),HUEHUETOCA,ECATEPEC,ALTERACION DEL ORDEN PUBLICO POR PERSONA ALCOHOLIZADA,rina,1.5,19.824861,-99.253292,COORDENADA
ECA26072405297,2026-07-24,14:39:00,14,vespertina (14-22),LA PAZ,ORIENTE,PERSONA AGRESIVA,rina,1.5,19.35604,-98.974235,COORDENADA
ECA26072405308,2026-07-24,14:41:00,14,vespertina (14-22),HUEHUETOCA,ECATEPEC,PERSONA AGRESIVA,rina,1.5,19.834712,-99.204711,COORDENADA
ECA26072405334,2026-07-24,14:44:00,14,vespertina (14-22),TULTITLAN,METROPOLITANA,PERSONA AGRESIVA,rina,1.5,19.616215,-99.176365,COORDENADA
ECA26072405338,2026-07-24,14:44:00,14,vespertina (14-22),HUEHUETOCA,ECATEPEC,PERSONA AGRESIVA,rina,1.5,19.830861,-99.224935,COORDENADA
ECA26072405380,2026-07-24,14:50:00,14,vespertina (14-22),TLALNEPANTLA,METROPOLITANA,ALTERACION DEL ORDEN PUBLICO POR PERSONA ALCOHOLIZADA,rina,1.5,19.537615,-99.11883,COORDENADA
ECA26072405450,2026-07-24,14:57:00,14,vespertina (14-22),CUAUTITLAN IZCALLI,METROPOLITANA,PERSONA AGRESIVA,rina,1.5,19.68136,-99.212045,COORDENADA
TOL26072404524,2026-07-24,15:23:00,15,vespertina (14-22),METEPEC,VALLE TOLUCA,ROBO A REPARTIDOR CON VIOLENCIA,robo_violento,2.0,19.27961,-99.60013,COORDENADA
TOL26072404534,2026-07-24,15:25:00,15,vespertina (14-22),TOLUCA,VALLE TOLUCA,VIOLENCIA CONTRA LAS MUJERES,violencia_genero,2.0,19.311995,-99.602435,COORDENADA
TOL26072404578,2026-07-24,15:32:00,15,vespertina (14-22),LERMA,SIN CATALOGAR,VIOLENCIA CONTRA LAS MUJERES,violencia_genero,2.0,19.26694,-99.506625,COORDENADA
TOL26072404653,2026-07-24,15:44:00,15,vespertina (14-22),SAN MATEO ATENCO,VALLE TOLUCA,VIOLENCIA CONTRA LAS MUJERES,violencia_genero,2.0,19.28219,-99.55094,COORDENADA
TOL26072404668,2026-07-24,15:46:00,15,vespertina (14-22),TOLUCA,VALLE TOLUCA,VIOLENCIA CONTRA LAS MUJERES,violencia_genero,2.0,19.28187,-99.62316,COORDENADA
TOL26072404809,2026-07-24,16:04:00,16,vespertina (14-22),OTZOLOTEPEC,VALLE TOLUCA,ALTERACION DEL ORDEN PUBLICO POR PERSONA DROGADA,rina,1.5,19.410774,-99.558292,COORDENADA
TOL26072404975,2026-07-24,16:27:00,16,vespertina (14-22),TOLUCA,VALLE TOLUCA,PORTACION DE ARMA BLANCA,arma_blanca,2.0,19.3022,-99.66634,COORDENADA
TOL26072405000,2026-07-24,16:29:00,16,vespertina (14-22),ZINACANTEPEC,VALLE TOLUCA,PORTACION DE ARMAS DE FUEGO O CARTUCHOS,arma_fuego,3.0,,,MEDIA
TOL26072405032,2026-07-24,16:33:00,16,vespertina (14-22),VILLA GUERRERO,IXTAPAN,PERSONA TIRADA EN VIA PUBLICA,deceso_dudoso,3.0,19.021744,-99.675328,COORDENADA
TOL26072405054,2026-07-24,16:35:00,16,vespertina (14-22),TOLUCA,VALLE TOLUCA,ALTERACION DEL ORDEN PUBLICO POR PERSONA ALCOHOLIZADA,rina,1.5,19.271523,-99.691417,COORDENADA
TOL26072405099,2026-07-24,16:43:00,16,vespertina (14-22),TOLUCA,VALLE TOLUCA,PERSONA AGRESIVA,rina,1.5,19.26218,-99.66063,COORDENADA
TOL26072405198,2026-07-24,16:56:00,16,vespertina (14-22),XONACATLAN,SIN CATALOGAR,EXTORSION TELEFONICA,alta_incidencia,4.0,19.398472,-99.540161,COORDENADA
TOL26072405274,2026-07-24,17:06:00,17,vespertina (14-22),METEPEC,VALLE TOLUCA,PERSONA AGRESIVA,rina,1.5,19.258593,-99.598753,COORDENADA
TOL26072405325,2026-07-24,17:12:00,17,vespertina (14-22),LERMA,SIN CATALOGAR,ROBO A TRANSPORTISTA O VEHICULO COMERCIAL CON VIOLENCIA,robo_violento,2.0,19.30717,-99.39052,COORDENADA
TOL26072405328,2026-07-24,17:12:00,17,vespertina (14-22),OCOYOACAC,VALLE TOLUCA,ROBO A REPARTIDOR CON VIOLENCIA,robo_violento,2.0,19.26537,-99.41522,COORDENADA
TOL26072405391,2026-07-24,17:20:00,17,vespertina (14-22),CAPULHUAC,SIN CATALOGAR,ROBO A NEGOCIO CON VIOLENCIA,robo_violento,2.0,19.190806,-99.466755,COORDENADA
TOL26072405410,2026-07-24,17:23:00,17,vespertina (14-22),TOLUCA,VALLE TOLUCA,VIOLENCIA CONTRA LAS MUJERES,violencia_genero,2.0,19.23926,-99.650125,COORDENADA
TOL26072405417,2026-07-24,17:24:00,17,vespertina (14-22),ATLACOMULCO,ATLACOMULCO,PERSONA AGRESIVA,rina,1.5,19.79594,-99.87521,COORDENADA
TOL26072405438,2026-07-24,17:25:00,17,vespertina (14-22),LERMA,SIN CATALOGAR,RIÑA,rina,1.5,19.39545,-99.52655,COORDENADA
TOL26072405441,2026-07-24,17:26:00,17,vespertina (14-22),NAUCALPAN,METROPOLITANA,VIOLENCIA DE PAREJA,violencia_genero,2.0,19.45758,-99.25356,COORDENADA
TOL26072405463,2026-07-24,17:28:00,17,vespertina (14-22),TOLUCA,VALLE TOLUCA,PERSONA AGRESIVA,rina,1.5,19.28562,-99.636705,COORDENADA
TOL26072405474,2026-07-24,17:29:00,17,vespertina (14-22),VILLA DEL CARBON,ATLACOMULCO,PERSONA NO LOCALIZADA O DESAPARECIDA,desaparicion,3.0,19.799845,-99.397555,COORDENADA
TOL26072405497,2026-07-24,17:30:00,17,vespertina (14-22),ZINACANTEPEC,VALLE TOLUCA,PERSONA AGRESIVA,rina,1.5,19.29992,-99.734765,COORDENADA
TOL26072405510,2026-07-24,17:31:00,17,vespertina (14-22),TOLUCA,VALLE TOLUCA,PERSONA AGRESIVA,rina,1.5,19.28562,-99.636705,COORDENADA
TOL26072405617,2026-07-24,17:44:00,17,vespertina (14-22),TOLUCA,VALLE TOLUCA,VIOLENCIA CONTRA LAS MUJERES,violencia_genero,2.0,19.28757,-99.61038,COORDENADA
TOL26072405626,2026-07-24,17:46:00,17,vespertina (14-22),TOLUCA,VALLE TOLUCA,PERSONA AGRESIVA,rina,1.5,19.27168,-99.690865,COORDENADA
TOL26072405628,2026-07-24,17:46:00,17,vespertina (14-22),TOLUCA,VALLE TOLUCA,VIOLENCIA DE PAREJA,violencia_genero,2.0,19.28262,-99.683095,COORDENADA
TOL26072405642,2026-07-24,17:48:00,17,vespertina (14-22),HUIXQUILUCAN,METROPOLITANA,VIOLENCIA DE PAREJA,violencia_genero,2.0,19.412365,-99.276168,COORDENADA
TOL26072405667,2026-07-24,17:51:00,17,vespertina (14-22),TOLUCA,VALLE TOLUCA,PERSONA AGRESIVA,rina,1.5,19.30219,-99.64528,COORDENADA
TOL26072405748,2026-07-24,18:00:00,18,vespertina (14-22),NAUCALPAN,METROPOLITANA,PERSONA AGRESIVA,rina,1.5,19.51518,-99.248455,COORDENADA
TOL26072405790,2026-07-24,18:05:00,18,vespertina (14-22),OCOYOACAC,VALLE TOLUCA,PERSONA AGRESIVA,rina,1.5,,,MEDIA
TOL26072405890,2026-07-24,18:14:00,18,vespertina (14-22),IXTLAHUACA,ATLACOMULCO,PERSONA AGRESIVA,rina,1.5,19.785865,-99.680233,COORDENADA
TOL26072405917,2026-07-24,18:17:00,18,vespertina (14-22),POLOTITLAN,ATLACOMULCO,VIOLENCIA CONTRA LAS MUJERES,violencia_genero,2.0,20.217051,-99.837473,COORDENADA
TOL26072405948,2026-07-24,18:20:00,18,vespertina (14-22),TOLUCA,VALLE TOLUCA,PERSONA AGRESIVA,rina,1.5,19.31235,-99.61009,COORDENADA
TOL26072405954,2026-07-24,18:20:00,18,vespertina (14-22),TEJUPILCO,IXTAPAN,VIOLENCIA CONTRA LAS MUJERES,violencia_genero,2.0,18.92079,-100.138245,COORDENADA
TOL26072406021,2026-07-24,18:26:00,18,vespertina (14-22),TOLUCA,VALLE TOLUCA,ALTERACION DEL ORDEN PUBLICO POR PERSONA DROGADA,rina,1.5,19.28203,-99.64578,COORDENADA
TOL26072406074,2026-07-24,18:30:00,18,vespertina (14-22),METEPEC,VALLE TOLUCA,ALTERACION DEL ORDEN PUBLICO POR PERSONA ALCOHOLIZADA,rina,1.5,19.26519,-99.572445,COORDENADA
TOL26072406085,2026-07-24,18:31:00,18,vespertina (14-22),METEPEC,VALLE TOLUCA,VIOLENCIA CONTRA LAS MUJERES,violencia_genero,2.0,19.260543,-99.634053,COORDENADA
TOL26072406091,2026-07-24,18:32:00,18,vespertina (14-22),ACAMBAY,ATLACOMULCO,PORTACION DE ARMA BLANCA,arma_blanca,2.0,19.956168,-99.844209,COORDENADA
TOL26072406141,2026-07-24,18:37:00,18,vespertina (14-22),TOLUCA,VALLE TOLUCA,PERSONA NO LOCALIZADA O DESAPARECIDA,desaparicion,3.0,19.35565,-99.62595,COORDENADA
TOL26072406297,2026-07-24,18:52:00,18,vespertina (14-22),HUIXQUILUCAN,METROPOLITANA,PERSONA AGRESIVA,rina,1.5,19.422542,-99.277749,COORDENADA
TOL26072406298,2026-07-24,18:52:00,18,vespertina (14-22),IXTLAHUACA,ATLACOMULCO,ROBO A NEGOCIO CON VIOLENCIA,robo_violento,2.0,19.539306,-99.763172,COORDENADA
TOL26072406305,2026-07-24,18:53:00,18,vespertina (14-22),LERMA,SIN CATALOGAR,PERSONA AGRESIVA,rina,1.5,19.286994,-99.561753,COORDENADA
TOL26072406342,2026-07-24,18:56:00,18,vespertina (14-22),HUIXQUILUCAN,METROPOLITANA,PERSONA AGRESIVA,rina,1.5,19.418385,-99.283749,COORDENADA
TOL26072406345,2026-07-24,18:56:00,18,vespertina (14-22),NAUCALPAN,METROPOLITANA,ROBO A NEGOCIO CON VIOLENCIA,robo_violento,2.0,19.46707,-99.22516,COORDENADA
TOL26072406375,2026-07-24,19:01:00,19,vespertina (14-22),NAUCALPAN,METROPOLITANA,PERSONA AGRESIVA,rina,1.5,19.45658,-99.28224,COORDENADA
TOL26072406435,2026-07-24,19:07:00,19,vespertina (14-22),ACULCO,ATLACOMULCO,VIOLENCIA DE PAREJA,violencia_genero,2.0,,,ALTA
TOL26072406462,2026-07-24,19:09:00,19,vespertina (14-22),NAUCALPAN,METROPOLITANA,TENTATIVA DE SUICIDIO,deceso_dudoso,3.0,19.521435,-99.262835,COORDENADA
TOL26072406576,2026-07-24,19:20:00,19,vespertina (14-22),ZINACANTEPEC,VALLE TOLUCA,ALTERACION DEL ORDEN PUBLICO POR PERSONA ALCOHOLIZADA,rina,1.5,19.26892,-99.74195,COORDENADA
TOL26072406587,2026-07-24,19:20:00,19,vespertina (14-22),TOLUCA,VALLE TOLUCA,PERSONA AGRESIVA,rina,1.5,19.31644,-99.65155,COORDENADA
TOL26072406681,2026-07-24,19:31:00,19,vespertina (14-22),TOLUCA,VALLE TOLUCA,RIÑA,rina,1.5,19.295095,-99.601475,COORDENADA
TOL26072406714,2026-07-24,19:35:00,19,vespertina (14-22),OCOYOACAC,VALLE TOLUCA,ROBO DE VEHICULO PARTICULAR CON VIOLENCIA,robo_violento,2.0,,,MEDIA
TOL26072406726,2026-07-24,19:37:00,19,vespertina (14-22),TOLUCA,VALLE TOLUCA,PERSONA AGRESIVA,rina,1.5,19.294085,-99.669415,COORDENADA
TOL26072406762,2026-07-24,19:40:00,19,vespertina (14-22),TOLUCA,VALLE TOLUCA,ALTERACION DEL ORDEN PUBLICO POR PERSONA ALCOHOLIZADA,rina,1.5,19.31443,-99.59583,COORDENADA
TOL26072406767,2026-07-24,19:41:00,19,vespertina (14-22),VALLE DE BRAVO,VALLE DE BRAVO,ALTERACION DEL ORDEN PUBLICO POR PERSONA ALCOHOLIZADA,rina,1.5,,,ALTA
TOL26072406778,2026-07-24,19:42:00,19,vespertina (14-22),SAN ANTONIO LA ISLA,SIN CATALOGAR,PERSONA AGRESIVA,rina,1.5,19.17566,-99.558394,COORDENADA
TOL26072406820,2026-07-24,19:48:00,19,vespertina (14-22),ACULCO,ATLACOMULCO,PERSONA AGRESIVA,rina,1.5,,,MEDIA
TOL26072406890,2026-07-24,19:57:00,19,vespertina (14-22),ALMOLOYA,VALLE TOLUCA,PERSONA AGRESIVA,rina,1.5,19.295832,-99.787299,COORDENADA
TOL26072406912,2026-07-24,20:03:00,20,vespertina (14-22),TOLUCA,VALLE TOLUCA,ROBO DE VEHICULO PARTICULAR CON VIOLENCIA,robo_violento,2.0,19.26882,-99.69102,COORDENADA
TOL26072406925,2026-07-24,20:04:00,20,vespertina (14-22),LERMA,SIN CATALOGAR,ALTERACION DEL ORDEN PUBLICO POR PERSONA ALCOHOLIZADA,rina,1.5,19.26644,-99.50754,COORDENADA
TOL26072406949,2026-07-24,20:07:00,20,vespertina (14-22),TOLUCA,VALLE TOLUCA,ROBO A TRANSEUNTE CON VIOLENCIA,robo_violento,2.0,19.28779,-99.66757,COORDENADA
TOL26072406968,2026-07-24,20:08:00,20,vespertina (14-22),ALMOLOYA,VALLE TOLUCA,PORTACION DE ARMAS DE FUEGO O CARTUCHOS,arma_fuego,3.0,19.370965,-99.759789,COORDENADA
TOL26072407015,2026-07-24,20:11:00,20,vespertina (14-22),JOCOTITLAN,ATLACOMULCO,VIOLENCIA CONTRA LAS MUJERES,violencia_genero,2.0,19.731267,-99.8517,COORDENADA
TOL26072407036,2026-07-24,20:14:00,20,vespertina (14-22),TOLUCA,VALLE TOLUCA,VIOLENCIA CONTRA LAS MUJERES,violencia_genero,2.0,19.23432,-99.6424,COORDENADA
TOL26072407047,2026-07-24,20:16:00,20,vespertina (14-22),ALMOLOYA,VALLE TOLUCA,PORTACION DE ARMAS DE FUEGO O CARTUCHOS,arma_fuego,3.0,19.367711,-99.755588,COORDENADA
TOL26072407058,2026-07-24,20:16:00,20,vespertina (14-22),TEMOAYA,VALLE TOLUCA,PERSONA AGRESIVA,rina,1.5,19.430384,-99.612464,COORDENADA
TOL26072407116,2026-07-24,20:23:00,20,vespertina (14-22),METEPEC,VALLE TOLUCA,PERSONA AGRESIVA,rina,1.5,19.23858,-99.61908,COORDENADA
TOL26072407138,2026-07-24,20:25:00,20,vespertina (14-22),ZUMPAHUACAN,SIN CATALOGAR,VIOLENCIA CONTRA LAS MUJERES,violencia_genero,2.0,18.883884,-99.584029,COORDENADA
TOL26072407145,2026-07-24,20:26:00,20,vespertina (14-22),VALLE DE BRAVO,VALLE DE BRAVO,PERSONA AGRESIVA,rina,1.5,19.186769,-100.127689,COORDENADA
TOL26072407192,2026-07-24,20:31:00,20,vespertina (14-22),TOLUCA,VALLE TOLUCA,VIOLENCIA CONTRA LAS MUJERES,violencia_genero,2.0,19.331498,-99.592331,COORDENADA
TOL26072407205,2026-07-24,20:32:00,20,vespertina (14-22),TOLUCA,VALLE TOLUCA,VIOLENCIA CONTRA LAS MUJERES,violencia_genero,2.0,19.46643,-99.641532,COORDENADA
TOL26072407228,2026-07-24,20:34:00,20,vespertina (14-22),IXTLAHUACA,ATLACOMULCO,ALTERACION DEL ORDEN PUBLICO POR PERSONA ALCOHOLIZADA,rina,1.5,19.585273,-99.752889,COORDENADA
TOL26072407233,2026-07-24,20:34:00,20,vespertina (14-22),ZINACANTEPEC,VALLE TOLUCA,PERSONA AGRESIVA,rina,1.5,19.28162,-99.75672,COORDENADA
TOL26072407350,2026-07-24,20:47:00,20,vespertina (14-22),MORELOS,ATLACOMULCO,PERSONA AGRESIVA,rina,1.5,19.718416,-99.613593,COORDENADA
TOL26072407355,2026-07-24,20:48:00,20,vespertina (14-22),ALMOLOYA,VALLE TOLUCA,VIOLENCIA FAMILIAR,violencia_genero,2.0,19.294713,-99.769683,COORDENADA
TOL26072407386,2026-07-24,20:52:00,20,vespertina (14-22),TENANCINGO,IXTAPAN,PERSONA NO LOCALIZADA O DESAPARECIDA,desaparicion,3.0,18.983247,-99.527734,COORDENADA
TOL26072407419,2026-07-24,20:55:00,20,vespertina (14-22),METEPEC,VALLE TOLUCA,PORTACION DE ARMAS DE FUEGO O CARTUCHOS,arma_fuego,3.0,19.26362,-99.59567,COORDENADA
TOL26072407467,2026-07-24,21:00:00,21,vespertina (14-22),TOLUCA,VALLE TOLUCA,ALTERACION DEL ORDEN PUBLICO POR PERSONA ALCOHOLIZADA,rina,1.5,19.344595,-99.64724,COORDENADA
TOL26072407474,2026-07-24,21:00:00,21,vespertina (14-22),TOLUCA,VALLE TOLUCA,PERSONA AGRESIVA,rina,1.5,19.33179,-99.59484,COORDENADA
TOL26072407534,2026-07-24,21:07:00,21,vespertina (14-22),NAUCALPAN,METROPOLITANA,PERSONA AGRESIVA,rina,1.5,19.46232,-99.26903,COORDENADA
TOL26072407581,2026-07-24,21:11:00,21,vespertina (14-22),SAN MATEO ATENCO,VALLE TOLUCA,PERSONA AGRESIVA,rina,1.5,19.279785,-99.533915,COORDENADA
TOL26072407597,2026-07-24,21:13:00,21,vespertina (14-22),ACULCO,ATLACOMULCO,DETONACION POR ARMA DE FUEGO,arma_fuego,4.0,20.091828,-99.798395,COORDENADA
TOL26072407633,2026-07-24,21:15:00,21,vespertina (14-22),TOLUCA,VALLE TOLUCA,PERSONA AGRESIVA,rina,1.5,19.26734,-99.68354,COORDENADA
TOL26072407638,2026-07-24,21:16:00,21,vespertina (14-22),TOLUCA,VALLE TOLUCA,PERSONA AGRESIVA,rina,1.5,19.36417,-99.673265,COORDENADA
TOL26072407661,2026-07-24,21:18:00,21,vespertina (14-22),NAUCALPAN,METROPOLITANA,PERSONA AGRESIVA,rina,1.5,19.45333,-99.24257,COORDENADA
TOL26072407704,2026-07-24,21:21:00,21,vespertina (14-22),LERMA,SIN CATALOGAR,PERSONA AGRESIVA,rina,1.5,19.42301,-99.46454,COORDENADA
TOL26072407713,2026-07-24,21:22:00,21,vespertina (14-22),NAUCALPAN,METROPOLITANA,DETONACION POR ARMA DE FUEGO,arma_fuego,4.0,19.4346,-99.27323,COORDENADA
TOL26072407719,2026-07-24,21:23:00,21,vespertina (14-22),TEMASCALCINGO,ATLACOMULCO,PERSONA AGRESIVA,rina,1.5,19.975675,-100.054988,COORDENADA
TOL26072407738,2026-07-24,21:24:00,21,vespertina (14-22),NAUCALPAN,METROPOLITANA,VIOLENCIA CONTRA LAS MUJERES,violencia_genero,2.0,19.43264,-99.233695,COORDENADA
TOL26072407752,2026-07-24,21:26:00,21,vespertina (14-22),NAUCALPAN,METROPOLITANA,PERSONA AGRESIVA,rina,1.5,,,BAJA
TOL26072407768,2026-07-24,21:27:00,21,vespertina (14-22),ZINACANTEPEC,VALLE TOLUCA,PERSONA AGRESIVA,rina,1.5,19.204705,-99.82341,COORDENADA
TOL26072407788,2026-07-24,21:28:00,21,vespertina (14-22),TOLUCA,VALLE TOLUCA,ALTERACION DEL ORDEN PUBLICO POR PERSONA ALCOHOLIZADA,rina,1.5,19.23926,-99.650125,COORDENADA
TOL26072407812,2026-07-24,21:30:00,21,vespertina (14-22),NAUCALPAN,METROPOLITANA,PERSONA AGRESIVA,rina,1.5,19.457155,-99.237095,COORDENADA
TOL26072407905,2026-07-24,21:40:00,21,vespertina (14-22),TEMOAYA,VALLE TOLUCA,PERSONA AGRESIVA,rina,1.5,19.453448,-99.605917,COORDENADA
TOL26072407920,2026-07-24,21:41:00,21,vespertina (14-22),HUIXQUILUCAN,METROPOLITANA,PERSONA AGRESIVA,rina,1.5,19.426878,-99.268143,COORDENADA
TOL26072408028,2026-07-24,21:51:00,21,vespertina (14-22),NAUCALPAN,METROPOLITANA,PERSONA AGRESIVA,rina,1.5,19.50504,-99.26482,COORDENADA
TOL26072408099,2026-07-24,21:59:00,21,vespertina (14-22),CALIMAYA,IXTAPAN,VIOLENCIA CONTRA LAS MUJERES,violencia_genero,2.0,19.180663,-99.611783,COORDENADA
TOL26072408134,2026-07-24,22:02:00,22,nocturna (22-06),TOLUCA,VALLE TOLUCA,ROBO A NEGOCIO CON VIOLENCIA,robo_violento,2.0,19.318445,-99.63607,COORDENADA
TOL26072408135,2026-07-24,22:02:00,22,nocturna (22-06),SAN MATEO ATENCO,VALLE TOLUCA,ALTERACION DEL ORDEN PUBLICO POR PERSONA DROGADA,rina,1.5,19.242755,-99.531435,COORDENADA
TOL26072408137,2026-07-24,22:03:00,22,nocturna (22-06),NAUCALPAN,METROPOLITANA,RIÑA,rina,1.5,19.477309,-99.262145,COORDENADA
TOL26072408205,2026-07-24,22:11:00,22,nocturna (22-06),TENANGO DEL VALLE,IXTAPAN,DETONACION POR ARMA DE FUEGO,arma_fuego,4.0,19.099634,-99.591379,COORDENADA
TOL26072408325,2026-07-24,22:29:00,22,nocturna (22-06),NAUCALPAN,METROPOLITANA,VIOLENCIA CONTRA LAS MUJERES,violencia_genero,2.0,19.436442,-99.264796,COORDENADA
TOL26072408327,2026-07-24,22:29:00,22,nocturna (22-06),SAN JOSE DEL RINCON,VALLE DE BRAVO,PERSONA LESIONADA POR OBJETO CONTUNDENTE,rina,1.5,19.548942,-100.119524,COORDENADA
TOL26072408392,2026-07-24,22:37:00,22,nocturna (22-06),TOLUCA,VALLE TOLUCA,VIOLENCIA CONTRA LAS MUJERES,violencia_genero,2.0,19.344595,-99.64724,COORDENADA
TOL26072408424,2026-07-24,22:41:00,22,nocturna (22-06),JOQUICINGO,IXTAPAN,ALTERACION DEL ORDEN PUBLICO POR PERSONA ALCOHOLIZADA,rina,1.5,19.02916,-99.556541,COORDENADA
TOL26072408428,2026-07-24,22:42:00,22,nocturna (22-06),JILOTEPEC,ATLACOMULCO,PORTACION DE ARMAS DE FUEGO O CARTUCHOS,arma_fuego,3.0,19.924192,-99.580492,COORDENADA
TOL26072408473,2026-07-24,22:48:00,22,nocturna (22-06),TOLUCA,VALLE TOLUCA,PERSONA TIRADA EN VIA PUBLICA,deceso_dudoso,3.0,19.297024,-99.692321,COORDENADA
TOL26072408476,2026-07-24,22:48:00,22,nocturna (22-06),ZINACANTEPEC,VALLE TOLUCA,PERSONA AGRESIVA,rina,1.5,,,ALTA
TOL26072408481,2026-07-24,22:49:00,22,nocturna (22-06),METEPEC,VALLE TOLUCA,PERSONA AGRESIVA,rina,1.5,19.26024,-99.590655,COORDENADA
TOL26072408495,2026-07-24,22:51:00,22,nocturna (22-06),HUIXQUILUCAN,METROPOLITANA,DETONACION POR ARMA DE FUEGO,arma_fuego,4.0,19.388631,-99.366894,COORDENADA
TOL26072408498,2026-07-24,22:51:00,22,nocturna (22-06),TOLUCA,VALLE TOLUCA,ALTERACION DEL ORDEN PUBLICO POR PERSONA ALCOHOLIZADA,rina,1.5,19.36036,-99.59175,COORDENADA
TOL26072408514,2026-07-24,22:53:00,22,nocturna (22-06),VILLA VICTORIA,VALLE DE BRAVO,SUICIDIO,deceso_dudoso,3.0,19.421,-99.996469,COORDENADA
TOL26072408519,2026-07-24,22:53:00,22,nocturna (22-06),TOLUCA,VALLE TOLUCA,ALTERACION DEL ORDEN PUBLICO POR PERSONA ALCOHOLIZADA,rina,1.5,19.28317,-99.62602,COORDENADA
TOL26072408531,2026-07-24,22:54:00,22,nocturna (22-06),TENANGO DEL VALLE,IXTAPAN,ALTERACION DEL ORDEN PUBLICO POR PERSONA ALCOHOLIZADA,rina,1.5,19.116187,-99.601701,COORDENADA
TOL26072408609,2026-07-24,23:05:00,23,nocturna (22-06),ZINACANTEPEC,VALLE TOLUCA,PERSONA AGRESIVA,rina,1.5,19.245185,-99.729216,COORDENADA
TOL26072408621,2026-07-24,23:07:00,23,nocturna (22-06),LERMA,SIN CATALOGAR,ROBO A TRANSEUNTE CON VIOLENCIA,robo_violento,2.0,19.320007,-99.45922,COORDENADA
TOL26072408625,2026-07-24,23:08:00,23,nocturna (22-06),TIMILPAN,ATLACOMULCO,DETONACION POR ARMA DE FUEGO,arma_fuego,4.0,,,ALTA
TOL26072408630,2026-07-24,23:09:00,23,nocturna (22-06),TOLUCA,VALLE TOLUCA,ROBO DE VEHICULO PARTICULAR CON VIOLENCIA,robo_violento,2.0,19.344595,-99.64724,COORDENADA
TOL26072408642,2026-07-24,23:11:00,23,nocturna (22-06),TOLUCA,VALLE TOLUCA,PERSONA TIRADA EN VIA PUBLICA,deceso_dudoso,3.0,19.24101,-99.63965,COORDENADA
TOL26072408666,2026-07-24,23:14:00,23,nocturna (22-06),SAN ANTONIO LA ISLA,SIN CATALOGAR,ROBO A NEGOCIO CON VIOLENCIA,robo_violento,2.0,19.158077,-99.56236,COORDENADA
TOL26072408672,2026-07-24,23:15:00,23,nocturna (22-06),NAUCALPAN,METROPOLITANA,PERSONA LESIONADA POR ARMA BLANCA,arma_blanca,3.0,19.43497,-99.27103,COORDENADA
TOL26072408679,2026-07-24,23:16:00,23,nocturna (22-06),SAN MATEO ATENCO,VALLE TOLUCA,ALTERACION DEL ORDEN PUBLICO POR PERSONA ALCOHOLIZADA,rina,1.5,19.264625,-99.53645,COORDENADA
TOL26072408693,2026-07-24,23:19:00,23,nocturna (22-06),SAN MATEO ATENCO,VALLE TOLUCA,PERSONA AGRESIVA,rina,1.5,19.28219,-99.55094,COORDENADA
TOL26072408701,2026-07-24,23:20:00,23,nocturna (22-06),HUIXQUILUCAN,METROPOLITANA,ALTERACION DEL ORDEN PUBLICO POR PERSONA ALCOHOLIZADA,rina,1.5,19.401494,-99.270811,COORDENADA
TOL26072408704,2026-07-24,23:21:00,23,nocturna (22-06),SAN MATEO ATENCO,VALLE TOLUCA,PORTACION DE ARMAS DE FUEGO O CARTUCHOS,arma_fuego,3.0,19.279785,-99.533915,COORDENADA
TOL26072408714,2026-07-24,23:22:00,23,nocturna (22-06),HUIXQUILUCAN,METROPOLITANA,PORTACION DE ARMAS DE FUEGO O CARTUCHOS,arma_fuego,3.0,19.382886,-99.304135,COORDENADA
TOL26072408741,2026-07-24,23:26:00,23,nocturna (22-06),XONACATLAN,SIN CATALOGAR,ALTERACION DEL ORDEN PUBLICO POR PERSONA ALCOHOLIZADA,rina,1.5,19.44903,-99.469224,COORDENADA
TOL26072408751,2026-07-24,23:28:00,23,nocturna (22-06),NAUCALPAN,METROPOLITANA,ALTERACION DEL ORDEN PUBLICO POR PERSONA ALCOHOLIZADA,rina,1.5,19.45912,-99.28485,COORDENADA
TOL26072408768,2026-07-24,23:29:00,23,nocturna (22-06),JILOTEPEC,ATLACOMULCO,ALTERACION DEL ORDEN PUBLICO POR PERSONA ALCOHOLIZADA,rina,1.5,19.925315,-99.535175,COORDENADA
TOL26072408782,2026-07-24,23:31:00,23,nocturna (22-06),SAN MATEO ATENCO,VALLE TOLUCA,ALTERACION DEL ORDEN PUBLICO POR PERSONA ALCOHOLIZADA,rina,1.5,19.26615,-99.53815,COORDENADA
TOL26072408806,2026-07-24,23:35:00,23,nocturna (22-06),ZINACANTEPEC,VALLE TOLUCA,VIOLENCIA CONTRA LAS MUJERES,violencia_genero,2.0,19.24244,-99.76109,COORDENADA
TOL26072408824,2026-07-24,23:37:00,23,nocturna (22-06),TOLUCA,VALLE TOLUCA,PERSONA AGRESIVA,rina,1.5,19.26461,-99.6585,COORDENADA
TOL26072408826,2026-07-24,23:38:00,23,nocturna (22-06),TOLUCA,VALLE TOLUCA,PERSONA AGRESIVA,rina,1.5,19.318445,-99.63607,COORDENADA
TOL26072408842,2026-07-24,23:41:00,23,nocturna (22-06),OCOYOACAC,VALLE TOLUCA,PERSONA AGRESIVA,rina,1.5,19.266435,-99.480308,COORDENADA
TOL26072408850,2026-07-24,23:41:00,23,nocturna (22-06),TOLUCA,VALLE TOLUCA,ALTERACION DEL ORDEN PUBLICO POR PERSONA ALCOHOLIZADA,rina,1.5,19.26823,-99.6903,COORDENADA
TOL26072408851,2026-07-24,23:41:00,23,nocturna (22-06),NAUCALPAN,METROPOLITANA,ALTERACION DEL ORDEN PUBLICO POR PERSONA ALCOHOLIZADA,rina,1.5,19.435455,-99.249651,COORDENADA
TOL26072408896,2026-07-24,23:46:00,23,nocturna (22-06),HUIXQUILUCAN,METROPOLITANA,RIÑA,rina,1.5,19.38339,-99.28512,COORDENADA
TOL26072408897,2026-07-24,23:46:00,23,nocturna (22-06),TOLUCA,VALLE TOLUCA,VIOLENCIA FAMILIAR,violencia_genero,2.0,19.33765,-99.61661,COORDENADA
TOL26072408902,2026-07-24,23:47:00,23,nocturna (22-06),SAN FELIPE DEL PROGRESO,VALLE DE BRAVO,PORTACION DE ARMA BLANCA,arma_blanca,2.0,19.6113,-99.89718,COORDENADA
TOL26072408921,2026-07-24,23:50:00,23,nocturna (22-06),ATLACOMULCO,ATLACOMULCO,PERSONA AGRESIVA,rina,1.5,19.787959,-99.870069,COORDENADA
TOL26072408923,2026-07-24,23:51:00,23,nocturna (22-06),ZINACANTEPEC,VALLE TOLUCA,VIOLENCIA CONTRA LAS MUJERES,violencia_genero,2.0,19.297038,-99.734631,COORDENADA
TOL26072408934,2026-07-24,23:53:00,23,nocturna (22-06),VALLE DE BRAVO,VALLE DE BRAVO,ALTERACION DEL ORDEN PUBLICO POR PERSONA ALCOHOLIZADA,rina,1.5,,,MEDIA
TOL26072408935,2026-07-24,23:53:00,23,nocturna (22-06),TIANGUISTENCO,VALLE TOLUCA,PERSONA AGRESIVA,rina,1.5,19.136656,-99.431907,COORDENADA
TOL26072408950,2026-07-24,23:57:00,23,nocturna (22-06),SAN FELIPE DEL PROGRESO,VALLE DE BRAVO,PERSONA AGRESIVA,rina,1.5,19.608465,-99.906937,COORDENADA
TOL26072500021,2026-07-25,00:02:00,0,nocturna (22-06),TOLUCA,VALLE TOLUCA,ALTERACION DEL ORDEN PUBLICO POR PERSONA ALCOHOLIZADA,rina,1.5,19.27894,-99.68567,COORDENADA
TOL26072500028,2026-07-25,00:03:00,0,nocturna (22-06),TOLUCA,VALLE TOLUCA,PERSONA TIRADA EN VIA PUBLICA,deceso_dudoso,3.0,19.240889,-99.639659,COORDENADA
TOL26072500046,2026-07-25,00:06:00,0,nocturna (22-06),ATLACOMULCO,ATLACOMULCO,ALTERACION DEL ORDEN PUBLICO POR PERSONA ALCOHOLIZADA,rina,1.5,,,MEDIA
TOL26072500048,2026-07-25,00:06:00,0,nocturna (22-06),ATIZAPAN,METROPOLITANA,PERSONA AGRESIVA,rina,1.5,19.590327,-99.233556,COORDENADA
TOL26072500056,2026-07-25,00:07:00,0,nocturna (22-06),ATLACOMULCO,ATLACOMULCO,ALTERACION DEL ORDEN PUBLICO POR PERSONA ALCOHOLIZADA,rina,1.5,19.78741,-99.8685,COORDENADA
TOL26072500070,2026-07-25,00:11:00,0,nocturna (22-06),HUIXQUILUCAN,METROPOLITANA,PERSONA AGRESIVA,rina,1.5,19.43029,-99.26302,COORDENADA
TOL26072500072,2026-07-25,00:12:00,0,nocturna (22-06),HUIXQUILUCAN,METROPOLITANA,PORTACION DE ARMA BLANCA,arma_blanca,2.0,19.37903,-99.293,COORDENADA
TOL26072500078,2026-07-25,00:13:00,0,nocturna (22-06),HUIXQUILUCAN,METROPOLITANA,DETONACION POR ARMA DE FUEGO,arma_fuego,4.0,19.43029,-99.26302,COORDENADA
TOL26072500084,2026-07-25,00:14:00,0,nocturna (22-06),EL ORO,VALLE DE BRAVO,ALTERACION DEL ORDEN PUBLICO POR PERSONA ALCOHOLIZADA,rina,1.5,19.803814,-100.119953,COORDENADA
TOL26072500102,2026-07-25,00:17:00,0,nocturna (22-06),SAN MATEO ATENCO,VALLE TOLUCA,PERSONA AGRESIVA,rina,1.5,19.280423,-99.549142,COORDENADA
TOL26072500128,2026-07-25,00:21:00,0,nocturna (22-06),LERMA,SIN CATALOGAR,ALTERACION DEL ORDEN PUBLICO POR PERSONA ALCOHOLIZADA,rina,1.5,19.398465,-99.524495,COORDENADA
TOL26072500163,2026-07-25,00:27:00,0,nocturna (22-06),IXTAPAN DE LA SAL,IXTAPAN,RIÑA,rina,1.5,18.84172,-99.67506,COORDENADA
TOL26072500167,2026-07-25,00:27:00,0,nocturna (22-06),IXTAPAN DE LA SAL,IXTAPAN,PERSONA AGRESIVA,rina,1.5,18.84172,-99.67506,COORDENADA
TOL26072500193,2026-07-25,00:32:00,0,nocturna (22-06),LERMA,SIN CATALOGAR,PERSONA AGRESIVA,rina,1.5,19.38752,-99.49204,COORDENADA
TOL26072500202,2026-07-25,00:34:00,0,nocturna (22-06),ZINACANTEPEC,VALLE TOLUCA,DETONACION POR ARMA DE FUEGO,arma_fuego,4.0,19.287445,-99.724,COORDENADA
TOL26072500217,2026-07-25,00:36:00,0,nocturna (22-06),SAN MATEO ATENCO,VALLE TOLUCA,PERSONA AGRESIVA,rina,1.5,19.280593,-99.549502,COORDENADA
TOL26072500228,2026-07-25,00:38:00,0,nocturna (22-06),NAUCALPAN,METROPOLITANA,ALTERACION DEL ORDEN PUBLICO POR PERSONA ALCOHOLIZADA,rina,1.5,19.47394,-99.23751,COORDENADA
TOL26072500231,2026-07-25,00:39:00,0,nocturna (22-06),HUIXQUILUCAN,METROPOLITANA,VIOLENCIA CONTRA LAS MUJERES,violencia_genero,2.0,19.41726,-99.27096,COORDENADA
TOL26072500254,2026-07-25,00:43:00,0,nocturna (22-06),SAN MATEO ATENCO,VALLE TOLUCA,ROBO A TRANSEUNTE CON VIOLENCIA,robo_violento,2.0,19.28538,-99.54323,COORDENADA
TOL26072500274,2026-07-25,01:09:00,1,nocturna (22-06),TOLUCA,VALLE TOLUCA,ALTERACION DEL ORDEN PUBLICO POR PERSONA ALCOHOLIZADA,rina,1.5,19.37349,-99.58227,COORDENADA
TOL26072500279,2026-07-25,01:57:00,1,nocturna (22-06),TOLUCA,VALLE TOLUCA,RIÑA,rina,1.5,19.27638,-99.643145,COORDENADA
TOL26072500280,2026-07-25,01:57:00,1,nocturna (22-06),TOLUCA,VALLE TOLUCA,RIÑA,rina,1.5,19.27638,-99.643145,COORDENADA
ECA26072405475,2026-07-24,15:00:00,15,vespertina (14-22),TLALNEPANTLA,METROPOLITANA,ALTERACION DEL ORDEN PUBLICO POR PERSONA DROGADA,rina,1.5,19.537615,-99.11883,COORDENADA
ECA26072405498,2026-07-24,15:03:00,15,vespertina (14-22),IXTAPALUCA,CHALCO,PERSONA AGRESIVA,rina,1.5,19.315565,-98.88837,COORDENADA
ECA26072405536,2026-07-24,15:08:00,15,vespertina (14-22),ECATEPEC,ECATEPEC,VIOLENCIA CONTRA LAS MUJERES,violencia_genero,2.0,19.5095,-99.031655,COORDENADA
ECA26072405616,2026-07-24,15:17:00,15,vespertina (14-22),ECATEPEC,ECATEPEC,PERSONA AGRESIVA,rina,1.5,19.5095,-99.031655,COORDENADA
ECA26072405714,2026-07-24,15:29:00,15,vespertina (14-22),CHIMALHUACAN,ORIENTE,PERSONA AGRESIVA,rina,1.5,19.41216,-98.93308,COORDENADA
ECA26072405792,2026-07-24,15:36:00,15,vespertina (14-22),TLALNEPANTLA,METROPOLITANA,DETONACION POR ARMA DE FUEGO,arma_fuego,4.0,19.54516,-99.16654,COORDENADA
ECA26072405820,2026-07-24,15:39:00,15,vespertina (14-22),TLALNEPANTLA,METROPOLITANA,DETONACION POR ARMA DE FUEGO,arma_fuego,4.0,19.54414,-99.163645,COORDENADA
ECA26072405840,2026-07-24,15:41:00,15,vespertina (14-22),TLALNEPANTLA,METROPOLITANA,VIOLENCIA CONTRA LAS MUJERES,violencia_genero,2.0,19.537615,-99.11883,COORDENADA
ECA26072405847,2026-07-24,15:41:00,15,vespertina (14-22),TLALNEPANTLA,METROPOLITANA,PERSONA AGRESIVA,rina,1.5,19.55203,-99.213805,COORDENADA
ECA26072405880,2026-07-24,15:45:00,15,vespertina (14-22),COYOTEPEC,ECATEPEC,PERSONA AGRESIVA,rina,1.5,,,ALTA
ECA26072405900,2026-07-24,15:48:00,15,vespertina (14-22),CHIMALHUACAN,ORIENTE,VIOLENCIA CONTRA LAS MUJERES,violencia_genero,2.0,19.42753,-98.96748,COORDENADA
ECA26072405910,2026-07-24,15:48:00,15,vespertina (14-22),NEZAHUALCOYOTL,ORIENTE,VIOLENCIA CONTRA LAS MUJERES,violencia_genero,2.0,19.38975,-98.99682,COORDENADA
ECA26072405978,2026-07-24,15:56:00,15,vespertina (14-22),COYOTEPEC,ECATEPEC,PERSONA AGRESIVA,rina,1.5,19.771411,-99.210074,COORDENADA
ECA26072406054,2026-07-24,16:04:00,16,vespertina (14-22),ECATEPEC,ECATEPEC,PERSONA AGRESIVA,rina,1.5,19.64257,-99.065245,COORDENADA
ECA26072406055,2026-07-24,16:04:00,16,vespertina (14-22),CHALCO,CHALCO,ROBO DE MOTOCICLETA CON VIOLENCIA,robo_violento,2.0,19.27028,-98.89754,COORDENADA
ECA26072406085,2026-07-24,16:07:00,16,vespertina (14-22),CHIMALHUACAN,ORIENTE,VIOLENCIA FAMILIAR,violencia_genero,2.0,19.42554,-98.98416,COORDENADA
ECA26072406090,2026-07-24,16:08:00,16,vespertina (14-22),TLALNEPANTLA,METROPOLITANA,VIOLENCIA CONTRA LAS MUJERES,violencia_genero,2.0,19.537615,-99.11883,COORDENADA
ECA26072406179,2026-07-24,16:18:00,16,vespertina (14-22),ZUMPANGO,ECATEPEC,VIOLENCIA CONTRA LAS MUJERES,violencia_genero,2.0,,,ALTA
ECA26072406185,2026-07-24,16:19:00,16,vespertina (14-22),TEXCOCO,ORIENTE,VIOLENCIA FAMILIAR,violencia_genero,2.0,,,ALTA
ECA26072406191,2026-07-24,16:20:00,16,vespertina (14-22),TEXCOCO,ORIENTE,ALTERACION DEL ORDEN PUBLICO POR PERSONA ALCOHOLIZADA,rina,1.5,19.5083,-98.81752,COORDENADA
ECA26072406195,2026-07-24,16:20:00,16,vespertina (14-22),ATIZAPAN,METROPOLITANA,ROBO A TRANSEUNTE CON VIOLENCIA,robo_violento,2.0,19.59758,-99.244355,COORDENADA
ECA26072406204,2026-07-24,16:21:00,16,vespertina (14-22),IXTAPALUCA,CHALCO,VIOLENCIA DE PAREJA,violencia_genero,2.0,19.341695,-98.90989,COORDENADA
ECA26072406213,2026-07-24,16:22:00,16,vespertina (14-22),ECATEPEC,ECATEPEC,TENTATIVA DE SUICIDIO,deceso_dudoso,3.0,19.61745,-99.017525,COORDENADA
ECA26072406219,2026-07-24,16:23:00,16,vespertina (14-22),NEZAHUALCOYOTL,ORIENTE,RIÑA,rina,1.5,19.41314,-99.052465,COORDENADA
ECA26072406228,2026-07-24,16:24:00,16,vespertina (14-22),IXTAPALUCA,CHALCO,VIOLENCIA DE PAREJA,violencia_genero,2.0,,,ALTA
ECA26072406252,2026-07-24,16:28:00,16,vespertina (14-22),CHIMALHUACAN,ORIENTE,VIOLENCIA CONTRA LAS MUJERES,violencia_genero,2.0,19.41919,-98.985805,COORDENADA
ECA26072406284,2026-07-24,16:34:00,16,vespertina (14-22),TLALNEPANTLA,METROPOLITANA,VIOLENCIA DE PAREJA,violencia_genero,2.0,19.542305,-99.181635,COORDENADA
ECA26072406311,2026-07-24,16:37:00,16,vespertina (14-22),TULTEPEC,ECATEPEC,ROBO DE MOTOCICLETA CON VIOLENCIA,robo_violento,2.0,19.661805,-99.12677,COORDENADA
ECA26072406316,2026-07-24,16:39:00,16,vespertina (14-22),TLALNEPANTLA,METROPOLITANA,PERSONA AGRESIVA,rina,1.5,19.539185,-99.199485,COORDENADA
ECA26072406337,2026-07-24,16:43:00,16,vespertina (14-22),LA PAZ,ORIENTE,PERSONA TIRADA EN VIA PUBLICA,deceso_dudoso,3.0,19.36327,-98.94605,COORDENADA
ECA26072406338,2026-07-24,16:43:00,16,vespertina (14-22),LA PAZ,ORIENTE,PERSONA LESIONADA DURANTE ALTERACION DEL ORDEN PUBLICO O POR RIÑA,rina,1.5,19.36327,-98.94605,COORDENADA
ECA26072406387,2026-07-24,16:49:00,16,vespertina (14-22),COACALCO DE BERRIOZABAL,ECATEPEC,ALTERACION DEL ORDEN PUBLICO POR PERSONA ALCOHOLIZADA,rina,1.5,19.649245,-99.096565,COORDENADA
ECA26072406388,2026-07-24,16:49:00,16,vespertina (14-22),NICOLAS ROMERO,METROPOLITANA,ALTERACION DEL ORDEN PUBLICO POR PERSONA DROGADA,rina,1.5,19.636645,-99.361365,COORDENADA
ECA26072406393,2026-07-24,16:50:00,16,vespertina (14-22),ECATEPEC,ECATEPEC,PERSONA NO LOCALIZADA O DESAPARECIDA,desaparicion,3.0,19.59782,-99.00203,COORDENADA
ECA26072406408,2026-07-24,16:52:00,16,vespertina (14-22),CHIMALHUACAN,ORIENTE,PERSONA AGRESIVA,rina,1.5,19.414245,-98.954935,COORDENADA
ECA26072406425,2026-07-24,16:55:00,16,vespertina (14-22),ZUMPANGO,ECATEPEC,ROBO DE VEHICULO PARTICULAR CON VIOLENCIA,robo_violento,2.0,19.65802,-99.21158,COORDENADA
ECA26072406459,2026-07-24,17:01:00,17,vespertina (14-22),ECATEPEC,ECATEPEC,ROBO A TRANSEUNTE CON VIOLENCIA,robo_violento,2.0,19.50121,-99.0418,COORDENADA
ECA26072406482,2026-07-24,17:06:00,17,vespertina (14-22),ECATEPEC,ECATEPEC,PERSONA AGRESIVA,rina,1.5,19.59782,-99.00203,COORDENADA
ECA26072406489,2026-07-24,17:07:00,17,vespertina (14-22),LA PAZ,ORIENTE,PERSONA AGRESIVA,rina,1.5,19.35604,-98.974235,COORDENADA
ECA26072406544,2026-07-24,17:13:00,17,vespertina (14-22),CHIMALHUACAN,ORIENTE,PERSONA AGRESIVA,rina,1.5,19.422275,-98.977965,COORDENADA
ECA26072406560,2026-07-24,17:14:00,17,vespertina (14-22),CUAUTITLAN IZCALLI,METROPOLITANA,PERSONA AGRESIVA,rina,1.5,19.66421,-99.205585,COORDENADA
ECA26072406576,2026-07-24,17:16:00,17,vespertina (14-22),OCUILAN,IXTAPAN,DETONACION POR ARMA DE FUEGO,arma_fuego,4.0,19.00559,-99.391369,COORDENADA
ECA26072406577,2026-07-24,17:16:00,17,vespertina (14-22),VALLE DE CHALCO,CHALCO,ROBO DE VEHICULO PARTICULAR CON VIOLENCIA,robo_violento,2.0,19.295625,-98.95432,COORDENADA
ECA26072406610,2026-07-24,17:23:00,17,vespertina (14-22),TECAMAC,ECATEPEC,PERSONA AGRESIVA,rina,1.5,19.63415,-99.04761,COORDENADA
ECA26072406635,2026-07-24,17:26:00,17,vespertina (14-22),VALLE DE CHALCO,CHALCO,VIOLENCIA CONTRA LAS MUJERES,violencia_genero,2.0,19.286505,-98.93651,COORDENADA
ECA26072406653,2026-07-24,17:28:00,17,vespertina (14-22),CHIMALHUACAN,ORIENTE,DETONACION POR ARMA DE FUEGO,arma_fuego,4.0,19.44121,-98.96875,COORDENADA
ECA26072406659,2026-07-24,17:28:00,17,vespertina (14-22),ACOLMAN,ECATEPEC,PERSONA AGRESIVA,rina,1.5,19.61553,-98.91448,COORDENADA
ECA26072406660,2026-07-24,17:28:00,17,vespertina (14-22),NEZAHUALCOYOTL,ORIENTE,PORTACION DE ARMA BLANCA,arma_blanca,2.0,19.40598,-99.008605,COORDENADA
ECA26072406722,2026-07-24,17:38:00,17,vespertina (14-22),TEXCOCO,ORIENTE,PORTACION DE ARMAS DE FUEGO O CARTUCHOS,arma_fuego,3.0,19.5083,-98.81752,COORDENADA
ECA26072406726,2026-07-24,17:39:00,17,vespertina (14-22),CHICOLOAPAN,SIN CATALOGAR,PERSONA AGRESIVA,rina,1.5,19.42824,-98.87744,COORDENADA
ECA26072406728,2026-07-24,17:39:00,17,vespertina (14-22),IXTAPALUCA,CHALCO,RIÑA,rina,1.5,19.32764,-98.876485,COORDENADA
ECA26072406738,2026-07-24,17:40:00,17,vespertina (14-22),VALLE DE CHALCO,CHALCO,PERSONA AGRESIVA,rina,1.5,19.31555,-98.94694,COORDENADA
ECA26072406748,2026-07-24,17:43:00,17,vespertina (14-22),TEXCOCO,ORIENTE,RIÑA,rina,1.5,19.47552,-98.90101,COORDENADA
ECA26072406771,2026-07-24,17:45:00,17,vespertina (14-22),ECATEPEC,ECATEPEC,RIÑA,rina,1.5,19.54521,-99.04024,COORDENADA
ECA26072406827,2026-07-24,17:53:00,17,vespertina (14-22),TEXCOCO,ORIENTE,ALTERACION DEL ORDEN PUBLICO POR PERSONA DROGADA,rina,1.5,19.448825,-98.91122,COORDENADA
ECA26072406948,2026-07-24,18:05:00,18,vespertina (14-22),VALLE DE CHALCO,CHALCO,DETONACION POR ARMA DE FUEGO,arma_fuego,4.0,19.31555,-98.94694,COORDENADA
ECA26072406960,2026-07-24,18:06:00,18,vespertina (14-22),ATIZAPAN,METROPOLITANA,VIOLENCIA CONTRA LAS MUJERES,violencia_genero,2.0,19.601395,-99.262035,COORDENADA
ECA26072407049,2026-07-24,18:18:00,18,vespertina (14-22),CHALCO,CHALCO,PERSONA AGRESIVA,rina,1.5,19.262595,-98.89674,COORDENADA
ECA26072407072,2026-07-24,18:20:00,18,vespertina (14-22),ACOLMAN,ECATEPEC,ALTERACION DEL ORDEN PUBLICO POR PERSONA DROGADA,rina,1.5,19.594795,-98.98841,COORDENADA
ECA26072407085,2026-07-24,18:22:00,18,vespertina (14-22),TECAMAC,ECATEPEC,EXTORSION TELEFONICA,alta_incidencia,4.0,19.622015,-99.040695,COORDENADA
ECA26072407087,2026-07-24,18:22:00,18,vespertina (14-22),TECAMAC,ECATEPEC,ROBO A NEGOCIO CON VIOLENCIA,robo_violento,2.0,19.622015,-99.040695,COORDENADA
ECA26072407152,2026-07-24,18:29:00,18,vespertina (14-22),TLALNEPANTLA,METROPOLITANA,DETONACION POR ARMA DE FUEGO,arma_fuego,4.0,19.54414,-99.163645,COORDENADA
ECA26072407153,2026-07-24,18:29:00,18,vespertina (14-22),CHALCO,CHALCO,PORTACION DE ARMAS DE FUEGO O CARTUCHOS,arma_fuego,3.0,19.25151,-98.87799,COORDENADA
ECA26072407165,2026-07-24,18:32:00,18,vespertina (14-22),ATIZAPAN,METROPOLITANA,ALTERACION DEL ORDEN PUBLICO POR PERSONA DROGADA,rina,1.5,19.599475,-99.241365,COORDENADA
ECA26072407187,2026-07-24,18:36:00,18,vespertina (14-22),TEXCOCO,ORIENTE,PERSONA AGRESIVA,rina,1.5,19.507375,-98.86866,COORDENADA
ECA26072407208,2026-07-24,18:39:00,18,vespertina (14-22),TLALNEPANTLA,METROPOLITANA,PERSONA AGRESIVA,rina,1.5,19.539185,-99.199485,COORDENADA
ECA26072407217,2026-07-24,18:40:00,18,vespertina (14-22),ZUMPANGO,ECATEPEC,PERSONA AGRESIVA,rina,1.5,19.75693,-99.06314,COORDENADA
ECA26072407237,2026-07-24,18:43:00,18,vespertina (14-22),COACALCO DE BERRIOZABAL,ECATEPEC,PERSONA AGRESIVA,rina,1.5,19.61663,-99.096155,COORDENADA
ECA26072407243,2026-07-24,18:43:00,18,vespertina (14-22),NEZAHUALCOYOTL,ORIENTE,PORTACION DE ARMA BLANCA,arma_blanca,2.0,19.420915,-99.031525,COORDENADA
ECA26072407254,2026-07-24,18:44:00,18,vespertina (14-22),CUAUTITLAN IZCALLI,METROPOLITANA,PORTACION DE ARMAS DE FUEGO O CARTUCHOS,arma_fuego,3.0,19.67183,-99.221635,COORDENADA
ECA26072407330,2026-07-24,18:53:00,18,vespertina (14-22),ECATEPEC,ECATEPEC,PERSONA AGRESIVA,rina,1.5,19.53824,-99.078995,COORDENADA
ECA26072407332,2026-07-24,18:53:00,18,vespertina (14-22),TLALNEPANTLA,METROPOLITANA,RIÑA,rina,1.5,19.51455,-99.10511,COORDENADA
ECA26072407341,2026-07-24,18:54:00,18,vespertina (14-22),ZUMPANGO,ECATEPEC,PERSONA AGRESIVA,rina,1.5,,,ALTA
ECA26072407344,2026-07-24,18:55:00,18,vespertina (14-22),CHALCO,CHALCO,PERSONA AGRESIVA,rina,1.5,19.25764,-98.89151,COORDENADA
ECA26072407354,2026-07-24,18:56:00,18,vespertina (14-22),VALLE DE CHALCO,CHALCO,PERSONA AGRESIVA,rina,1.5,19.31529,-98.94875,COORDENADA
ECA26072407378,2026-07-24,18:59:00,18,vespertina (14-22),VALLE DE CHALCO,CHALCO,PERSONA AGRESIVA,rina,1.5,19.289905,-98.92147,COORDENADA
ECA26072407381,2026-07-24,19:00:00,19,vespertina (14-22),TEXCOCO,ORIENTE,VIOLENCIA CONTRA LAS MUJERES,violencia_genero,2.0,19.507375,-98.86866,COORDENADA
ECA26072407393,2026-07-24,19:01:00,19,vespertina (14-22),TEXCOCO,ORIENTE,PERSONA AGRESIVA,rina,1.5,19.534485,-98.860795,COORDENADA
ECA26072407405,2026-07-24,19:02:00,19,vespertina (14-22),CHICOLOAPAN,SIN CATALOGAR,PERSONA AGRESIVA,rina,1.5,,,MEDIA
ECA26072407472,2026-07-24,19:11:00,19,vespertina (14-22),VALLE DE CHALCO,CHALCO,VIOLENCIA FAMILIAR,violencia_genero,2.0,19.2891,-98.9193,COORDENADA
ECA26072407503,2026-07-24,19:14:00,19,vespertina (14-22),NEZAHUALCOYOTL,ORIENTE,EXTORSION O INTENTO DE EXTORSION (NO TELEFONICA),alta_incidencia,4.0,19.40598,-99.008605,COORDENADA
ECA26072407509,2026-07-24,19:15:00,19,vespertina (14-22),CHALCO,CHALCO,VIOLENCIA DE PAREJA,violencia_genero,2.0,19.262595,-98.89674,COORDENADA
ECA26072407520,2026-07-24,19:16:00,19,vespertina (14-22),NEZAHUALCOYOTL,ORIENTE,SUICIDIO,deceso_dudoso,3.0,19.4219,-99.04269,COORDENADA
ECA26072407526,2026-07-24,19:16:00,19,vespertina (14-22),ECATEPEC,ECATEPEC,ALTERACION DEL ORDEN PUBLICO POR PERSONA ALCOHOLIZADA,rina,1.5,19.554565,-99.02836,COORDENADA
ECA26072407579,2026-07-24,19:22:00,19,vespertina (14-22),NEZAHUALCOYOTL,ORIENTE,ALTERACION DEL ORDEN PUBLICO POR PERSONA DROGADA,rina,1.5,19.4018,-98.98404,COORDENADA
ECA26072407587,2026-07-24,19:23:00,19,vespertina (14-22),CHIMALHUACAN,ORIENTE,PERSONA AGRESIVA,rina,1.5,19.442685,-98.97611,COORDENADA
ECA26072407607,2026-07-24,19:25:00,19,vespertina (14-22),TEZOYUCA,ORIENTE,TENTATIVA DE SUICIDIO,deceso_dudoso,3.0,19.596381,-98.908466,COORDENADA
ECA26072407626,2026-07-24,19:28:00,19,vespertina (14-22),ECATEPEC,ECATEPEC,EXTORSION TELEFONICA,alta_incidencia,4.0,19.61745,-99.017525,COORDENADA
ECA26072407636,2026-07-24,19:29:00,19,vespertina (14-22),TULTITLAN,METROPOLITANA,PERSONA AGRESIVA,rina,1.5,19.61299,-99.15919,COORDENADA
ECA26072407652,2026-07-24,19:31:00,19,vespertina (14-22),TEXCOCO,ORIENTE,ROBO DE MOTOCICLETA CON VIOLENCIA,robo_violento,2.0,19.45352,-98.868595,COORDENADA
ECA26072407658,2026-07-24,19:32:00,19,vespertina (14-22),ATIZAPAN,METROPOLITANA,RIÑA,rina,1.5,19.52433,-99.256115,COORDENADA
ECA26072407674,2026-07-24,19:35:00,19,vespertina (14-22),ECATEPEC,ECATEPEC,ROBO A NEGOCIO CON VIOLENCIA,robo_violento,2.0,19.553385,-99.075095,COORDENADA
ECA26072407681,2026-07-24,19:36:00,19,vespertina (14-22),ACOLMAN,ECATEPEC,PERSONA AGRESIVA,rina,1.5,,,ALTA
ECA26072407689,2026-07-24,19:38:00,19,vespertina (14-22),ATIZAPAN,METROPOLITANA,PERSONA AGRESIVA,rina,1.5,19.55161,-99.26714,COORDENADA
ECA26072407690,2026-07-24,19:38:00,19,vespertina (14-22),CUAUTITLAN IZCALLI,METROPOLITANA,ROBO A NEGOCIO CON VIOLENCIA,robo_violento,2.0,19.65523,-99.21083,COORDENADA
ECA26072407698,2026-07-24,19:39:00,19,vespertina (14-22),ECATEPEC,ECATEPEC,ROBO DE VEHICULO PARTICULAR CON VIOLENCIA,robo_violento,2.0,19.49965,-99.059145,COORDENADA
ECA26072407718,2026-07-24,19:43:00,19,vespertina (14-22),TLALNEPANTLA,METROPOLITANA,PERSONA AGRESIVA,rina,1.5,19.539185,-99.199485,COORDENADA
ECA26072407769,2026-07-24,19:52:00,19,vespertina (14-22),TULTITLAN,METROPOLITANA,PERSONA AGRESIVA,rina,1.5,19.60047,-99.17908,COORDENADA
ECA26072407780,2026-07-24,19:53:00,19,vespertina (14-22),VALLE DE CHALCO,CHALCO,PERSONA LESIONADA POR ARMA BLANCA,arma_blanca,3.0,19.289905,-98.92147,COORDENADA
ECA26072407858,2026-07-24,20:08:00,20,vespertina (14-22),ATIZAPAN,METROPOLITANA,RIÑA,rina,1.5,19.5901,-99.253475,COORDENADA
ECA26072407879,2026-07-24,20:10:00,20,vespertina (14-22),TLALNEPANTLA,METROPOLITANA,AMENAZA DE SUICIDIO,deceso_dudoso,3.0,19.52665,-99.190535,COORDENADA
ECA26072407896,2026-07-24,20:12:00,20,vespertina (14-22),VALLE DE CHALCO,CHALCO,ROBO DE VEHICULO PARTICULAR CON VIOLENCIA,robo_violento,2.0,19.30692,-98.941215,COORDENADA
ECA26072407906,2026-07-24,20:13:00,20,vespertina (14-22),ATIZAPAN,METROPOLITANA,PERSONA AGRESIVA,rina,1.5,19.5901,-99.253475,COORDENADA
ECA26072407915,2026-07-24,20:14:00,20,vespertina (14-22),ECATEPEC,ECATEPEC,ALTERACION DEL ORDEN PUBLICO POR PERSONA ALCOHOLIZADA,rina,1.5,19.60828,-99.01539,COORDENADA
ECA26072407928,2026-07-24,20:15:00,20,vespertina (14-22),VALLE DE CHALCO,CHALCO,PERSONA LESIONADA POR ARMA BLANCA,arma_blanca,3.0,19.28966,-98.93119,COORDENADA
ECA26072407940,2026-07-24,20:17:00,20,vespertina (14-22),TULTITLAN,METROPOLITANA,PERSONA AGRESIVA,rina,1.5,19.590755,-99.17187,COORDENADA
ECA26072407944,2026-07-24,20:18:00,20,vespertina (14-22),CHIMALHUACAN,ORIENTE,RIÑA,rina,1.5,19.43032,-98.93307,COORDENADA
ECA26072407953,2026-07-24,20:18:00,20,vespertina (14-22),ZUMPANGO,ECATEPEC,PERSONA AGRESIVA,rina,1.5,19.81244,-99.09831,COORDENADA
ECA26072407959,2026-07-24,20:19:00,20,vespertina (14-22),IXTAPALUCA,CHALCO,PERSONA NO LOCALIZADA O DESAPARECIDA,desaparicion,3.0,,,BAJA
ECA26072407997,2026-07-24,20:24:00,20,vespertina (14-22),ECATEPEC,ECATEPEC,VIOLENCIA CONTRA LAS MUJERES,violencia_genero,2.0,19.52556,-99.02044,COORDENADA
ECA26072408008,2026-07-24,20:25:00,20,vespertina (14-22),CHIMALHUACAN,ORIENTE,PERSONA AGRESIVA,rina,1.5,19.43512,-98.935425,COORDENADA
ECA26072408030,2026-07-24,20:27:00,20,vespertina (14-22),ZUMPANGO,ECATEPEC,ROBO A NEGOCIO CON VIOLENCIA,robo_violento,2.0,19.804905,-99.09563,COORDENADA
ECA26072408074,2026-07-24,20:31:00,20,vespertina (14-22),ECATEPEC,ECATEPEC,ROBO DE VEHICULO PARTICULAR CON VIOLENCIA,robo_violento,2.0,19.61048,-99.05533,COORDENADA
ECA26072408099,2026-07-24,20:34:00,20,vespertina (14-22),IXTAPALUCA,CHALCO,ALTERACION DEL ORDEN PUBLICO POR PERSONA ALCOHOLIZADA,rina,1.5,19.32933,-98.89775,COORDENADA
ECA26072408114,2026-07-24,20:37:00,20,vespertina (14-22),TLALNEPANTLA,METROPOLITANA,PERSONA LESIONADA POR PROYECTIL DE ARMA DE FUEGO,arma_fuego,6.0,19.54085,-99.19782,COORDENADA
ECA26072408152,2026-07-24,20:43:00,20,vespertina (14-22),TLALNEPANTLA,METROPOLITANA,ROBO DE VEHICULO PARTICULAR CON VIOLENCIA,robo_violento,2.0,19.539185,-99.199485,COORDENADA
ECA26072408183,2026-07-24,20:48:00,20,vespertina (14-22),CHIMALHUACAN,ORIENTE,ROBO DE MOTOCICLETA CON VIOLENCIA,robo_violento,2.0,19.429385,-98.966335,COORDENADA
ECA26072408186,2026-07-24,20:49:00,20,vespertina (14-22),LA PAZ,ORIENTE,ROBO DE VEHICULO PARTICULAR CON VIOLENCIA,robo_violento,2.0,19.381995,-98.933825,COORDENADA
ECA26072408193,2026-07-24,20:50:00,20,vespertina (14-22),ATIZAPAN,METROPOLITANA,PERSONA AGRESIVA,rina,1.5,19.55161,-99.26714,COORDENADA
ECA26072408194,2026-07-24,20:50:00,20,vespertina (14-22),ATIZAPAN,METROPOLITANA,PERSONA AGRESIVA,rina,1.5,19.55161,-99.26714,COORDENADA
ECA26072408209,2026-07-24,20:52:00,20,vespertina (14-22),CHIAUTLA,ORIENTE,PERSONA AGRESIVA,rina,1.5,19.56926,-98.88738,COORDENADA
ECA26072408228,2026-07-24,20:55:00,20,vespertina (14-22),TECAMAC,ECATEPEC,ROBO A NEGOCIO CON VIOLENCIA,robo_violento,2.0,19.622015,-99.040695,COORDENADA
ECA26072408245,2026-07-24,20:58:00,20,vespertina (14-22),CUAUTITLAN IZCALLI,METROPOLITANA,ROBO A NEGOCIO CON VIOLENCIA,robo_violento,2.0,19.614135,-99.19258,COORDENADA
ECA26072408265,2026-07-24,21:02:00,21,vespertina (14-22),HUEHUETOCA,ECATEPEC,PERSONA AGRESIVA,rina,1.5,19.840946,-99.197742,COORDENADA
ECA26072408306,2026-07-24,21:08:00,21,vespertina (14-22),COACALCO DE BERRIOZABAL,ECATEPEC,ROBO A TRANSEUNTE CON VIOLENCIA,robo_violento,2.0,19.63115,-99.102545,COORDENADA
ECA26072408311,2026-07-24,21:08:00,21,vespertina (14-22),TEXCOCO,ORIENTE,EXTORSION TELEFONICA,alta_incidencia,4.0,19.47804,-98.82908,COORDENADA
ECA26072408333,2026-07-24,21:12:00,21,vespertina (14-22),COACALCO DE BERRIOZABAL,ECATEPEC,PERSONA LESIONADA DURANTE ALTERACION DEL ORDEN PUBLICO O POR RIÑA,rina,1.5,19.654055,-99.08175,COORDENADA
ECA26072408342,2026-07-24,21:13:00,21,vespertina (14-22),IXTAPALUCA,CHALCO,PERSONA AGRESIVA,rina,1.5,19.307935,-98.861405,COORDENADA
ECA26072408407,2026-07-24,21:22:00,21,vespertina (14-22),CHIMALHUACAN,ORIENTE,ALTERACION DEL ORDEN PUBLICO POR PERSONA ALCOHOLIZADA,rina,1.5,19.438725,-98.96451,COORDENADA
ECA26072408417,2026-07-24,21:24:00,21,vespertina (14-22),COACALCO DE BERRIOZABAL,ECATEPEC,RIÑA,rina,1.5,19.65157,-99.11704,COORDENADA
ECA26072408429,2026-07-24,21:25:00,21,vespertina (14-22),CUAUTITLAN IZCALLI,METROPOLITANA,VIOLENCIA CONTRA LAS MUJERES,violencia_genero,2.0,19.68867,-99.23501,COORDENADA
ECA26072408442,2026-07-24,21:26:00,21,vespertina (14-22),TEXCOCO,ORIENTE,VIOLENCIA CONTRA LAS MUJERES,violencia_genero,2.0,19.528415,-98.865765,COORDENADA
ECA26072408455,2026-07-24,21:28:00,21,vespertina (14-22),TLALNEPANTLA,METROPOLITANA,ALTERACION DEL ORDEN PUBLICO POR PERSONA ALCOHOLIZADA,rina,1.5,19.513365,-99.101285,COORDENADA
ECA26072408469,2026-07-24,21:29:00,21,vespertina (14-22),CUAUTITLAN IZCALLI,METROPOLITANA,PERSONA NO LOCALIZADA O DESAPARECIDA,desaparicion,3.0,19.6457,-99.22158,COORDENADA
ECA26072408471,2026-07-24,21:30:00,21,vespertina (14-22),CHIMALHUACAN,ORIENTE,VIOLENCIA DE PAREJA,violencia_genero,2.0,19.401335,-98.94012,COORDENADA
ECA26072408495,2026-07-24,21:32:00,21,vespertina (14-22),IXTAPALUCA,CHALCO,VIOLENCIA CONTRA LAS MUJERES,violencia_genero,2.0,19.31609,-98.928275,COORDENADA
ECA26072408524,2026-07-24,21:35:00,21,vespertina (14-22),NEZAHUALCOYOTL,ORIENTE,DETONACION POR ARMA DE FUEGO,arma_fuego,4.0,19.420065,-99.048295,COORDENADA
ECA26072408526,2026-07-24,21:36:00,21,vespertina (14-22),TULTITLAN,METROPOLITANA,PERSONA AGRESIVA,rina,1.5,19.584825,-99.171945,COORDENADA
ECA26072408545,2026-07-24,21:39:00,21,vespertina (14-22),IXTAPALUCA,CHALCO,ROBO A NEGOCIO CON VIOLENCIA,robo_violento,2.0,19.298615,-98.913395,COORDENADA
ECA26072408546,2026-07-24,21:39:00,21,vespertina (14-22),IXTAPALUCA,CHALCO,ROBO A NEGOCIO CON VIOLENCIA,robo_violento,2.0,19.298615,-98.913395,COORDENADA
ECA26072408548,2026-07-24,21:39:00,21,vespertina (14-22),HUEHUETOCA,ECATEPEC,ALTERACION DEL ORDEN PUBLICO POR PERSONA ALCOHOLIZADA,rina,1.5,19.859434,-99.225307,COORDENADA
ECA26072408567,2026-07-24,21:41:00,21,vespertina (14-22),NEZAHUALCOYOTL,ORIENTE,VIOLENCIA CONTRA LAS MUJERES,violencia_genero,2.0,19.38375,-98.97951,COORDENADA
ECA26072408570,2026-07-24,21:42:00,21,vespertina (14-22),ATIZAPAN,METROPOLITANA,TENTATIVA DE SUICIDIO,deceso_dudoso,3.0,,,ALTA
ECA26072408580,2026-07-24,21:44:00,21,vespertina (14-22),TULTITLAN,METROPOLITANA,VIOLENCIA CONTRA LAS MUJERES,violencia_genero,2.0,19.64085,-99.13161,COORDENADA
ECA26072408589,2026-07-24,21:45:00,21,vespertina (14-22),ATENCO,SIN CATALOGAR,PERSONA AGRESIVA,rina,1.5,19.55377,-98.92607,COORDENADA
ECA26072408603,2026-07-24,21:47:00,21,vespertina (14-22),ECATEPEC,ECATEPEC,PERSONA AGRESIVA,rina,1.5,19.593975,-99.043285,COORDENADA
ECA26072408642,2026-07-24,21:51:00,21,vespertina (14-22),VALLE DE CHALCO,CHALCO,ROBO DE VEHICULO PARTICULAR CON VIOLENCIA,robo_violento,2.0,19.308855,-98.9558,COORDENADA
ECA26072408660,2026-07-24,21:53:00,21,vespertina (14-22),ECATEPEC,ECATEPEC,PERSONA TIRADA EN VIA PUBLICA,deceso_dudoso,3.0,19.61048,-99.05533,COORDENADA
ECA26072408678,2026-07-24,21:55:00,21,vespertina (14-22),NEZAHUALCOYOTL,ORIENTE,PORTACION DE ARMAS DE FUEGO O CARTUCHOS,arma_fuego,3.0,19.420065,-99.048295,COORDENADA
ECA26072408685,2026-07-24,21:56:00,21,vespertina (14-22),COACALCO DE BERRIOZABAL,ECATEPEC,RIÑA,rina,1.5,19.632535,-99.083258,COORDENADA
ECA26072408702,2026-07-24,21:57:00,21,vespertina (14-22),ECATEPEC,ECATEPEC,VIOLENCIA CONTRA LAS MUJERES,violencia_genero,2.0,19.60558,-98.98182,COORDENADA
ECA26072408737,2026-07-24,22:01:00,22,nocturna (22-06),CHIMALHUACAN,ORIENTE,PERSONA AGRESIVA,rina,1.5,19.43603,-98.934,COORDENADA
ECA26072408741,2026-07-24,22:01:00,22,nocturna (22-06),NEZAHUALCOYOTL,ORIENTE,PORTACION DE ARMAS DE FUEGO O CARTUCHOS,arma_fuego,3.0,19.420065,-99.048295,COORDENADA
ECA26072408743,2026-07-24,22:02:00,22,nocturna (22-06),ECATEPEC,ECATEPEC,PERSONA TIRADA EN VIA PUBLICA,deceso_dudoso,3.0,19.61048,-99.05533,COORDENADA
ECA26072408810,2026-07-24,22:11:00,22,nocturna (22-06),CHIMALHUACAN,ORIENTE,PERSONA LESIONADA DURANTE ALTERACION DEL ORDEN PUBLICO O POR RIÑA,rina,1.5,,,ALTA
ECA26072408883,2026-07-24,22:18:00,22,nocturna (22-06),TECAMAC,ECATEPEC,VIOLENCIA FAMILIAR,violencia_genero,2.0,,,ALTA
ECA26072408960,2026-07-24,22:26:00,22,nocturna (22-06),ECATEPEC,ECATEPEC,DETONACION POR ARMA DE FUEGO,arma_fuego,4.0,19.60127,-99.02204,COORDENADA
ECA26072408966,2026-07-24,22:26:00,22,nocturna (22-06),CUAUTITLAN IZCALLI,METROPOLITANA,PERSONA AGRESIVA,rina,1.5,19.634605,-99.204395,COORDENADA
ECA26072408981,2026-07-24,22:28:00,22,nocturna (22-06),HUEHUETOCA,ECATEPEC,RIÑA,rina,1.5,19.824552,-99.207922,COORDENADA
ECA26072408984,2026-07-24,22:29:00,22,nocturna (22-06),CHIMALHUACAN,ORIENTE,PERSONA AGRESIVA,rina,1.5,19.420595,-98.957465,COORDENADA
ECA26072408988,2026-07-24,22:29:00,22,nocturna (22-06),CUAUTITLAN IZCALLI,METROPOLITANA,PERSONA AGRESIVA,rina,1.5,19.67596,-99.20338,COORDENADA
ECA26072408989,2026-07-24,22:29:00,22,nocturna (22-06),CUAUTITLAN IZCALLI,METROPOLITANA,RIÑA,rina,1.5,19.60049,-99.19487,COORDENADA
ECA26072409002,2026-07-24,22:31:00,22,nocturna (22-06),ZUMPANGO,ECATEPEC,DETONACION POR ARMA DE FUEGO,arma_fuego,4.0,,,ALTA
ECA26072409005,2026-07-24,22:31:00,22,nocturna (22-06),ECATEPEC,ECATEPEC,PERSONA AGRESIVA,rina,1.5,19.61048,-99.05533,COORDENADA
ECA26072409050,2026-07-24,22:35:00,22,nocturna (22-06),NEZAHUALCOYOTL,ORIENTE,PERSONA AGRESIVA,rina,1.5,19.41463,-99.00774,COORDENADA
ECA26072409059,2026-07-24,22:35:00,22,nocturna (22-06),CHIMALHUACAN,ORIENTE,VIOLENCIA CONTRA LAS MUJERES,violencia_genero,2.0,19.4089,-98.97106,COORDENADA
ECA26072409072,2026-07-24,22:36:00,22,nocturna (22-06),CHICOLOAPAN,SIN CATALOGAR,ALTERACION DEL ORDEN PUBLICO POR PERSONA ALCOHOLIZADA,rina,1.5,19.40835,-98.90868,COORDENADA
ECA26072409086,2026-07-24,22:38:00,22,nocturna (22-06),TULTITLAN,METROPOLITANA,PERSONA AGRESIVA,rina,1.5,19.60078,-99.16887,COORDENADA
ECA26072409123,2026-07-24,22:41:00,22,nocturna (22-06),TLALNEPANTLA,METROPOLITANA,ROBO A NEGOCIO CON VIOLENCIA,robo_violento,2.0,19.539185,-99.199485,COORDENADA
ECA26072409134,2026-07-24,22:42:00,22,nocturna (22-06),NICOLAS ROMERO,METROPOLITANA,EXTORSION TELEFONICA,alta_incidencia,4.0,19.634665,-99.351225,COORDENADA
ECA26072409137,2026-07-24,22:42:00,22,nocturna (22-06),ECATEPEC,ECATEPEC,ALTERACION DEL ORDEN PUBLICO POR PERSONA ALCOHOLIZADA,rina,1.5,19.61855,-99.05203,COORDENADA
ECA26072409152,2026-07-24,22:43:00,22,nocturna (22-06),NEZAHUALCOYOTL,ORIENTE,TENTATIVA DE SUICIDIO,deceso_dudoso,3.0,19.432825,-99.039025,COORDENADA
ECA26072409185,2026-07-24,22:46:00,22,nocturna (22-06),HUEHUETOCA,ECATEPEC,VIOLENCIA FAMILIAR,violencia_genero,2.0,19.834712,-99.204711,COORDENADA
ECA26072409204,2026-07-24,22:48:00,22,nocturna (22-06),VALLE DE CHALCO,CHALCO,DETONACION POR ARMA DE FUEGO,arma_fuego,4.0,19.30882,-98.95523,COORDENADA
ECA26072409210,2026-07-24,22:48:00,22,nocturna (22-06),CUAUTITLAN IZCALLI,METROPOLITANA,ALTERACION DEL ORDEN PUBLICO POR PERSONA ALCOHOLIZADA,rina,1.5,19.65523,-99.21083,COORDENADA
ECA26072409264,2026-07-24,22:55:00,22,nocturna (22-06),CUAUTITLAN IZCALLI,METROPOLITANA,RIÑA,rina,1.5,19.669645,-99.240655,COORDENADA
ECA26072409277,2026-07-24,22:57:00,22,nocturna (22-06),ECATEPEC,ECATEPEC,VIOLENCIA CONTRA LAS MUJERES,violencia_genero,2.0,19.531965,-99.04224,COORDENADA
ECA26072409280,2026-07-24,22:57:00,22,nocturna (22-06),ECATEPEC,ECATEPEC,PORTACION DE ARMAS DE FUEGO O CARTUCHOS,arma_fuego,3.0,19.5278,-99.01764,COORDENADA
ECA26072409283,2026-07-24,22:57:00,22,nocturna (22-06),ECATEPEC,ECATEPEC,ROBO A NEGOCIO CON VIOLENCIA,robo_violento,2.0,19.508935,-99.059445,COORDENADA
ECA26072409285,2026-07-24,22:57:00,22,nocturna (22-06),ECATEPEC,ECATEPEC,VIOLENCIA CONTRA LAS MUJERES,violencia_genero,2.0,19.61048,-99.05533,COORDENADA
ECA26072409314,2026-07-24,23:03:00,23,nocturna (22-06),NEXTLALPAN,SIN CATALOGAR,ROBO DE VEHICULO PARTICULAR CON VIOLENCIA,robo_violento,2.0,19.704916,-99.071542,COORDENADA
ECA26072409383,2026-07-24,23:10:00,23,nocturna (22-06),TLALNEPANTLA,METROPOLITANA,PERSONA AGRESIVA,rina,1.5,19.52329,-99.18671,COORDENADA
ECA26072409409,2026-07-24,23:13:00,23,nocturna (22-06),NICOLAS ROMERO,METROPOLITANA,VIOLENCIA CONTRA LAS MUJERES,violencia_genero,2.0,19.61723,-99.335235,COORDENADA
ECA26072409417,2026-07-24,23:14:00,23,nocturna (22-06),TEXCOCO,ORIENTE,VIOLENCIA CONTRA LAS MUJERES,violencia_genero,2.0,19.534485,-98.860795,COORDENADA
ECA26072409434,2026-07-24,23:18:00,23,nocturna (22-06),TLALNEPANTLA,METROPOLITANA,VIOLENCIA CONTRA LAS MUJERES,violencia_genero,2.0,19.52294,-99.17452,COORDENADA
ECA26072409449,2026-07-24,23:22:00,23,nocturna (22-06),TLALNEPANTLA,METROPOLITANA,DETONACION POR ARMA DE FUEGO,arma_fuego,4.0,19.52309,-99.219835,COORDENADA
ECA26072409489,2026-07-24,23:27:00,23,nocturna (22-06),CHALCO,CHALCO,DETONACION POR ARMA DE FUEGO,arma_fuego,4.0,19.22201,-98.914705,COORDENADA
ECA26072409503,2026-07-24,23:30:00,23,nocturna (22-06),ATIZAPAN,METROPOLITANA,VIOLENCIA CONTRA LAS MUJERES,violencia_genero,2.0,19.59655,-99.24184,COORDENADA
ECA26072409510,2026-07-24,23:33:00,23,nocturna (22-06),TECAMAC,ECATEPEC,PERSONA AGRESIVA,rina,1.5,19.68609,-99.014105,COORDENADA
ECA26072409514,2026-07-24,23:34:00,23,nocturna (22-06),VALLE DE CHALCO,CHALCO,RIÑA,rina,1.5,19.279905,-98.92129,COORDENADA
ECA26072409517,2026-07-24,23:35:00,23,nocturna (22-06),TEOTIHUACAN,ORIENTE,VIOLENCIA DE PAREJA,violencia_genero,2.0,19.665295,-98.87451,COORDENADA
ECA26072409530,2026-07-24,23:37:00,23,nocturna (22-06),ECATEPEC,ECATEPEC,VIOLENCIA FAMILIAR,violencia_genero,2.0,19.538155,-99.027475,COORDENADA
ECA26072409556,2026-07-24,23:42:00,23,nocturna (22-06),ECATEPEC,ECATEPEC,DETONACION POR ARMA DE FUEGO,arma_fuego,4.0,19.521505,-99.04037,COORDENADA
ECA26072409558,2026-07-24,23:42:00,23,nocturna (22-06),ECATEPEC,ECATEPEC,PERSONA AGRESIVA,rina,1.5,19.61373,-99.07096,COORDENADA
ECA26072409560,2026-07-24,23:43:00,23,nocturna (22-06),COACALCO DE BERRIOZABAL,ECATEPEC,VIOLENCIA CONTRA LAS MUJERES,violencia_genero,2.0,19.62094,-99.10673,COORDENADA
ECA26072409564,2026-07-24,23:43:00,23,nocturna (22-06),TLALNEPANTLA,METROPOLITANA,ROBO EN CARRETERA CON VIOLENCIA,robo_violento,2.0,19.544165,-99.19959,COORDENADA
ECA26072500001,2026-07-25,00:17:00,0,nocturna (22-06),ECATEPEC,ECATEPEC,VIOLENCIA CONTRA LAS MUJERES,violencia_genero,2.0,19.508935,-99.059445,COORDENADA
ECA26072500014,2026-07-25,00:29:00,0,nocturna (22-06),COACALCO DE BERRIOZABAL,ECATEPEC,PERSONA AGRESIVA,rina,1.5,19.65479,-99.104705,COORDENADA
ECA26072500023,2026-07-25,00:30:00,0,nocturna (22-06),TLALNEPANTLA,METROPOLITANA,ROBO DE VEHICULO PARTICULAR CON VIOLENCIA,robo_violento,2.0,19.519975,-99.226505,COORDENADA
ECA26072500031,2026-07-25,00:31:00,0,nocturna (22-06),TLALNEPANTLA,METROPOLITANA,ALTERACION DEL ORDEN PUBLICO POR PERSONA ALCOHOLIZADA,rina,1.5,19.539185,-99.199485,COORDENADA
ECA26072500035,2026-07-25,00:32:00,0,nocturna (22-06),TEXCOCO,ORIENTE,PERSONA TIRADA EN VIA PUBLICA,deceso_dudoso,3.0,19.544425,-98.81301,COORDENADA
ECA26072500046,2026-07-25,00:34:00,0,nocturna (22-06),NEZAHUALCOYOTL,ORIENTE,ALTERACION DEL ORDEN PUBLICO POR PERSONA ALCOHOLIZADA,rina,1.5,19.390955,-99.02788,COORDENADA
ECA26072500049,2026-07-25,00:35:00,0,nocturna (22-06),CUAUTITLAN,METROPOLITANA,ALTERACION DEL ORDEN PUBLICO POR PERSONA DROGADA,rina,1.5,19.67534,-99.15383,COORDENADA
ECA26072500075,2026-07-25,00:38:00,0,nocturna (22-06),IXTAPALUCA,CHALCO,VIOLENCIA CONTRA LAS MUJERES,violencia_genero,2.0,19.342555,-98.864285,COORDENADA
ECA26072500092,2026-07-25,00:41:00,0,nocturna (22-06),TEXCOCO,ORIENTE,PERSONA AGRESIVA,rina,1.5,19.47914,-98.82912,COORDENADA
ECA26072500095,2026-07-25,00:42:00,0,nocturna (22-06),CUAUTITLAN,METROPOLITANA,PERSONA AGRESIVA,rina,1.5,,,ALTA
ECA26072500103,2026-07-25,00:43:00,0,nocturna (22-06),LA PAZ,ORIENTE,PERSONA AGRESIVA,rina,1.5,19.35604,-98.974235,COORDENADA
ECA26072500110,2026-07-25,00:44:00,0,nocturna (22-06),ATIZAPAN,METROPOLITANA,PERSONA AGRESIVA,rina,1.5,19.59251,-99.25043,COORDENADA
ECA26072500113,2026-07-25,00:45:00,0,nocturna (22-06),CHIMALHUACAN,ORIENTE,VIOLENCIA CONTRA LAS MUJERES,violencia_genero,2.0,,,ALTA
ECA26072500114,2026-07-25,00:45:00,0,nocturna (22-06),CHALCO,CHALCO,VIOLENCIA CONTRA LAS MUJERES,violencia_genero,2.0,19.2777,-98.84504,COORDENADA
ECA26072500135,2026-07-25,01:04:00,1,nocturna (22-06),TLALNEPANTLA,METROPOLITANA,DETONACION POR ARMA DE FUEGO,arma_fuego,4.0,19.529045,-99.16063,COORDENADA
ECA26072500142,2026-07-25,01:29:00,1,nocturna (22-06),HUEHUETOCA,ECATEPEC,RIÑA,rina,1.5,19.885052,-99.209852,COORDENADA
ECA26072500144,2026-07-25,01:34:00,1,nocturna (22-06),HUEHUETOCA,ECATEPEC,PERSONA NO LOCALIZADA O DESAPARECIDA,desaparicion,3.0,19.855331,-99.213316,COORDENADA
ECA26072500158,2026-07-25,02:00:00,2,nocturna (22-06),ECATEPEC,ECATEPEC,PERSONA AGRESIVA,rina,1.5,19.559275,-99.031075,COORDENADA
ECA26072500216,2026-07-25,02:47:00,2,nocturna (22-06),ECATEPEC,ECATEPEC,DETONACION POR ARMA DE FUEGO,arma_fuego,4.0,19.586795,-99.04643,COORDENADA
TOL26072500300,2026-07-25,03:09:00,3,nocturna (22-06),VILLA DEL CARBON,ATLACOMULCO,EXTORSION O INTENTO DE EXTORSION (NO TELEFONICA),alta_incidencia,4.0,19.72669,-99.478977,COORDENADA
TOL26072500346,2026-07-25,06:14:00,6,matutina (06-14),NAUCALPAN,METROPOLITANA,ROBO DE VEHICULO PARTICULAR CON VIOLENCIA,robo_violento,2.0,19.503081,-99.256052,COORDENADA
TOL26072500362,2026-07-25,06:32:00,6,matutina (06-14),NAUCALPAN,METROPOLITANA,VIOLENCIA CONTRA LAS MUJERES,violencia_genero,2.0,19.43228,-99.2745,COORDENADA
TOL26072500372,2026-07-25,07:07:00,7,matutina (06-14),NAUCALPAN,METROPOLITANA,VIOLENCIA CONTRA LAS MUJERES,violencia_genero,2.0,19.432755,-99.27426,COORDENADA
TOL26072500385,2026-07-25,07:10:00,7,matutina (06-14),LERMA,SIN CATALOGAR,EXTORSION TELEFONICA,alta_incidencia,4.0,19.374595,-99.494635,COORDENADA
TOL26072500443,2026-07-25,07:23:00,7,matutina (06-14),TOLUCA,VALLE TOLUCA,PORTACION DE ARMA BLANCA,arma_blanca,2.0,19.324307,-99.538696,COORDENADA
TOL26072500447,2026-07-25,07:24:00,7,matutina (06-14),TEMOAYA,VALLE TOLUCA,ROBO A TRANSEUNTE CON VIOLENCIA,robo_violento,2.0,19.45243,-99.602735,COORDENADA
TOL26072500476,2026-07-25,07:31:00,7,matutina (06-14),NAUCALPAN,METROPOLITANA,PERSONA AGRESIVA,rina,1.5,19.42847,-99.35579,COORDENADA
TOL26072500512,2026-07-25,07:38:00,7,matutina (06-14),TOLUCA,VALLE TOLUCA,PERSONA AGRESIVA,rina,1.5,19.324226,-99.639409,COORDENADA
TOL26072500564,2026-07-25,07:44:00,7,matutina (06-14),TEMOAYA,VALLE TOLUCA,ROBO DE MOTOCICLETA CON VIOLENCIA,robo_violento,2.0,19.45243,-99.602735,COORDENADA
TOL26072500834,2026-07-25,08:23:00,8,matutina (06-14),HUIXQUILUCAN,METROPOLITANA,PERSONA AGRESIVA,rina,1.5,19.42481,-99.269102,COORDENADA
TOL26072501190,2026-07-25,09:12:00,9,matutina (06-14),METEPEC,VALLE TOLUCA,PERSONA AGRESIVA,rina,1.5,19.26519,-99.572445,COORDENADA
TOL26072501211,2026-07-25,09:15:00,9,matutina (06-14),ZINACANTEPEC,VALLE TOLUCA,PERSONA AGRESIVA,rina,1.5,19.29992,-99.734765,COORDENADA
TOL26072501234,2026-07-25,09:18:00,9,matutina (06-14),COATEPEC HARINAS,IXTAPAN,VIOLENCIA FAMILIAR,violencia_genero,2.0,18.65541,-100.1002,COORDENADA
TOL26072501236,2026-07-25,09:18:00,9,matutina (06-14),ALMOLOYA,VALLE TOLUCA,VIOLENCIA CONTRA LAS MUJERES,violencia_genero,2.0,19.294713,-99.769683,COORDENADA
TOL26072501353,2026-07-25,09:37:00,9,matutina (06-14),OCUILAN,IXTAPAN,PERSONA AGRESIVA,rina,1.5,18.9736,-99.438152,COORDENADA
TOL26072501436,2026-07-25,09:48:00,9,matutina (06-14),TOLUCA,VALLE TOLUCA,VIOLENCIA CONTRA LAS MUJERES,violencia_genero,2.0,19.32396,-99.58251,COORDENADA
TOL26072501517,2026-07-25,10:01:00,10,matutina (06-14),TIANGUISTENCO,VALLE TOLUCA,PERSONA AGRESIVA,rina,1.5,19.192723,-99.426878,COORDENADA
TOL26072501594,2026-07-25,10:10:00,10,matutina (06-14),TEMASCALCINGO,ATLACOMULCO,PERSONA AGRESIVA,rina,1.5,19.950847,-100.002046,COORDENADA
TOL26072501661,2026-07-25,10:18:00,10,matutina (06-14),SAN FELIPE DEL PROGRESO,VALLE DE BRAVO,PERSONA TIRADA EN VIA PUBLICA,deceso_dudoso,3.0,19.656507,-99.931267,COORDENADA
TOL26072501699,2026-07-25,10:22:00,10,matutina (06-14),ZINACANTEPEC,VALLE TOLUCA,RIÑA,rina,1.5,19.29984,-99.71553,COORDENADA
TOL26072501772,2026-07-25,10:33:00,10,matutina (06-14),NAUCALPAN,METROPOLITANA,PERSONA AGRESIVA,rina,1.5,19.4514,-99.26213,COORDENADA
TOL26072501871,2026-07-25,10:43:00,10,matutina (06-14),TOLUCA,VALLE TOLUCA,PERSONA AGRESIVA,rina,1.5,19.34681,-99.66329,COORDENADA
TOL26072501884,2026-07-25,10:45:00,10,matutina (06-14),NAUCALPAN,METROPOLITANA,PERSONA AGRESIVA,rina,1.5,19.50148,-99.28481,COORDENADA
TOL26072501925,2026-07-25,10:50:00,10,matutina (06-14),ZINACANTEPEC,VALLE TOLUCA,VIOLENCIA CONTRA LAS MUJERES,violencia_genero,2.0,,,ALTA
TOL26072502079,2026-07-25,11:07:00,11,matutina (06-14),ZINACANTEPEC,VALLE TOLUCA,PRIVACION DE LA LIBERTAD,alta_incidencia,4.0,19.29992,-99.734765,COORDENADA
TOL26072502125,2026-07-25,11:16:00,11,matutina (06-14),TOLUCA,VALLE TOLUCA,PERSONA AGRESIVA,rina,1.5,19.26071,-99.67826,COORDENADA
TOL26072502248,2026-07-25,11:27:00,11,matutina (06-14),CAPULHUAC,SIN CATALOGAR,PERSONA AGRESIVA,rina,1.5,19.207369,-99.462815,COORDENADA
TOL26072502274,2026-07-25,11:29:00,11,matutina (06-14),ZINACANTEPEC,VALLE TOLUCA,ROBO A TRANSEUNTE CON VIOLENCIA,robo_violento,2.0,19.257955,-99.76416,COORDENADA
TOL26072502329,2026-07-25,11:37:00,11,matutina (06-14),TOLUCA,VALLE TOLUCA,VIOLENCIA CONTRA LAS MUJERES,violencia_genero,2.0,19.36417,-99.673265,COORDENADA
TOL26072502422,2026-07-25,11:47:00,11,matutina (06-14),TOLUCA,VALLE TOLUCA,VIOLENCIA CONTRA LAS MUJERES,violencia_genero,2.0,19.26018,-99.64619,COORDENADA
TOL26072502483,2026-07-25,11:53:00,11,matutina (06-14),POLOTITLAN,ATLACOMULCO,VIOLENCIA CONTRA LAS MUJERES,violencia_genero,2.0,20.253274,-99.923041,COORDENADA
TOL26072502489,2026-07-25,11:54:00,11,matutina (06-14),IXTLAHUACA,ATLACOMULCO,RIÑA,rina,1.5,,,MEDIA
TOL26072502586,2026-07-25,12:02:00,12,matutina (06-14),ACAMBAY,ATLACOMULCO,PERSONA AGRESIVA,rina,1.5,19.968082,-99.889133,COORDENADA
TOL26072502690,2026-07-25,12:13:00,12,matutina (06-14),TOLUCA,VALLE TOLUCA,PERSONA AGRESIVA,rina,1.5,19.298475,-99.58448,COORDENADA
TOL26072502710,2026-07-25,12:17:00,12,matutina (06-14),TOLUCA,VALLE TOLUCA,PERSONA AGRESIVA,rina,1.5,19.344595,-99.64724,COORDENADA
TOL26072502770,2026-07-25,12:22:00,12,matutina (06-14),DONATO GUERRA,VALLE DE BRAVO,PERSONA AGRESIVA,rina,1.5,19.323177,-100.150792,COORDENADA
TOL26072502794,2026-07-25,12:24:00,12,matutina (06-14),NAUCALPAN,METROPOLITANA,PORTACION DE ARMA BLANCA,arma_blanca,2.0,19.470055,-99.237545,COORDENADA
TOL26072502839,2026-07-25,12:30:00,12,matutina (06-14),TIANGUISTENCO,VALLE TOLUCA,PERSONA AGRESIVA,rina,1.5,19.205513,-99.42605,COORDENADA
TOL26072502970,2026-07-25,12:46:00,12,matutina (06-14),NAUCALPAN,METROPOLITANA,PERSONA AGRESIVA,rina,1.5,19.50277,-99.23125,COORDENADA
TOL26072502995,2026-07-25,12:48:00,12,matutina (06-14),TOLUCA,VALLE TOLUCA,PERSONA AGRESIVA,rina,1.5,19.26734,-99.68354,COORDENADA
TOL26072503119,2026-07-25,13:02:00,13,matutina (06-14),TIANGUISTENCO,VALLE TOLUCA,PERSONA AGRESIVA,rina,1.5,19.198313,-99.502795,COORDENADA
TOL26072503137,2026-07-25,13:04:00,13,matutina (06-14),TOLUCA,VALLE TOLUCA,AMENAZA DE SUICIDIO,deceso_dudoso,3.0,19.267744,-99.683281,COORDENADA
TOL26072503138,2026-07-25,13:04:00,13,matutina (06-14),ZINACANTEPEC,VALLE TOLUCA,RIÑA,rina,1.5,19.28998,-99.72103,COORDENADA
TOL26072503146,2026-07-25,13:05:00,13,matutina (06-14),TOLUCA,VALLE TOLUCA,VIOLENCIA CONTRA LAS MUJERES,violencia_genero,2.0,19.31264,-99.577205,COORDENADA
TOL26072503211,2026-07-25,13:12:00,13,matutina (06-14),TENANCINGO,IXTAPAN,VIOLENCIA DE PAREJA,violencia_genero,2.0,18.968805,-99.589261,COORDENADA
TOL26072503216,2026-07-25,13:12:00,13,matutina (06-14),NAUCALPAN,METROPOLITANA,PERSONA TIRADA EN VIA PUBLICA,deceso_dudoso,3.0,19.434985,-99.247295,COORDENADA
TOL26072503233,2026-07-25,13:14:00,13,matutina (06-14),NAUCALPAN,METROPOLITANA,PERSONA AGRESIVA,rina,1.5,19.46006,-99.24528,COORDENADA
TOL26072503253,2026-07-25,13:17:00,13,matutina (06-14),TOLUCA,VALLE TOLUCA,VIOLENCIA CONTRA LAS MUJERES,violencia_genero,2.0,19.30118,-99.591345,COORDENADA
TOL26072503345,2026-07-25,13:28:00,13,matutina (06-14),VALLE DE BRAVO,VALLE DE BRAVO,DETONACION POR ARMA DE FUEGO,arma_fuego,4.0,19.17481,-100.09378,COORDENADA
TOL26072503456,2026-07-25,13:38:00,13,matutina (06-14),VALLE DE BRAVO,VALLE DE BRAVO,DETONACION POR ARMA DE FUEGO,arma_fuego,4.0,19.16746,-100.124155,COORDENADA
TOL26072503477,2026-07-25,13:40:00,13,matutina (06-14),TOLUCA,VALLE TOLUCA,VIOLENCIA FAMILIAR,violencia_genero,2.0,19.31264,-99.577205,COORDENADA
TOL26072503498,2026-07-25,13:42:00,13,matutina (06-14),TEMASCALCINGO,ATLACOMULCO,PERSONA AGRESIVA,rina,1.5,,,ALTA
TOL26072503542,2026-07-25,13:47:00,13,matutina (06-14),JOCOTITLAN,ATLACOMULCO,VIOLENCIA DE PAREJA,violencia_genero,2.0,19.777635,-99.96763,COORDENADA
TOL26072503586,2026-07-25,13:52:00,13,matutina (06-14),NAUCALPAN,METROPOLITANA,ROBO A NEGOCIO CON VIOLENCIA,robo_violento,2.0,,,ALTA
TOL26072503665,2026-07-25,14:02:00,14,vespertina (14-22),TOLUCA,VALLE TOLUCA,PERSONA AGRESIVA,rina,1.5,19.33599,-99.68246,COORDENADA
TOL26072503744,2026-07-25,14:11:00,14,vespertina (14-22),ZUMPAHUACAN,SIN CATALOGAR,ALTERACION DEL ORDEN PUBLICO POR PERSONA ALCOHOLIZADA,rina,1.5,18.843608,-99.58808,COORDENADA
TOL26072503757,2026-07-25,14:13:00,14,vespertina (14-22),CHAPA DE MOTA,ATLACOMULCO,VIOLENCIA CONTRA LAS MUJERES,violencia_genero,2.0,,,ALTA
TOL26072503801,2026-07-25,14:19:00,14,vespertina (14-22),HUIXQUILUCAN,METROPOLITANA,EXTORSION TELEFONICA,alta_incidencia,4.0,19.385439,-99.280855,COORDENADA
TOL26072503842,2026-07-25,14:22:00,14,vespertina (14-22),LERMA,SIN CATALOGAR,PERSONA AGRESIVA,rina,1.5,19.3299,-99.45267,COORDENADA
TOL26072503878,2026-07-25,14:26:00,14,vespertina (14-22),TOLUCA,VALLE TOLUCA,ROBO DE MOTOCICLETA CON VIOLENCIA,robo_violento,2.0,19.293105,-99.63406,COORDENADA
TOL26072503980,2026-07-25,14:38:00,14,vespertina (14-22),NAUCALPAN,METROPOLITANA,VIOLENCIA CONTRA LAS MUJERES,violencia_genero,2.0,19.44157,-99.281765,COORDENADA
TOL26072503987,2026-07-25,14:38:00,14,vespertina (14-22),NAUCALPAN,METROPOLITANA,PORTACION DE ARMAS DE FUEGO O CARTUCHOS,arma_fuego,3.0,19.46125,-99.277485,COORDENADA
TOL26072504071,2026-07-25,14:46:00,14,vespertina (14-22),TIANGUISTENCO,VALLE TOLUCA,ROBO DE VEHICULO PARTICULAR CON VIOLENCIA,robo_violento,2.0,19.167758,-99.453856,COORDENADA
TOL26072504106,2026-07-25,14:50:00,14,vespertina (14-22),NAUCALPAN,METROPOLITANA,RIÑA,rina,1.5,19.44163,-99.26428,COORDENADA
TOL26072504270,2026-07-25,15:06:00,15,vespertina (14-22),VILLA DEL CARBON,ATLACOMULCO,PERSONA NO LOCALIZADA O DESAPARECIDA,desaparicion,3.0,19.729099,-99.464788,COORDENADA
TOL26072504285,2026-07-25,15:08:00,15,vespertina (14-22),TOLUCA,VALLE TOLUCA,ALTERACION DEL ORDEN PUBLICO POR PERSONA DROGADA,rina,1.5,19.31817,-99.57504,COORDENADA
TOL26072504347,2026-07-25,15:14:00,15,vespertina (14-22),TOLUCA,VALLE TOLUCA,PERSONA AGRESIVA,rina,1.5,19.34738,-99.71006,COORDENADA
TOL26072504366,2026-07-25,15:16:00,15,vespertina (14-22),TOLUCA,VALLE TOLUCA,ROBO A TRANSEUNTE CON VIOLENCIA,robo_violento,2.0,19.28203,-99.64578,COORDENADA
TOL26072504413,2026-07-25,15:20:00,15,vespertina (14-22),NAUCALPAN,METROPOLITANA,VIOLENCIA CONTRA LAS MUJERES,violencia_genero,2.0,19.47251,-99.23461,COORDENADA
TOL26072504436,2026-07-25,15:24:00,15,vespertina (14-22),NAUCALPAN,METROPOLITANA,VIOLENCIA DE PAREJA,violencia_genero,2.0,19.50591,-99.23584,COORDENADA
TOL26072504452,2026-07-25,15:26:00,15,vespertina (14-22),NAUCALPAN,METROPOLITANA,VIOLENCIA CONTRA LAS MUJERES,violencia_genero,2.0,19.50987,-99.240175,COORDENADA
TOL26072504455,2026-07-25,15:26:00,15,vespertina (14-22),NAUCALPAN,METROPOLITANA,VIOLENCIA CONTRA LAS MUJERES,violencia_genero,2.0,19.44418,-99.27499,COORDENADA
TOL26072504459,2026-07-25,15:26:00,15,vespertina (14-22),TOLUCA,VALLE TOLUCA,PERSONA AGRESIVA,rina,1.5,19.295335,-99.67332,COORDENADA
TOL26072504497,2026-07-25,15:29:00,15,vespertina (14-22),OTZOLOTEPEC,VALLE TOLUCA,DETONACION POR ARMA DE FUEGO,arma_fuego,4.0,19.429279,-99.511334,COORDENADA
TOL26072504504,2026-07-25,15:30:00,15,vespertina (14-22),TOLUCA,VALLE TOLUCA,VIOLENCIA FAMILIAR,violencia_genero,2.0,19.331045,-99.578245,COORDENADA
TOL26072504516,2026-07-25,15:32:00,15,vespertina (14-22),IXTAPAN DE LA SAL,IXTAPAN,ALTERACION DEL ORDEN PUBLICO POR PERSONA ALCOHOLIZADA,rina,1.5,,,MEDIA
TOL26072504540,2026-07-25,15:34:00,15,vespertina (14-22),TOLUCA,VALLE TOLUCA,ROBO A NEGOCIO CON VIOLENCIA,robo_violento,2.0,19.31555,-99.65115,COORDENADA
TOL26072504582,2026-07-25,15:37:00,15,vespertina (14-22),IXTAPAN DE LA SAL,IXTAPAN,PERSONA AGRESIVA,rina,1.5,,,MEDIA
TOL26072504631,2026-07-25,15:41:00,15,vespertina (14-22),METEPEC,VALLE TOLUCA,ROBO DE MOTOCICLETA CON VIOLENCIA,robo_violento,2.0,19.228445,-99.63807,COORDENADA
TOL26072504634,2026-07-25,15:41:00,15,vespertina (14-22),NAUCALPAN,METROPOLITANA,PERSONA AGRESIVA,rina,1.5,19.45933,-99.24464,COORDENADA
TOL26072504640,2026-07-25,15:41:00,15,vespertina (14-22),SAN JOSE DEL RINCON,VALLE DE BRAVO,PERSONA AGRESIVA,rina,1.5,19.566271,-100.170578,COORDENADA
TOL26072504664,2026-07-25,15:43:00,15,vespertina (14-22),NAUCALPAN,METROPOLITANA,VIOLENCIA FAMILIAR,violencia_genero,2.0,19.46465,-99.238615,COORDENADA
TOL26072504679,2026-07-25,15:44:00,15,vespertina (14-22),TENANGO DEL VALLE,IXTAPAN,PERSONA AGRESIVA,rina,1.5,19.091675,-99.590815,COORDENADA
TOL26072504725,2026-07-25,15:49:00,15,vespertina (14-22),HUIXQUILUCAN,METROPOLITANA,PORTACION DE ARMAS DE FUEGO O CARTUCHOS,arma_fuego,3.0,19.330415,-99.345245,COORDENADA
TOL26072504726,2026-07-25,15:49:00,15,vespertina (14-22),SAN MATEO ATENCO,VALLE TOLUCA,PERSONA AGRESIVA,rina,1.5,19.275595,-99.5616,COORDENADA
TOL26072504855,2026-07-25,16:04:00,16,vespertina (14-22),TENANCINGO,IXTAPAN,PERSONA AGRESIVA,rina,1.5,18.963262,-99.579628,COORDENADA
TOL26072504886,2026-07-25,16:06:00,16,vespertina (14-22),ALMOLOYA,VALLE TOLUCA,VIOLENCIA CONTRA LAS MUJERES,violencia_genero,2.0,19.358209,-99.74586,COORDENADA
TOL26072504918,2026-07-25,16:09:00,16,vespertina (14-22),ZINACANTEPEC,VALLE TOLUCA,ALTERACION DEL ORDEN PUBLICO POR PERSONA ALCOHOLIZADA,rina,1.5,19.245915,-99.75803,COORDENADA
TOL26072504939,2026-07-25,16:12:00,16,vespertina (14-22),ZINACANTEPEC,VALLE TOLUCA,PERSONA AGRESIVA,rina,1.5,19.29992,-99.734765,COORDENADA
TOL26072505006,2026-07-25,16:20:00,16,vespertina (14-22),TOLUCA,VALLE TOLUCA,ALTERACION DEL ORDEN PUBLICO POR PERSONA DROGADA,rina,1.5,19.30996,-99.624065,COORDENADA
TOL26072505013,2026-07-25,16:20:00,16,vespertina (14-22),TOLUCA,VALLE TOLUCA,VIOLENCIA FAMILIAR,violencia_genero,2.0,19.21303,-99.66422,COORDENADA
TOL26072505014,2026-07-25,16:20:00,16,vespertina (14-22),ATIZAPAN,METROPOLITANA,RIÑA,rina,1.5,19.176809,-99.486496,COORDENADA
TOL26072505028,2026-07-25,16:21:00,16,vespertina (14-22),SAN MATEO ATENCO,VALLE TOLUCA,PERSONA AGRESIVA,rina,1.5,19.28453,-99.56285,COORDENADA
TOL26072505055,2026-07-25,16:24:00,16,vespertina (14-22),TOLUCA,VALLE TOLUCA,AMENAZA DE SUICIDIO,deceso_dudoso,3.0,19.3821,-99.64004,COORDENADA
TOL26072505063,2026-07-25,16:25:00,16,vespertina (14-22),TENANCINGO,IXTAPAN,VIOLENCIA DE PAREJA,violencia_genero,2.0,18.972001,-99.59185,COORDENADA
TOL26072505154,2026-07-25,16:32:00,16,vespertina (14-22),METEPEC,VALLE TOLUCA,PERSONA AGRESIVA,rina,1.5,19.26276,-99.63107,COORDENADA
TOL26072505162,2026-07-25,16:33:00,16,vespertina (14-22),SAN JOSE DEL RINCON,VALLE DE BRAVO,PORTACION DE ARMAS DE FUEGO O CARTUCHOS,arma_fuego,3.0,19.550208,-100.12903,COORDENADA
TOL26072505174,2026-07-25,16:34:00,16,vespertina (14-22),TOLUCA,VALLE TOLUCA,VIOLENCIA FAMILIAR,violencia_genero,2.0,19.3307,-99.591455,COORDENADA
TOL26072505240,2026-07-25,16:40:00,16,vespertina (14-22),NAUCALPAN,METROPOLITANA,PERSONA AGRESIVA,rina,1.5,19.43904,-99.2755,COORDENADA
TOL26072505286,2026-07-25,16:45:00,16,vespertina (14-22),TOLUCA,VALLE TOLUCA,ALTERACION DEL ORDEN PUBLICO POR PERSONA ALCOHOLIZADA,rina,1.5,19.30996,-99.624065,COORDENADA
TOL26072505346,2026-07-25,16:52:00,16,vespertina (14-22),SAN MATEO ATENCO,VALLE TOLUCA,PERSONA AGRESIVA,rina,1.5,19.28168,-99.55859,COORDENADA
TOL26072505410,2026-07-25,16:58:00,16,vespertina (14-22),NAUCALPAN,METROPOLITANA,VIOLENCIA CONTRA LAS MUJERES,violencia_genero,2.0,19.42687,-99.24952,COORDENADA
TOL26072505424,2026-07-25,16:59:00,16,vespertina (14-22),NAUCALPAN,METROPOLITANA,ROBO A NEGOCIO CON VIOLENCIA,robo_violento,2.0,19.46579,-99.23333,COORDENADA
TOL26072505429,2026-07-25,17:00:00,17,vespertina (14-22),NAUCALPAN,METROPOLITANA,VIOLENCIA FAMILIAR,violencia_genero,2.0,19.49471,-99.244965,COORDENADA
TOL26072505468,2026-07-25,17:03:00,17,vespertina (14-22),TOLUCA,VALLE TOLUCA,RIÑA,rina,1.5,19.25954,-99.68878,COORDENADA
TOL26072505487,2026-07-25,17:04:00,17,vespertina (14-22),TOLUCA,VALLE TOLUCA,VIOLENCIA FAMILIAR,violencia_genero,2.0,19.35513,-99.6505,COORDENADA
TOL26072505512,2026-07-25,17:06:00,17,vespertina (14-22),JILOTEPEC,ATLACOMULCO,VIOLENCIA FAMILIAR,violencia_genero,2.0,19.910356,-99.558162,COORDENADA
TOL26072505526,2026-07-25,17:08:00,17,vespertina (14-22),NAUCALPAN,METROPOLITANA,ALTERACION DEL ORDEN PUBLICO POR PERSONA ALCOHOLIZADA,rina,1.5,19.439605,-99.25713,COORDENADA
TOL26072505555,2026-07-25,17:11:00,17,vespertina (14-22),TIANGUISTENCO,VALLE TOLUCA,PERSONA AGRESIVA,rina,1.5,,,MEDIA
TOL26072505602,2026-07-25,17:18:00,17,vespertina (14-22),NAUCALPAN,METROPOLITANA,VIOLENCIA CONTRA LAS MUJERES,violencia_genero,2.0,19.44694,-99.276335,COORDENADA
TOL26072505619,2026-07-25,17:20:00,17,vespertina (14-22),JIQUIPILCO,ATLACOMULCO,DETONACION POR ARMA DE FUEGO,arma_fuego,4.0,19.529058,-99.607729,COORDENADA
TOL26072505660,2026-07-25,17:24:00,17,vespertina (14-22),ALMOLOYA,VALLE TOLUCA,PERSONA AGRESIVA,rina,1.5,19.342468,-99.751245,COORDENADA
TOL26072505677,2026-07-25,17:26:00,17,vespertina (14-22),NAUCALPAN,METROPOLITANA,PERSONA AGRESIVA,rina,1.5,19.446485,-99.262245,COORDENADA
TOL26072505726,2026-07-25,17:31:00,17,vespertina (14-22),ZINACANTEPEC,VALLE TOLUCA,PERSONA AGRESIVA,rina,1.5,19.307185,-99.731505,COORDENADA
TOL26072505787,2026-07-25,17:37:00,17,vespertina (14-22),TENANGO DEL VALLE,IXTAPAN,ROBO A TRANSEUNTE CON VIOLENCIA,robo_violento,2.0,19.093444,-99.604604,COORDENADA
TOL26072505842,2026-07-25,17:44:00,17,vespertina (14-22),IXTLAHUACA,ATLACOMULCO,VIOLENCIA CONTRA LAS MUJERES,violencia_genero,2.0,19.67236,-99.819458,COORDENADA
TOL26072505873,2026-07-25,17:47:00,17,vespertina (14-22),TEJUPILCO,IXTAPAN,PORTACION DE ARMAS DE FUEGO O CARTUCHOS,arma_fuego,3.0,18.97462,-100.13294,COORDENADA
TOL26072505890,2026-07-25,17:49:00,17,vespertina (14-22),ZINACANTEPEC,VALLE TOLUCA,VIOLENCIA CONTRA LAS MUJERES,violencia_genero,2.0,19.257955,-99.76416,COORDENADA
TOL26072505899,2026-07-25,17:49:00,17,vespertina (14-22),DONATO GUERRA,VALLE DE BRAVO,VIOLENCIA CONTRA LAS MUJERES,violencia_genero,2.0,19.285742,-100.209244,COORDENADA
TOL26072505930,2026-07-25,17:54:00,17,vespertina (14-22),TOLUCA,VALLE TOLUCA,PERSONA AGRESIVA,rina,1.5,19.27168,-99.690865,COORDENADA
TOL26072505957,2026-07-25,17:56:00,17,vespertina (14-22),SAN MATEO ATENCO,VALLE TOLUCA,PERSONA LESIONADA POR PROYECTIL DE ARMA DE FUEGO,arma_fuego,6.0,,,ALTA
TOL26072505970,2026-07-25,17:57:00,17,vespertina (14-22),TOLUCA,VALLE TOLUCA,VIOLENCIA FAMILIAR,violencia_genero,2.0,19.30996,-99.624065,COORDENADA
TOL26072506023,2026-07-25,18:02:00,18,vespertina (14-22),JOCOTITLAN,ATLACOMULCO,RIÑA,rina,1.5,19.678925,-99.81994,COORDENADA
TOL26072506025,2026-07-25,18:03:00,18,vespertina (14-22),TEMASCALCINGO,ATLACOMULCO,RIÑA,rina,1.5,19.8679,-100.0289,COORDENADA
TOL26072506069,2026-07-25,18:07:00,18,vespertina (14-22),XONACATLAN,SIN CATALOGAR,VIOLENCIA CONTRA LAS MUJERES,violencia_genero,2.0,19.412615,-99.490913,COORDENADA
TOL26072506237,2026-07-25,18:23:00,18,vespertina (14-22),ZINACANTEPEC,VALLE TOLUCA,PERSONA AGRESIVA,rina,1.5,,,MEDIA
TOL26072506291,2026-07-25,18:29:00,18,vespertina (14-22),TOLUCA,VALLE TOLUCA,RIÑA,rina,1.5,19.35611,-99.595785,COORDENADA
TOL26072506294,2026-07-25,18:29:00,18,vespertina (14-22),TOLUCA,VALLE TOLUCA,RIÑA,rina,1.5,19.35611,-99.595785,COORDENADA
TOL26072506388,2026-07-25,18:37:00,18,vespertina (14-22),TOLUCA,VALLE TOLUCA,PERSONA LESIONADA POR ARMA BLANCA,arma_blanca,3.0,19.3228,-99.542955,COORDENADA
TOL26072506395,2026-07-25,18:38:00,18,vespertina (14-22),TOLUCA,VALLE TOLUCA,PERSONA LESIONADA POR ARMA BLANCA,arma_blanca,3.0,19.3228,-99.542955,COORDENADA
TOL26072506397,2026-07-25,18:38:00,18,vespertina (14-22),TOLUCA,VALLE TOLUCA,PERSONA LESIONADA POR ARMA BLANCA,arma_blanca,3.0,19.3228,-99.542955,COORDENADA
TOL26072506437,2026-07-25,18:42:00,18,vespertina (14-22),TOLUCA,VALLE TOLUCA,PERSONA LESIONADA POR ARMA BLANCA,arma_blanca,3.0,19.31837,-99.54363,COORDENADA
TOL26072506485,2026-07-25,18:47:00,18,vespertina (14-22),TENANCINGO,IXTAPAN,VIOLENCIA CONTRA LAS MUJERES,violencia_genero,2.0,18.960034,-99.595606,COORDENADA
TOL26072506486,2026-07-25,18:47:00,18,vespertina (14-22),HUIXQUILUCAN,METROPOLITANA,DETONACION POR ARMA DE FUEGO,arma_fuego,4.0,19.385439,-99.280855,COORDENADA
TOL26072506519,2026-07-25,18:49:00,18,vespertina (14-22),NAUCALPAN,METROPOLITANA,PERSONA LESIONADA POR ARMA BLANCA,arma_blanca,3.0,19.471703,-99.237493,COORDENADA
TOL26072506555,2026-07-25,18:52:00,18,vespertina (14-22),NAUCALPAN,METROPOLITANA,PERSONA TIRADA EN LA VIA PUBLICA CON HUELLAS DE VIOLENCIA,letal,5.0,19.470055,-99.237545,COORDENADA
TOL26072506581,2026-07-25,18:54:00,18,vespertina (14-22),ACULCO,ATLACOMULCO,RIÑA,rina,1.5,20.09807,-99.82866,COORDENADA
TOL26072506593,2026-07-25,18:55:00,18,vespertina (14-22),TOLUCA,VALLE TOLUCA,DETONACION POR ARMA DE FUEGO,arma_fuego,4.0,19.35754,-99.57007,COORDENADA
TOL26072506638,2026-07-25,18:58:00,18,vespertina (14-22),TOLUCA,VALLE TOLUCA,ROBO A TRANSEUNTE CON VIOLENCIA,robo_violento,2.0,19.299437,-99.659757,COORDENADA
TOL26072506672,2026-07-25,19:02:00,19,vespertina (14-22),SAN ANTONIO LA ISLA,SIN CATALOGAR,PERSONA AGRESIVA,rina,1.5,19.173079,-99.561381,COORDENADA
TOL26072506751,2026-07-25,19:10:00,19,vespertina (14-22),CHAPA DE MOTA,ATLACOMULCO,ALTERACION DEL ORDEN PUBLICO POR PERSONA DROGADA,rina,1.5,19.858195,-99.633874,COORDENADA
TOL26072506768,2026-07-25,19:12:00,19,vespertina (14-22),LERMA,SIN CATALOGAR,PERSONA AGRESIVA,rina,1.5,19.320952,-99.46155,COORDENADA
TOL26072506815,2026-07-25,19:16:00,19,vespertina (14-22),JILOTEPEC,ATLACOMULCO,PERSONA AGRESIVA,rina,1.5,20.015043,-99.57894,COORDENADA
TOL26072506838,2026-07-25,19:18:00,19,vespertina (14-22),TOLUCA,VALLE TOLUCA,PERSONA AGRESIVA,rina,1.5,19.287235,-99.689635,COORDENADA
TOL26072506844,2026-07-25,19:18:00,19,vespertina (14-22),TOLUCA,VALLE TOLUCA,DETONACION POR ARMA DE FUEGO,arma_fuego,4.0,19.23072,-99.67133,COORDENADA
TOL26072506847,2026-07-25,19:19:00,19,vespertina (14-22),VILLA VICTORIA,VALLE DE BRAVO,RIÑA,rina,1.5,19.372443,-99.926276,COORDENADA
TOL26072506865,2026-07-25,19:21:00,19,vespertina (14-22),NAUCALPAN,METROPOLITANA,DETONACION POR ARMA DE FUEGO,arma_fuego,4.0,19.44776,-99.26667,COORDENADA
TOL26072506917,2026-07-25,19:26:00,19,vespertina (14-22),TOLUCA,VALLE TOLUCA,PERSONA LESIONADA POR OBJETO CONTUNDENTE,rina,1.5,19.35754,-99.57007,COORDENADA
TOL26072506926,2026-07-25,19:27:00,19,vespertina (14-22),NAUCALPAN,METROPOLITANA,VIOLENCIA CONTRA LAS MUJERES,violencia_genero,2.0,19.500941,-99.242013,COORDENADA
TOL26072506941,2026-07-25,19:28:00,19,vespertina (14-22),VILLA VICTORIA,VALLE DE BRAVO,EXTORSION TELEFONICA,alta_incidencia,4.0,19.335635,-99.937978,COORDENADA
TOL26072506943,2026-07-25,19:28:00,19,vespertina (14-22),LERMA,SIN CATALOGAR,VIOLENCIA FAMILIAR,violencia_genero,2.0,19.32747,-99.46787,COORDENADA
TOL26072506971,2026-07-25,19:30:00,19,vespertina (14-22),TENANCINGO,IXTAPAN,VIOLENCIA FAMILIAR,violencia_genero,2.0,18.964158,-99.581542,COORDENADA
TOL26072507052,2026-07-25,19:37:00,19,vespertina (14-22),LERMA,SIN CATALOGAR,VIOLENCIA CONTRA LAS MUJERES,violencia_genero,2.0,19.30799,-99.39082,COORDENADA
TOL26072507089,2026-07-25,19:39:00,19,vespertina (14-22),ACAMBAY,ATLACOMULCO,VIOLENCIA CONTRA LAS MUJERES,violencia_genero,2.0,19.940199,-99.907784,COORDENADA
TOL26072507190,2026-07-25,19:47:00,19,vespertina (14-22),HUIXQUILUCAN,METROPOLITANA,PERSONA AGRESIVA,rina,1.5,19.41305,-99.27563,COORDENADA
TOL26072507227,2026-07-25,19:51:00,19,vespertina (14-22),CHAPA DE MOTA,ATLACOMULCO,RIÑA,rina,1.5,19.809298,-99.553819,COORDENADA
TOL26072507237,2026-07-25,19:51:00,19,vespertina (14-22),OCOYOACAC,VALLE TOLUCA,ALTERACION DEL ORDEN PUBLICO POR PERSONA ALCOHOLIZADA,rina,1.5,19.27303,-99.46882,COORDENADA
TOL26072507249,2026-07-25,19:52:00,19,vespertina (14-22),HUIXQUILUCAN,METROPOLITANA,ROBO A NEGOCIO CON VIOLENCIA,robo_violento,2.0,19.385439,-99.280855,COORDENADA
TOL26072507316,2026-07-25,19:57:00,19,vespertina (14-22),ZINACANTEPEC,VALLE TOLUCA,VIOLENCIA CONTRA LAS MUJERES,violencia_genero,2.0,19.257955,-99.76416,COORDENADA
TOL26072507317,2026-07-25,19:58:00,19,vespertina (14-22),TOLUCA,VALLE TOLUCA,PERSONA AGRESIVA,rina,1.5,19.352105,-99.58723,COORDENADA
TOL26072507324,2026-07-25,19:58:00,19,vespertina (14-22),METEPEC,VALLE TOLUCA,PERSONA AGRESIVA,rina,1.5,19.26026,-99.58508,COORDENADA
TOL26072507369,2026-07-25,20:06:00,20,vespertina (14-22),ZINACANTEPEC,VALLE TOLUCA,VIOLENCIA CONTRA LAS MUJERES,violencia_genero,2.0,19.25385,-99.75677,COORDENADA
TOL26072507426,2026-07-25,20:12:00,20,vespertina (14-22),HUIXQUILUCAN,METROPOLITANA,PERSONA AGRESIVA,rina,1.5,19.41899,-99.26678,COORDENADA
TOL26072507476,2026-07-25,20:16:00,20,vespertina (14-22),MEXICALTZINGO,VALLE TOLUCA,VIOLENCIA CONTRA LAS MUJERES,violencia_genero,2.0,19.21534,-99.585648,COORDENADA
TOL26072507490,2026-07-25,20:17:00,20,vespertina (14-22),NAUCALPAN,METROPOLITANA,VIOLENCIA CONTRA LAS MUJERES,violencia_genero,2.0,19.451485,-99.280845,COORDENADA
TOL26072507503,2026-07-25,20:18:00,20,vespertina (14-22),TOLUCA,VALLE TOLUCA,PERSONA AGRESIVA,rina,1.5,19.262025,-99.678685,COORDENADA
TOL26072507514,2026-07-25,20:18:00,20,vespertina (14-22),HUIXQUILUCAN,METROPOLITANA,ROBO A GASOLINERA CON VIOLENCIA,robo_violento,2.0,19.382825,-99.29393,COORDENADA
TOL26072507526,2026-07-25,20:20:00,20,vespertina (14-22),OCOYOACAC,VALLE TOLUCA,RIÑA,rina,1.5,19.26735,-99.45735,COORDENADA
TOL26072507574,2026-07-25,20:23:00,20,vespertina (14-22),TOLUCA,VALLE TOLUCA,ALTERACION DEL ORDEN PUBLICO POR PERSONA DROGADA,rina,1.5,19.27108,-99.64799,COORDENADA
TOL26072507600,2026-07-25,20:27:00,20,vespertina (14-22),SAN JOSE DEL RINCON,VALLE DE BRAVO,DETONACION POR ARMA DE FUEGO,arma_fuego,4.0,19.557016,-100.144332,COORDENADA
TOL26072507654,2026-07-25,20:31:00,20,vespertina (14-22),TOLUCA,VALLE TOLUCA,VIOLENCIA FAMILIAR,violencia_genero,2.0,19.32469,-99.59717,COORDENADA
TOL26072507658,2026-07-25,20:32:00,20,vespertina (14-22),TIMILPAN,ATLACOMULCO,PERSONA NO LOCALIZADA O DESAPARECIDA,desaparicion,3.0,19.871015,-99.688639,COORDENADA
TOL26072507665,2026-07-25,20:33:00,20,vespertina (14-22),TOLUCA,VALLE TOLUCA,PORTACION DE ARMA BLANCA,arma_blanca,2.0,19.330154,-99.60853,COORDENADA
TOL26072507685,2026-07-25,20:35:00,20,vespertina (14-22),TENANGO DEL VALLE,IXTAPAN,PERSONA AGRESIVA,rina,1.5,19.107535,-99.583614,COORDENADA
TOL26072507726,2026-07-25,20:39:00,20,vespertina (14-22),ATLACOMULCO,ATLACOMULCO,VIOLENCIA FAMILIAR,violencia_genero,2.0,19.78632,-99.84662,COORDENADA
TOL26072507736,2026-07-25,20:39:00,20,vespertina (14-22),SAN JOSE DEL RINCON,VALLE DE BRAVO,DETONACION POR ARMA DE FUEGO,arma_fuego,4.0,19.557016,-100.144332,COORDENADA
TOL26072507737,2026-07-25,20:39:00,20,vespertina (14-22),SAN FELIPE DEL PROGRESO,VALLE DE BRAVO,VIOLENCIA CONTRA LAS MUJERES,violencia_genero,2.0,,,ALTA
TOL26072507739,2026-07-25,20:40:00,20,vespertina (14-22),OTZOLOTEPEC,VALLE TOLUCA,PORTACION DE ARMAS DE FUEGO O CARTUCHOS,arma_fuego,3.0,19.419274,-99.559388,COORDENADA
TOL26072507767,2026-07-25,20:41:00,20,vespertina (14-22),HUIXQUILUCAN,METROPOLITANA,PERSONA AGRESIVA,rina,1.5,19.38141,-99.30607,COORDENADA
TOL26072507817,2026-07-25,20:46:00,20,vespertina (14-22),SAN MATEO ATENCO,VALLE TOLUCA,PERSONA LESIONADA DURANTE ALTERACION DEL ORDEN PUBLICO O POR RIÑA,rina,1.5,19.279785,-99.533915,COORDENADA
TOL26072507830,2026-07-25,20:47:00,20,vespertina (14-22),TENANCINGO,IXTAPAN,RIÑA,rina,1.5,18.994413,-99.570749,COORDENADA
TOL26072507885,2026-07-25,20:50:00,20,vespertina (14-22),METEPEC,VALLE TOLUCA,PERSONA AGRESIVA,rina,1.5,19.26553,-99.60009,COORDENADA
TOL26072507888,2026-07-25,20:51:00,20,vespertina (14-22),METEPEC,VALLE TOLUCA,RIÑA,rina,1.5,19.26376,-99.594695,COORDENADA
TOL26072507909,2026-07-25,20:53:00,20,vespertina (14-22),DONATO GUERRA,VALLE DE BRAVO,PERSONA AGRESIVA,rina,1.5,19.308066,-100.14198,COORDENADA
TOL26072507927,2026-07-25,20:54:00,20,vespertina (14-22),SAN MATEO ATENCO,VALLE TOLUCA,RIÑA,rina,1.5,19.28201,-99.53347,COORDENADA
TOL26072507949,2026-07-25,20:57:00,20,vespertina (14-22),XONACATLAN,SIN CATALOGAR,PERSONA AGRESIVA,rina,1.5,19.37244,-99.55115,COORDENADA
TOL26072507969,2026-07-25,20:58:00,20,vespertina (14-22),TOLUCA,VALLE TOLUCA,PERSONA AGRESIVA,rina,1.5,19.3711,-99.64864,COORDENADA
TOL26072507971,2026-07-25,20:58:00,20,vespertina (14-22),TOLUCA,VALLE TOLUCA,DETONACION POR ARMA DE FUEGO,arma_fuego,4.0,19.23127,-99.670315,COORDENADA
TOL26072508005,2026-07-25,21:02:00,21,vespertina (14-22),VILLA VICTORIA,VALLE DE BRAVO,VIOLENCIA FAMILIAR,violencia_genero,2.0,19.535833,-99.947651,COORDENADA
TOL26072508035,2026-07-25,21:05:00,21,vespertina (14-22),EL ORO,VALLE DE BRAVO,ALTERACION DEL ORDEN PUBLICO POR PERSONA ALCOHOLIZADA,rina,1.5,19.795574,-99.988317,COORDENADA
TOL26072508036,2026-07-25,21:05:00,21,vespertina (14-22),XALATLACO,VALLE TOLUCA,VIOLENCIA FAMILIAR,violencia_genero,2.0,19.176998,-99.42362,COORDENADA
TOL26072508045,2026-07-25,21:05:00,21,vespertina (14-22),ZINACANTEPEC,VALLE TOLUCA,PERSONA AGRESIVA,rina,1.5,19.287445,-99.724,COORDENADA
TOL26072508052,2026-07-25,21:06:00,21,vespertina (14-22),TOLUCA,VALLE TOLUCA,PERSONA AGRESIVA,rina,1.5,19.344595,-99.64724,COORDENADA
TOL26072508085,2026-07-25,21:11:00,21,vespertina (14-22),TOLUCA,VALLE TOLUCA,VIOLENCIA CONTRA LAS MUJERES,violencia_genero,2.0,19.330154,-99.60853,COORDENADA
TOL26072508122,2026-07-25,21:14:00,21,vespertina (14-22),TIANGUISTENCO,VALLE TOLUCA,RIÑA,rina,1.5,19.136116,-99.429322,COORDENADA
TOL26072508154,2026-07-25,21:18:00,21,vespertina (14-22),JOCOTITLAN,ATLACOMULCO,VIOLENCIA CONTRA LAS MUJERES,violencia_genero,2.0,19.702798,-99.824597,COORDENADA
TOL26072508162,2026-07-25,21:19:00,21,vespertina (14-22),CAPULHUAC,SIN CATALOGAR,PERSONA AGRESIVA,rina,1.5,19.186069,-99.471002,COORDENADA
TOL26072508182,2026-07-25,21:21:00,21,vespertina (14-22),EL ORO,VALLE DE BRAVO,PERSONA AGRESIVA,rina,1.5,19.795574,-99.988317,COORDENADA
TOL26072508190,2026-07-25,21:22:00,21,vespertina (14-22),TEMASCALCINGO,ATLACOMULCO,PERSONA AGRESIVA,rina,1.5,19.873732,-100.012496,COORDENADA
TOL26072508227,2026-07-25,21:26:00,21,vespertina (14-22),TEMOAYA,VALLE TOLUCA,ALTERACION DEL ORDEN PUBLICO POR PERSONA ALCOHOLIZADA,rina,1.5,19.483597,-99.563678,COORDENADA
TOL26072508228,2026-07-25,21:26:00,21,vespertina (14-22),VILLA DE ALLENDE,SIN CATALOGAR,VIOLENCIA FAMILIAR,violencia_genero,2.0,19.423174,-100.130218,COORDENADA
TOL26072508238,2026-07-25,21:27:00,21,vespertina (14-22),OCOYOACAC,VALLE TOLUCA,VIOLENCIA CONTRA LAS MUJERES,violencia_genero,2.0,19.26291,-99.484455,COORDENADA
TOL26072508274,2026-07-25,21:32:00,21,vespertina (14-22),TIANGUISTENCO,VALLE TOLUCA,PERSONA AGRESIVA,rina,1.5,19.138657,-99.430113,COORDENADA
TOL26072508280,2026-07-25,21:33:00,21,vespertina (14-22),TOLUCA,VALLE TOLUCA,PERSONA AGRESIVA,rina,1.5,19.32364,-99.63944,COORDENADA
TOL26072508294,2026-07-25,21:34:00,21,vespertina (14-22),TOLUCA,VALLE TOLUCA,PERSONA TIRADA EN VIA PUBLICA,deceso_dudoso,3.0,19.30047,-99.63525,COORDENADA
TOL26072508302,2026-07-25,21:35:00,21,vespertina (14-22),NAUCALPAN,METROPOLITANA,RIÑA,rina,1.5,19.46089,-99.26406,COORDENADA
TOL26072508307,2026-07-25,21:36:00,21,vespertina (14-22),JILOTEPEC,ATLACOMULCO,PORTACION DE ARMA BLANCA,arma_blanca,2.0,19.957184,-99.538421,COORDENADA
TOL26072508332,2026-07-25,21:39:00,21,vespertina (14-22),MORELOS,ATLACOMULCO,DETONACION POR ARMA DE FUEGO,arma_fuego,4.0,19.784109,-99.685705,COORDENADA
TOL26072508338,2026-07-25,21:41:00,21,vespertina (14-22),TOLUCA,VALLE TOLUCA,ALTERACION DEL ORDEN PUBLICO POR PERSONA DROGADA,rina,1.5,19.31274,-99.607,COORDENADA
TOL26072508344,2026-07-25,21:41:00,21,vespertina (14-22),NAUCALPAN,METROPOLITANA,ALTERACION DEL ORDEN PUBLICO POR PERSONA ALCOHOLIZADA,rina,1.5,19.45997,-99.26827,COORDENADA
TOL26072508347,2026-07-25,21:42:00,21,vespertina (14-22),LERMA,SIN CATALOGAR,RIÑA,rina,1.5,19.2807,-99.51431,COORDENADA
TOL26072508348,2026-07-25,21:42:00,21,vespertina (14-22),NAUCALPAN,METROPOLITANA,RIÑA,rina,1.5,19.46458,-99.260995,COORDENADA
TOL26072508399,2026-07-25,21:48:00,21,vespertina (14-22),HUIXQUILUCAN,METROPOLITANA,PORTACION DE ARMAS DE FUEGO O CARTUCHOS,arma_fuego,3.0,19.38301,-99.3771,COORDENADA
TOL26072508406,2026-07-25,21:49:00,21,vespertina (14-22),TOLUCA,VALLE TOLUCA,VIOLENCIA CONTRA LAS MUJERES,violencia_genero,2.0,19.33599,-99.68246,COORDENADA
TOL26072508419,2026-07-25,21:50:00,21,vespertina (14-22),OCOYOACAC,VALLE TOLUCA,ALTERACION DEL ORDEN PUBLICO POR PERSONA ALCOHOLIZADA,rina,1.5,19.285415,-99.456096,COORDENADA
TOL26072508420,2026-07-25,21:50:00,21,vespertina (14-22),METEPEC,VALLE TOLUCA,ALTERACION DEL ORDEN PUBLICO POR PERSONA ALCOHOLIZADA,rina,1.5,19.23273,-99.53013,COORDENADA
TOL26072508450,2026-07-25,21:54:00,21,vespertina (14-22),OTZOLOTEPEC,VALLE TOLUCA,DETONACION POR ARMA DE FUEGO,arma_fuego,4.0,19.442961,-99.532016,COORDENADA
TOL26072508451,2026-07-25,21:54:00,21,vespertina (14-22),JOCOTITLAN,ATLACOMULCO,VIOLENCIA CONTRA LAS MUJERES,violencia_genero,2.0,19.750598,-99.968193,COORDENADA
TOL26072508483,2026-07-25,21:59:00,21,vespertina (14-22),TENANCINGO,IXTAPAN,PERSONA AGRESIVA,rina,1.5,18.996823,-99.572901,COORDENADA
TOL26072508492,2026-07-25,22:00:00,22,nocturna (22-06),TOLUCA,VALLE TOLUCA,ALTERACION DEL ORDEN PUBLICO POR PERSONA ALCOHOLIZADA,rina,1.5,19.37262,-99.5828,COORDENADA
TOL26072508498,2026-07-25,22:00:00,22,nocturna (22-06),NAUCALPAN,METROPOLITANA,ALTERACION DEL ORDEN PUBLICO POR PERSONA ALCOHOLIZADA,rina,1.5,19.43023,-99.27028,COORDENADA
TOL26072508522,2026-07-25,22:04:00,22,nocturna (22-06),NAUCALPAN,METROPOLITANA,PERSONA AGRESIVA,rina,1.5,19.44104,-99.28534,COORDENADA
TOL26072508524,2026-07-25,22:04:00,22,nocturna (22-06),NAUCALPAN,METROPOLITANA,PORTACION DE ARMA BLANCA,arma_blanca,2.0,19.44104,-99.28534,COORDENADA
TOL26072508570,2026-07-25,22:09:00,22,nocturna (22-06),NAUCALPAN,METROPOLITANA,HOMICIDIO,letal,10.0,19.470055,-99.237545,COORDENADA
TOL26072508580,2026-07-25,22:10:00,22,nocturna (22-06),SAN ANTONIO LA ISLA,SIN CATALOGAR,ALTERACION DEL ORDEN PUBLICO POR PERSONA DROGADA,rina,1.5,19.176853,-99.558751,COORDENADA
TOL26072508587,2026-07-25,22:11:00,22,nocturna (22-06),TOLUCA,VALLE TOLUCA,PERSONA AGRESIVA,rina,1.5,19.24019,-99.63826,COORDENADA
TOL26072508591,2026-07-25,22:11:00,22,nocturna (22-06),TOLUCA,VALLE TOLUCA,PERSONA AGRESIVA,rina,1.5,19.240213,-99.638327,COORDENADA
TOL26072508609,2026-07-25,22:13:00,22,nocturna (22-06),TOLUCA,VALLE TOLUCA,TENTATIVA DE SUICIDIO,deceso_dudoso,3.0,19.30166,-99.64917,COORDENADA
TOL26072508639,2026-07-25,22:17:00,22,nocturna (22-06),VALLE DE BRAVO,VALLE DE BRAVO,VIOLENCIA FAMILIAR,violencia_genero,2.0,19.23063,-100.13762,COORDENADA
TOL26072508649,2026-07-25,22:18:00,22,nocturna (22-06),JILOTEPEC,ATLACOMULCO,PERSONA AGRESIVA,rina,1.5,19.970285,-99.544985,COORDENADA
TOL26072508683,2026-07-25,22:24:00,22,nocturna (22-06),SAN ANTONIO LA ISLA,SIN CATALOGAR,VIOLENCIA FAMILIAR,violencia_genero,2.0,19.165311,-99.565232,COORDENADA
TOL26072508684,2026-07-25,22:24:00,22,nocturna (22-06),SAN ANTONIO LA ISLA,SIN CATALOGAR,PERSONA AGRESIVA,rina,1.5,19.176554,-99.561461,COORDENADA
TOL26072508703,2026-07-25,22:27:00,22,nocturna (22-06),ALMOLOYA,VALLE TOLUCA,DETONACION POR ARMA DE FUEGO,arma_fuego,4.0,19.410375,-99.859163,COORDENADA
TOL26072508710,2026-07-25,22:29:00,22,nocturna (22-06),TENANCINGO,IXTAPAN,ALTERACION DEL ORDEN PUBLICO POR PERSONA DROGADA,rina,1.5,18.978642,-99.530809,COORDENADA
TOL26072508713,2026-07-25,22:30:00,22,nocturna (22-06),TOLUCA,VALLE TOLUCA,EXTORSION TELEFONICA,alta_incidencia,4.0,19.33765,-99.61043,COORDENADA
TOL26072508732,2026-07-25,22:31:00,22,nocturna (22-06),TEMOAYA,VALLE TOLUCA,VIOLENCIA CONTRA LAS MUJERES,violencia_genero,2.0,,,MEDIA
TOL26072508738,2026-07-25,22:33:00,22,nocturna (22-06),TENANCINGO,IXTAPAN,RIÑA,rina,1.5,18.964583,-99.5812,COORDENADA
TOL26072508741,2026-07-25,22:33:00,22,nocturna (22-06),JOQUICINGO,IXTAPAN,RIÑA,rina,1.5,19.112115,-99.52707,COORDENADA
TOL26072508746,2026-07-25,22:33:00,22,nocturna (22-06),NAUCALPAN,METROPOLITANA,PERSONA LESIONADA POR PROYECTIL DE ARMA DE FUEGO,arma_fuego,6.0,19.46318,-99.2646,COORDENADA
TOL26072508748,2026-07-25,22:34:00,22,nocturna (22-06),NAUCALPAN,METROPOLITANA,DETONACION POR ARMA DE FUEGO,arma_fuego,4.0,19.46089,-99.26406,COORDENADA
TOL26072508750,2026-07-25,22:34:00,22,nocturna (22-06),TENANCINGO,IXTAPAN,DETONACION POR ARMA DE FUEGO,arma_fuego,4.0,18.978345,-99.527224,COORDENADA
TOL26072508755,2026-07-25,22:35:00,22,nocturna (22-06),NAUCALPAN,METROPOLITANA,ALTERACION DEL ORDEN PUBLICO POR PERSONA ALCOHOLIZADA,rina,1.5,19.46089,-99.26406,COORDENADA
TOL26072508756,2026-07-25,22:35:00,22,nocturna (22-06),NAUCALPAN,METROPOLITANA,DETONACION POR ARMA DE FUEGO,arma_fuego,4.0,19.46089,-99.26406,COORDENADA
TOL26072508760,2026-07-25,22:36:00,22,nocturna (22-06),NAUCALPAN,METROPOLITANA,DETONACION POR ARMA DE FUEGO,arma_fuego,4.0,19.46089,-99.26406,COORDENADA
TOL26072508762,2026-07-25,22:36:00,22,nocturna (22-06),CALIMAYA,IXTAPAN,VIOLENCIA CONTRA LAS MUJERES,violencia_genero,2.0,19.181977,-99.554032,COORDENADA
TOL26072508763,2026-07-25,22:37:00,22,nocturna (22-06),NAUCALPAN,METROPOLITANA,RIÑA,rina,1.5,19.45921,-99.243502,COORDENADA
TOL26072508787,2026-07-25,22:40:00,22,nocturna (22-06),HUIXQUILUCAN,METROPOLITANA,RIÑA,rina,1.5,19.35872,-99.33205,COORDENADA
TOL26072508800,2026-07-25,22:43:00,22,nocturna (22-06),TENANCINGO,IXTAPAN,PORTACION DE ARMA BLANCA,arma_blanca,2.0,,,MEDIA
TOL26072508804,2026-07-25,22:44:00,22,nocturna (22-06),TENANCINGO,IXTAPAN,VIOLENCIA FAMILIAR,violencia_genero,2.0,18.956064,-99.584413,COORDENADA
TOL26072508805,2026-07-25,22:44:00,22,nocturna (22-06),TOLUCA,VALLE TOLUCA,ALTERACION DEL ORDEN PUBLICO POR PERSONA ALCOHOLIZADA,rina,1.5,19.29722,-99.65485,COORDENADA
TOL26072508821,2026-07-25,22:45:00,22,nocturna (22-06),NAUCALPAN,METROPOLITANA,DETONACION POR ARMA DE FUEGO,arma_fuego,4.0,19.46458,-99.260995,COORDENADA
TOL26072508822,2026-07-25,22:46:00,22,nocturna (22-06),NAUCALPAN,METROPOLITANA,DETONACION POR ARMA DE FUEGO,arma_fuego,4.0,19.45504,-99.273185,COORDENADA
TOL26072508824,2026-07-25,22:46:00,22,nocturna (22-06),NAUCALPAN,METROPOLITANA,PERSONA LESIONADA POR PROYECTIL DE ARMA DE FUEGO,arma_fuego,6.0,19.46038,-99.26862,COORDENADA
TOL26072508827,2026-07-25,22:46:00,22,nocturna (22-06),NAUCALPAN,METROPOLITANA,DETONACION POR ARMA DE FUEGO,arma_fuego,4.0,19.46089,-99.26406,COORDENADA
TOL26072508855,2026-07-25,22:52:00,22,nocturna (22-06),NAUCALPAN,METROPOLITANA,DETONACION POR ARMA DE FUEGO,arma_fuego,4.0,19.46089,-99.26406,COORDENADA
TOL26072508886,2026-07-25,22:57:00,22,nocturna (22-06),ALMOLOYA,VALLE TOLUCA,PERSONA AGRESIVA,rina,1.5,19.379435,-99.758674,COORDENADA
TOL26072508891,2026-07-25,22:57:00,22,nocturna (22-06),VILLA VICTORIA,VALLE DE BRAVO,ALTERACION DEL ORDEN PUBLICO POR PERSONA ALCOHOLIZADA,rina,1.5,19.439227,-99.999213,COORDENADA
TOL26072508892,2026-07-25,22:57:00,22,nocturna (22-06),NAUCALPAN,METROPOLITANA,ALTERACION DEL ORDEN PUBLICO POR PERSONA ALCOHOLIZADA,rina,1.5,19.50479,-99.277195,COORDENADA
TOL26072508896,2026-07-25,22:58:00,22,nocturna (22-06),SAN JOSE DEL RINCON,VALLE DE BRAVO,PERSONA AGRESIVA,rina,1.5,19.657989,-100.19004,COORDENADA
TOL26072508907,2026-07-25,22:59:00,22,nocturna (22-06),CAPULHUAC,SIN CATALOGAR,PERSONA AGRESIVA,rina,1.5,19.201269,-99.460578,COORDENADA
TOL26072508910,2026-07-25,23:00:00,23,nocturna (22-06),OCOYOACAC,VALLE TOLUCA,PERSONA AGRESIVA,rina,1.5,19.26291,-99.484455,COORDENADA
TOL26072508915,2026-07-25,23:01:00,23,nocturna (22-06),OTZOLOTEPEC,VALLE TOLUCA,PORTACION DE ARMAS DE FUEGO O CARTUCHOS,arma_fuego,3.0,19.37553,-99.55761,COORDENADA
TOL26072508923,2026-07-25,23:02:00,23,nocturna (22-06),TENANCINGO,IXTAPAN,PERSONA AGRESIVA,rina,1.5,19.012611,-99.539265,COORDENADA
TOL26072508936,2026-07-25,23:04:00,23,nocturna (22-06),TOLUCA,VALLE TOLUCA,ALTERACION DEL ORDEN PUBLICO POR PERSONA ALCOHOLIZADA,rina,1.5,19.289655,-99.67075,COORDENADA
TOL26072508940,2026-07-25,23:04:00,23,nocturna (22-06),NAUCALPAN,METROPOLITANA,ALTERACION DEL ORDEN PUBLICO POR PERSONA ALCOHOLIZADA,rina,1.5,19.43014,-99.27116,COORDENADA
TOL26072508976,2026-07-25,23:08:00,23,nocturna (22-06),VALLE DE BRAVO,VALLE DE BRAVO,ALTERACION DEL ORDEN PUBLICO POR PERSONA ALCOHOLIZADA,rina,1.5,,,ALTA
TOL26072508979,2026-07-25,23:09:00,23,nocturna (22-06),TENANCINGO,IXTAPAN,PERSONA AGRESIVA,rina,1.5,18.978345,-99.527224,COORDENADA
TOL26072508999,2026-07-25,23:11:00,23,nocturna (22-06),NAUCALPAN,METROPOLITANA,VIOLENCIA FAMILIAR,violencia_genero,2.0,19.438378,-99.301093,COORDENADA
TOL26072509007,2026-07-25,23:12:00,23,nocturna (22-06),TOLUCA,VALLE TOLUCA,ALTERACION DEL ORDEN PUBLICO POR PERSONA DROGADA,rina,1.5,19.31909,-99.665005,COORDENADA
TOL26072509016,2026-07-25,23:13:00,23,nocturna (22-06),METEPEC,VALLE TOLUCA,VIOLENCIA CONTRA LAS MUJERES,violencia_genero,2.0,19.2585,-99.62437,COORDENADA
TOL26072509031,2026-07-25,23:15:00,23,nocturna (22-06),METEPEC,VALLE TOLUCA,ALTERACION DEL ORDEN PUBLICO POR PERSONA ALCOHOLIZADA,rina,1.5,19.28423,-99.565585,COORDENADA
TOL26072509053,2026-07-25,23:17:00,23,nocturna (22-06),TOLUCA,VALLE TOLUCA,DETONACION POR ARMA DE FUEGO,arma_fuego,4.0,19.301895,-99.6898,COORDENADA
TOL26072509063,2026-07-25,23:19:00,23,nocturna (22-06),TOLUCA,VALLE TOLUCA,DETONACION POR ARMA DE FUEGO,arma_fuego,4.0,19.2909,-99.692645,COORDENADA
TOL26072509071,2026-07-25,23:20:00,23,nocturna (22-06),TOLUCA,VALLE TOLUCA,DETONACION POR ARMA DE FUEGO,arma_fuego,4.0,19.296475,-99.68344,COORDENADA
TOL26072509074,2026-07-25,23:21:00,23,nocturna (22-06),NAUCALPAN,METROPOLITANA,VIOLENCIA FAMILIAR,violencia_genero,2.0,19.437,-99.287115,COORDENADA
TOL26072509086,2026-07-25,23:23:00,23,nocturna (22-06),METEPEC,VALLE TOLUCA,RIÑA,rina,1.5,19.2372,-99.62035,COORDENADA
TOL26072509091,2026-07-25,23:23:00,23,nocturna (22-06),NAUCALPAN,METROPOLITANA,PERSONA AGRESIVA,rina,1.5,19.50449,-99.26308,COORDENADA
TOL26072509102,2026-07-25,23:25:00,23,nocturna (22-06),NAUCALPAN,METROPOLITANA,VIOLENCIA CONTRA LAS MUJERES,violencia_genero,2.0,19.50504,-99.26482,COORDENADA
TOL26072509103,2026-07-25,23:25:00,23,nocturna (22-06),METEPEC,VALLE TOLUCA,RIÑA,rina,1.5,19.237395,-99.62649,COORDENADA
TOL26072509104,2026-07-25,23:25:00,23,nocturna (22-06),TOLUCA,VALLE TOLUCA,DETONACION POR ARMA DE FUEGO,arma_fuego,4.0,19.301895,-99.6898,COORDENADA
TOL26072509122,2026-07-25,23:28:00,23,nocturna (22-06),ZINACANTEPEC,VALLE TOLUCA,VIOLENCIA FAMILIAR,violencia_genero,2.0,19.257955,-99.76416,COORDENADA
TOL26072509124,2026-07-25,23:29:00,23,nocturna (22-06),MORELOS,ATLACOMULCO,DETONACION POR ARMA DE FUEGO,arma_fuego,4.0,19.791993,-99.668847,COORDENADA
TOL26072509132,2026-07-25,23:30:00,23,nocturna (22-06),TOLUCA,VALLE TOLUCA,DETONACION POR ARMA DE FUEGO,arma_fuego,4.0,19.36417,-99.673265,COORDENADA
TOL26072509149,2026-07-25,23:33:00,23,nocturna (22-06),METEPEC,VALLE TOLUCA,PERSONA LESIONADA POR PROYECTIL DE ARMA DE FUEGO,arma_fuego,6.0,19.2372,-99.62035,COORDENADA
TOL26072509155,2026-07-25,23:35:00,23,nocturna (22-06),TOLUCA,VALLE TOLUCA,ALTERACION DEL ORDEN PUBLICO POR PERSONA ALCOHOLIZADA,rina,1.5,19.36417,-99.673265,COORDENADA
TOL26072509159,2026-07-25,23:35:00,23,nocturna (22-06),TOLUCA,VALLE TOLUCA,RIÑA,rina,1.5,19.3539,-99.67187,COORDENADA
TOL26072509175,2026-07-25,23:40:00,23,nocturna (22-06),TOLUCA,VALLE TOLUCA,PERSONA AGRESIVA,rina,1.5,19.3532,-99.57617,COORDENADA
TOL26072509176,2026-07-25,23:41:00,23,nocturna (22-06),TOLUCA,VALLE TOLUCA,PORTACION DE ARMAS DE FUEGO O CARTUCHOS,arma_fuego,3.0,19.36417,-99.673265,COORDENADA
TOL26072509177,2026-07-25,23:41:00,23,nocturna (22-06),ALMOLOYA,VALLE TOLUCA,PORTACION DE ARMA BLANCA,arma_blanca,2.0,19.348861,-99.739242,COORDENADA
TOL26072509196,2026-07-25,23:44:00,23,nocturna (22-06),NAUCALPAN,METROPOLITANA,PERSONA AGRESIVA,rina,1.5,19.455728,-99.241474,COORDENADA
TOL26072509204,2026-07-25,23:45:00,23,nocturna (22-06),ALMOLOYA,VALLE TOLUCA,VIOLENCIA DE PAREJA,violencia_genero,2.0,19.369299,-99.740635,COORDENADA
TOL26072509213,2026-07-25,23:47:00,23,nocturna (22-06),METEPEC,VALLE TOLUCA,VIOLENCIA CONTRA LAS MUJERES,violencia_genero,2.0,,,MEDIA
TOL26072509230,2026-07-25,23:50:00,23,nocturna (22-06),TOLUCA,VALLE TOLUCA,ALTERACION DEL ORDEN PUBLICO POR PERSONA DROGADA,rina,1.5,19.27143,-99.69349,COORDENADA
TOL26072509232,2026-07-25,23:50:00,23,nocturna (22-06),TOLUCA,VALLE TOLUCA,PORTACION DE ARMAS DE FUEGO O CARTUCHOS,arma_fuego,3.0,19.3539,-99.67187,COORDENADA
TOL26072509233,2026-07-25,23:50:00,23,nocturna (22-06),NAUCALPAN,METROPOLITANA,DETONACION POR ARMA DE FUEGO,arma_fuego,4.0,19.430145,-99.271995,COORDENADA
TOL26072509236,2026-07-25,23:51:00,23,nocturna (22-06),NAUCALPAN,METROPOLITANA,VIOLENCIA FAMILIAR,violencia_genero,2.0,19.461005,-99.236315,COORDENADA
TOL26072509263,2026-07-25,23:54:00,23,nocturna (22-06),ALMOLOYA,VALLE TOLUCA,PORTACION DE ARMA BLANCA,arma_blanca,2.0,19.342468,-99.751245,COORDENADA
TOL26072509267,2026-07-25,23:54:00,23,nocturna (22-06),TOLUCA,VALLE TOLUCA,ALTERACION DEL ORDEN PUBLICO POR PERSONA ALCOHOLIZADA,rina,1.5,,,ALTA
TOL26072509286,2026-07-25,23:56:00,23,nocturna (22-06),VALLE DE BRAVO,VALLE DE BRAVO,VIOLENCIA FAMILIAR,violencia_genero,2.0,19.230601,-100.13765,COORDENADA
TOL26072509292,2026-07-25,23:58:00,23,nocturna (22-06),NAUCALPAN,METROPOLITANA,ALTERACION DEL ORDEN PUBLICO POR PERSONA ALCOHOLIZADA,rina,1.5,19.52027,-99.23856,COORDENADA
TOL26072509293,2026-07-25,23:58:00,23,nocturna (22-06),ACAMBAY,ATLACOMULCO,HOMICIDIO,letal,10.0,20.034886,-100.054948,COORDENADA
TOL26072600018,2026-07-26,00:03:00,0,nocturna (22-06),JOCOTITLAN,ATLACOMULCO,DETONACION POR ARMA DE FUEGO,arma_fuego,4.0,19.682454,-99.751927,COORDENADA
TOL26072600026,2026-07-26,00:07:00,0,nocturna (22-06),TOLUCA,VALLE TOLUCA,PERSONA AGRESIVA,rina,1.5,19.27136,-99.68386,COORDENADA
TOL26072600030,2026-07-26,00:09:00,0,nocturna (22-06),TOLUCA,VALLE TOLUCA,ALTERACION DEL ORDEN PUBLICO POR PERSONA ALCOHOLIZADA,rina,1.5,19.31074,-99.58547,COORDENADA
TOL26072600038,2026-07-26,00:11:00,0,nocturna (22-06),TONATICO,IXTAPAN,PERSONA TIRADA EN VIA PUBLICA,deceso_dudoso,3.0,18.80603,-99.66878,COORDENADA
TOL26072600073,2026-07-26,00:22:00,0,nocturna (22-06),TOLUCA,VALLE TOLUCA,PERSONA AGRESIVA,rina,1.5,19.28823,-99.65564,COORDENADA
TOL26072600080,2026-07-26,00:24:00,0,nocturna (22-06),NAUCALPAN,METROPOLITANA,DETONACION POR ARMA DE FUEGO,arma_fuego,4.0,19.44417,-99.27069,COORDENADA
TOL26072600085,2026-07-26,00:25:00,0,nocturna (22-06),TOLUCA,VALLE TOLUCA,ALTERACION DEL ORDEN PUBLICO POR PERSONA ALCOHOLIZADA,rina,1.5,19.31264,-99.577205,COORDENADA
TOL26072600087,2026-07-26,00:25:00,0,nocturna (22-06),ALMOLOYA,VALLE TOLUCA,PORTACION DE ARMA BLANCA,arma_blanca,2.0,19.366884,-99.740517,COORDENADA
TOL26072600091,2026-07-26,00:25:00,0,nocturna (22-06),METEPEC,VALLE TOLUCA,PERSONA AGRESIVA,rina,1.5,19.25245,-99.60989,COORDENADA
TOL26072600115,2026-07-26,00:31:00,0,nocturna (22-06),SAN ANTONIO LA ISLA,SIN CATALOGAR,VIOLENCIA CONTRA LAS MUJERES,violencia_genero,2.0,19.174002,-99.562584,COORDENADA
TOL26072600139,2026-07-26,00:39:00,0,nocturna (22-06),TEMASCALCINGO,ATLACOMULCO,DETONACION POR ARMA DE FUEGO,arma_fuego,4.0,19.949776,-99.995425,COORDENADA
TOL26072600143,2026-07-26,00:40:00,0,nocturna (22-06),SAN ANTONIO LA ISLA,SIN CATALOGAR,ALTERACION DEL ORDEN PUBLICO POR PERSONA ALCOHOLIZADA,rina,1.5,,,ALTA
TOL26072600146,2026-07-26,00:40:00,0,nocturna (22-06),SAN ANTONIO LA ISLA,SIN CATALOGAR,VIOLENCIA FAMILIAR,violencia_genero,2.0,19.176591,-99.558806,COORDENADA
TOL26072600150,2026-07-26,00:41:00,0,nocturna (22-06),ALMOLOYA,VALLE TOLUCA,VIOLENCIA CONTRA LAS MUJERES,violencia_genero,2.0,19.351978,-99.777082,COORDENADA
TOL26072600170,2026-07-26,00:44:00,0,nocturna (22-06),NAUCALPAN,METROPOLITANA,VIOLENCIA CONTRA LAS MUJERES,violencia_genero,2.0,19.43133,-99.27233,COORDENADA
TOL26072600180,2026-07-26,00:46:00,0,nocturna (22-06),ALMOLOYA,VALLE TOLUCA,VIOLENCIA CONTRA LAS MUJERES,violencia_genero,2.0,19.351978,-99.777082,COORDENADA
TOL26072600187,2026-07-26,00:48:00,0,nocturna (22-06),OTZOLOTEPEC,VALLE TOLUCA,DETONACION POR ARMA DE FUEGO,arma_fuego,4.0,19.427565,-99.515502,COORDENADA
TOL26072600198,2026-07-26,00:49:00,0,nocturna (22-06),IXTLAHUACA,ATLACOMULCO,PERSONA AGRESIVA,rina,1.5,19.570749,-99.762769,COORDENADA
TOL26072600205,2026-07-26,00:51:00,0,nocturna (22-06),NAUCALPAN,METROPOLITANA,ALTERACION DEL ORDEN PUBLICO POR PERSONA ALCOHOLIZADA,rina,1.5,19.44893,-99.28342,COORDENADA
TOL26072600211,2026-07-26,00:53:00,0,nocturna (22-06),TENANCINGO,IXTAPAN,DETONACION POR ARMA DE FUEGO,arma_fuego,4.0,18.995984,-99.572839,COORDENADA
TOL26072600212,2026-07-26,00:53:00,0,nocturna (22-06),HUIXQUILUCAN,METROPOLITANA,RIÑA,rina,1.5,19.35947,-99.35035,COORDENADA
TOL26072600221,2026-07-26,00:55:00,0,nocturna (22-06),ZINACANTEPEC,VALLE TOLUCA,PERSONA AGRESIVA,rina,1.5,19.29936,-99.82428,COORDENADA
TOL26072600225,2026-07-26,00:56:00,0,nocturna (22-06),NAUCALPAN,METROPOLITANA,VIOLENCIA DE PAREJA,violencia_genero,2.0,19.43073,-99.27226,COORDENADA
TOL26072600232,2026-07-26,00:57:00,0,nocturna (22-06),HUIXQUILUCAN,METROPOLITANA,VIOLENCIA CONTRA LAS MUJERES,violencia_genero,2.0,19.41912,-99.32582,COORDENADA
TOL26072600241,2026-07-26,01:00:00,1,nocturna (22-06),NAUCALPAN,METROPOLITANA,VIOLENCIA DE PAREJA,violencia_genero,2.0,19.45925,-99.23989,COORDENADA
TOL26072600246,2026-07-26,01:00:00,1,nocturna (22-06),NAUCALPAN,METROPOLITANA,VIOLENCIA FAMILIAR,violencia_genero,2.0,19.452325,-99.26873,COORDENADA
TOL26072600252,2026-07-26,01:01:00,1,nocturna (22-06),TOLUCA,VALLE TOLUCA,ALTERACION DEL ORDEN PUBLICO POR PERSONA ALCOHOLIZADA,rina,1.5,19.31264,-99.577205,COORDENADA
TOL26072600265,2026-07-26,01:06:00,1,nocturna (22-06),TEMASCALCINGO,ATLACOMULCO,PERSONA AGRESIVA,rina,1.5,19.957988,-99.992671,COORDENADA
TOL26072600268,2026-07-26,01:08:00,1,nocturna (22-06),TOLUCA,VALLE TOLUCA,ALTERACION DEL ORDEN PUBLICO POR PERSONA ALCOHOLIZADA,rina,1.5,19.298885,-99.66157,COORDENADA
TOL26072600273,2026-07-26,01:09:00,1,nocturna (22-06),HUIXQUILUCAN,METROPOLITANA,VIOLENCIA FAMILIAR,violencia_genero,2.0,,,ALTA
TOL26072600276,2026-07-26,01:10:00,1,nocturna (22-06),NAUCALPAN,METROPOLITANA,VIOLENCIA CONTRA LAS MUJERES,violencia_genero,2.0,19.47871,-99.25908,COORDENADA
TOL26072600281,2026-07-26,01:10:00,1,nocturna (22-06),ATLACOMULCO,ATLACOMULCO,ALTERACION DEL ORDEN PUBLICO POR PERSONA ALCOHOLIZADA,rina,1.5,,,ALTA
TOL26072600286,2026-07-26,01:12:00,1,nocturna (22-06),ZINACANTEPEC,VALLE TOLUCA,PERSONA AGRESIVA,rina,1.5,19.284785,-99.828025,COORDENADA
TOL26072600290,2026-07-26,01:13:00,1,nocturna (22-06),HUIXQUILUCAN,METROPOLITANA,VIOLENCIA CONTRA LAS MUJERES,violencia_genero,2.0,19.3916,-99.33067,COORDENADA
TOL26072600292,2026-07-26,01:14:00,1,nocturna (22-06),NAUCALPAN,METROPOLITANA,PERSONA AGRESIVA,rina,1.5,19.50566,-99.237826,COORDENADA
TOL26072600296,2026-07-26,01:14:00,1,nocturna (22-06),TEMOAYA,VALLE TOLUCA,VIOLENCIA FAMILIAR,violencia_genero,2.0,,,ALTA
TOL26072600299,2026-07-26,01:15:00,1,nocturna (22-06),LERMA,SIN CATALOGAR,PERSONA AGRESIVA,rina,1.5,19.2626,-99.51266,COORDENADA
TOL26072600305,2026-07-26,01:16:00,1,nocturna (22-06),NAUCALPAN,METROPOLITANA,VIOLENCIA CONTRA LAS MUJERES,violencia_genero,2.0,19.43133,-99.27233,COORDENADA
TOL26072600308,2026-07-26,01:17:00,1,nocturna (22-06),ALMOLOYA,VALLE TOLUCA,VIOLENCIA CONTRA LAS MUJERES,violencia_genero,2.0,19.337882,-99.730286,COORDENADA
TOL26072600317,2026-07-26,01:20:00,1,nocturna (22-06),JIQUIPILCO,ATLACOMULCO,PERSONA AGRESIVA,rina,1.5,19.613192,-99.649185,COORDENADA
TOL26072600334,2026-07-26,01:25:00,1,nocturna (22-06),NAUCALPAN,METROPOLITANA,PERSONA LESIONADA DURANTE ALTERACION DEL ORDEN PUBLICO O POR RIÑA,rina,1.5,19.435955,-99.261765,COORDENADA
TOL26072600343,2026-07-26,01:27:00,1,nocturna (22-06),CHAPULTEPEC,VALLE TOLUCA,VIOLENCIA FAMILIAR,violencia_genero,2.0,19.210778,-99.552112,COORDENADA
TOL26072600357,2026-07-26,01:28:00,1,nocturna (22-06),NAUCALPAN,METROPOLITANA,VIOLENCIA CONTRA LAS MUJERES,violencia_genero,2.0,19.452325,-99.26873,COORDENADA
TOL26072600360,2026-07-26,01:29:00,1,nocturna (22-06),IXTLAHUACA,ATLACOMULCO,VIOLENCIA FAMILIAR,violencia_genero,2.0,,,ALTA
TOL26072600361,2026-07-26,01:29:00,1,nocturna (22-06),TOLUCA,VALLE TOLUCA,VIOLENCIA DE PAREJA,violencia_genero,2.0,19.295335,-99.67332,COORDENADA
TOL26072600367,2026-07-26,01:30:00,1,nocturna (22-06),ATLACOMULCO,ATLACOMULCO,PERSONA LESIONADA DURANTE ALTERACION DEL ORDEN PUBLICO O POR RIÑA,rina,1.5,19.875,-99.92286,COORDENADA
TOL26072600380,2026-07-26,01:32:00,1,nocturna (22-06),TOLUCA,VALLE TOLUCA,PERSONA TIRADA EN VIA PUBLICA,deceso_dudoso,3.0,19.34589,-99.69304,COORDENADA
TOL26072600384,2026-07-26,01:33:00,1,nocturna (22-06),METEPEC,VALLE TOLUCA,VIOLENCIA CONTRA LAS MUJERES,violencia_genero,2.0,19.282155,-99.58293,COORDENADA
TOL26072600413,2026-07-26,01:39:00,1,nocturna (22-06),TOLUCA,VALLE TOLUCA,ALTERACION DEL ORDEN PUBLICO POR PERSONA ALCOHOLIZADA,rina,1.5,19.289655,-99.67075,COORDENADA
TOL26072600420,2026-07-26,01:40:00,1,nocturna (22-06),TOLUCA,VALLE TOLUCA,DETONACION POR ARMA DE FUEGO,arma_fuego,4.0,19.27781,-99.61577,COORDENADA
TOL26072600421,2026-07-26,01:40:00,1,nocturna (22-06),SAN MATEO ATENCO,VALLE TOLUCA,VIOLENCIA FAMILIAR,violencia_genero,2.0,19.24539,-99.53819,COORDENADA
TOL26072600423,2026-07-26,01:41:00,1,nocturna (22-06),ZINACANTEPEC,VALLE TOLUCA,VIOLENCIA CONTRA LAS MUJERES,violencia_genero,2.0,19.268405,-99.724125,COORDENADA
TOL26072600424,2026-07-26,01:41:00,1,nocturna (22-06),HUIXQUILUCAN,METROPOLITANA,RIÑA,rina,1.5,19.40339,-99.33122,COORDENADA
TOL26072600442,2026-07-26,01:45:00,1,nocturna (22-06),METEPEC,VALLE TOLUCA,VIOLENCIA CONTRA LAS MUJERES,violencia_genero,2.0,19.28375,-99.58245,COORDENADA
TOL26072600449,2026-07-26,01:48:00,1,nocturna (22-06),TOLUCA,VALLE TOLUCA,PERSONA AGRESIVA,rina,1.5,19.23127,-99.670315,COORDENADA
TOL26072600453,2026-07-26,01:51:00,1,nocturna (22-06),NAUCALPAN,METROPOLITANA,PERSONA AGRESIVA,rina,1.5,19.43584,-99.2726,COORDENADA
TOL26072600456,2026-07-26,01:51:00,1,nocturna (22-06),TENANCINGO,IXTAPAN,ALTERACION DEL ORDEN PUBLICO POR PERSONA ALCOHOLIZADA,rina,1.5,18.965826,-99.580973,COORDENADA
TOL26072600474,2026-07-26,01:55:00,1,nocturna (22-06),TOLUCA,VALLE TOLUCA,PERSONA AGRESIVA,rina,1.5,19.36329,-99.67552,COORDENADA
TOL26072600484,2026-07-26,01:58:00,1,nocturna (22-06),ACULCO,ATLACOMULCO,PERSONA AGRESIVA,rina,1.5,20.160907,-99.8925,COORDENADA
TOL26072600487,2026-07-26,01:59:00,1,nocturna (22-06),TOLUCA,VALLE TOLUCA,PERSONA AGRESIVA,rina,1.5,19.31622,-99.66022,COORDENADA
TOL26072600495,2026-07-26,02:01:00,2,nocturna (22-06),TOLUCA,VALLE TOLUCA,VIOLENCIA FAMILIAR,violencia_genero,2.0,19.23127,-99.670315,COORDENADA
TOL26072600496,2026-07-26,02:02:00,2,nocturna (22-06),TOLUCA,VALLE TOLUCA,VIOLENCIA CONTRA LAS MUJERES,violencia_genero,2.0,19.344595,-99.64724,COORDENADA
TOL26072600507,2026-07-26,02:06:00,2,nocturna (22-06),TOLUCA,VALLE TOLUCA,PERSONA AGRESIVA,rina,1.5,19.28217,-99.69313,COORDENADA
TOL26072600508,2026-07-26,02:06:00,2,nocturna (22-06),ACULCO,ATLACOMULCO,ALTERACION DEL ORDEN PUBLICO POR PERSONA DROGADA,rina,1.5,20.160907,-99.8925,COORDENADA
TOL26072600517,2026-07-26,02:08:00,2,nocturna (22-06),NAUCALPAN,METROPOLITANA,ALTERACION DEL ORDEN PUBLICO POR PERSONA ALCOHOLIZADA,rina,1.5,19.430145,-99.271995,COORDENADA
TOL26072600532,2026-07-26,02:11:00,2,nocturna (22-06),NAUCALPAN,METROPOLITANA,PERSONA AGRESIVA,rina,1.5,19.452387,-99.23931,COORDENADA
TOL26072600542,2026-07-26,02:14:00,2,nocturna (22-06),METEPEC,VALLE TOLUCA,PERSONA AGRESIVA,rina,1.5,19.27028,-99.602585,COORDENADA
TOL26072600550,2026-07-26,02:16:00,2,nocturna (22-06),TENANCINGO,IXTAPAN,ALTERACION DEL ORDEN PUBLICO POR PERSONA ALCOHOLIZADA,rina,1.5,18.962061,-99.591605,COORDENADA
TOL26072600559,2026-07-26,02:19:00,2,nocturna (22-06),NAUCALPAN,METROPOLITANA,PERSONA AGRESIVA,rina,1.5,19.48485,-99.24149,COORDENADA
TOL26072600576,2026-07-26,02:26:00,2,nocturna (22-06),TEMASCALCINGO,ATLACOMULCO,DETONACION POR ARMA DE FUEGO,arma_fuego,4.0,19.869036,-100.026365,COORDENADA
TOL26072600581,2026-07-26,02:28:00,2,nocturna (22-06),TEMASCALCINGO,ATLACOMULCO,DETONACION POR ARMA DE FUEGO,arma_fuego,4.0,19.869036,-100.026365,COORDENADA
TOL26072600598,2026-07-26,02:32:00,2,nocturna (22-06),TENANCINGO,IXTAPAN,VIOLENCIA DE PAREJA,violencia_genero,2.0,18.953029,-99.561634,COORDENADA
TOL26072600602,2026-07-26,02:32:00,2,nocturna (22-06),OTZOLOTEPEC,VALLE TOLUCA,DETONACION POR ARMA DE FUEGO,arma_fuego,4.0,19.429523,-99.511174,COORDENADA
TOL26072600608,2026-07-26,02:33:00,2,nocturna (22-06),MORELOS,ATLACOMULCO,DETONACION POR ARMA DE FUEGO,arma_fuego,4.0,19.762471,-99.67487,COORDENADA
TOL26072600614,2026-07-26,02:36:00,2,nocturna (22-06),OTZOLOTEPEC,VALLE TOLUCA,VIOLENCIA CONTRA LAS MUJERES,violencia_genero,2.0,19.429279,-99.511334,COORDENADA
TOL26072600643,2026-07-26,02:46:00,2,nocturna (22-06),TOLUCA,VALLE TOLUCA,RIÑA,rina,1.5,19.22532,-99.67304,COORDENADA
TOL26072600646,2026-07-26,02:46:00,2,nocturna (22-06),TOLUCA,VALLE TOLUCA,ALTERACION DEL ORDEN PUBLICO POR PERSONA ALCOHOLIZADA,rina,1.5,19.23127,-99.670315,COORDENADA
TOL26072600653,2026-07-26,02:50:00,2,nocturna (22-06),TOLUCA,VALLE TOLUCA,DETONACION POR ARMA DE FUEGO,arma_fuego,4.0,19.35673,-99.63063,COORDENADA
TOL26072600667,2026-07-26,02:52:00,2,nocturna (22-06),OCOYOACAC,VALLE TOLUCA,PERSONA AGRESIVA,rina,1.5,19.26872,-99.46024,COORDENADA
TOL26072600672,2026-07-26,02:54:00,2,nocturna (22-06),SAN JOSE DEL RINCON,VALLE DE BRAVO,ALTERACION DEL ORDEN PUBLICO POR PERSONA ALCOHOLIZADA,rina,1.5,19.265434,-99.628918,COORDENADA
ECA26072504101,2026-07-25,15:00:00,15,vespertina (14-22),CHICOLOAPAN,SIN CATALOGAR,VIOLENCIA DE PAREJA,violencia_genero,2.0,19.4163,-98.91567,COORDENADA
ECA26072504114,2026-07-25,15:02:00,15,vespertina (14-22),COACALCO DE BERRIOZABAL,ECATEPEC,ROBO A TRANSEUNTE CON VIOLENCIA,robo_violento,2.0,19.65479,-99.104705,COORDENADA
ECA26072504134,2026-07-25,15:04:00,15,vespertina (14-22),TLALNEPANTLA,METROPOLITANA,PERSONA AGRESIVA,rina,1.5,19.53692,-99.15966,COORDENADA
ECA26072504152,2026-07-25,15:05:00,15,vespertina (14-22),ECATEPEC,ECATEPEC,PERSONA NO LOCALIZADA O DESAPARECIDA,desaparicion,3.0,19.61048,-99.05533,COORDENADA
ECA26072504296,2026-07-25,15:21:00,15,vespertina (14-22),TULTEPEC,ECATEPEC,VIOLENCIA FAMILIAR,violencia_genero,2.0,19.661805,-99.12677,COORDENADA
ECA26072504301,2026-07-25,15:22:00,15,vespertina (14-22),HUEHUETOCA,ECATEPEC,ALTERACION DEL ORDEN PUBLICO POR PERSONA ALCOHOLIZADA,rina,1.5,19.82917,-99.219942,COORDENADA
ECA26072504307,2026-07-25,15:22:00,15,vespertina (14-22),CHALCO,CHALCO,PERSONA AGRESIVA,rina,1.5,19.25802,-98.91775,COORDENADA
ECA26072504326,2026-07-25,15:24:00,15,vespertina (14-22),NEZAHUALCOYOTL,ORIENTE,PERSONA AGRESIVA,rina,1.5,19.43382,-99.03656,COORDENADA
ECA26072504381,2026-07-25,15:30:00,15,vespertina (14-22),TECAMAC,ECATEPEC,EXTORSION TELEFONICA,alta_incidencia,4.0,19.677495,-99.030985,COORDENADA
ECA26072504382,2026-07-25,15:30:00,15,vespertina (14-22),ATIZAPAN,METROPOLITANA,PERSONA AGRESIVA,rina,1.5,19.552785,-99.24803,COORDENADA
ECA26072504401,2026-07-25,15:32:00,15,vespertina (14-22),TULTEPEC,ECATEPEC,VIOLENCIA FAMILIAR,violencia_genero,2.0,19.661805,-99.12677,COORDENADA
ECA26072504402,2026-07-25,15:32:00,15,vespertina (14-22),ECATEPEC,ECATEPEC,ALTERACION DEL ORDEN PUBLICO POR PERSONA DROGADA,rina,1.5,19.564735,-99.04477,COORDENADA
ECA26072504423,2026-07-25,15:34:00,15,vespertina (14-22),HUEHUETOCA,ECATEPEC,ALTERACION DEL ORDEN PUBLICO POR PERSONA ALCOHOLIZADA,rina,1.5,19.845054,-99.234874,COORDENADA
ECA26072504460,2026-07-25,15:38:00,15,vespertina (14-22),TULTITLAN,METROPOLITANA,PERSONA AGRESIVA,rina,1.5,19.60498,-99.147095,COORDENADA
ECA26072504470,2026-07-25,15:39:00,15,vespertina (14-22),ACOLMAN,ECATEPEC,PERSONA AGRESIVA,rina,1.5,19.627825,-98.93537,COORDENADA
ECA26072504509,2026-07-25,15:44:00,15,vespertina (14-22),VALLE DE CHALCO,CHALCO,PERSONA AGRESIVA,rina,1.5,19.27298,-98.95463,COORDENADA
ECA26072504543,2026-07-25,15:49:00,15,vespertina (14-22),CUAUTITLAN IZCALLI,METROPOLITANA,PERSONA AGRESIVA,rina,1.5,19.68583,-99.21855,COORDENADA
ECA26072504552,2026-07-25,15:50:00,15,vespertina (14-22),ECATEPEC,ECATEPEC,PERSONA AGRESIVA,rina,1.5,19.54022,-99.03965,COORDENADA
ECA26072504565,2026-07-25,15:52:00,15,vespertina (14-22),ATIZAPAN,METROPOLITANA,PORTACION DE ARMAS DE FUEGO O CARTUCHOS,arma_fuego,3.0,19.56481,-99.256495,COORDENADA
ECA26072504586,2026-07-25,15:54:00,15,vespertina (14-22),ATIZAPAN,METROPOLITANA,RIÑA,rina,1.5,19.52433,-99.256115,COORDENADA
ECA26072504652,2026-07-25,16:01:00,16,vespertina (14-22),VALLE DE CHALCO,CHALCO,ROBO DE VEHICULO PARTICULAR CON VIOLENCIA,robo_violento,2.0,19.31529,-98.94875,COORDENADA
ECA26072504656,2026-07-25,16:02:00,16,vespertina (14-22),ECATEPEC,ECATEPEC,PERSONA AGRESIVA,rina,1.5,19.49965,-99.059145,COORDENADA
ECA26072504685,2026-07-25,16:08:00,16,vespertina (14-22),NICOLAS ROMERO,METROPOLITANA,PERSONA AGRESIVA,rina,1.5,19.613515,-99.291415,COORDENADA
ECA26072504689,2026-07-25,16:08:00,16,vespertina (14-22),ATIZAPAN,METROPOLITANA,RIÑA,rina,1.5,19.57973,-99.22895,COORDENADA
ECA26072504690,2026-07-25,16:08:00,16,vespertina (14-22),ECATEPEC,ECATEPEC,PERSONA AGRESIVA,rina,1.5,19.5241,-99.038615,COORDENADA
ECA26072504704,2026-07-25,16:10:00,16,vespertina (14-22),CHALCO,CHALCO,ROBO A NEGOCIO CON VIOLENCIA,robo_violento,2.0,19.27229,-98.83841,COORDENADA
ECA26072504717,2026-07-25,16:12:00,16,vespertina (14-22),HUEHUETOCA,ECATEPEC,PERSONA AGRESIVA,rina,1.5,19.834712,-99.204711,COORDENADA
ECA26072504771,2026-07-25,16:19:00,16,vespertina (14-22),CHALCO,CHALCO,ROBO A NEGOCIO CON VIOLENCIA,robo_violento,2.0,19.27229,-98.83841,COORDENADA
ECA26072504838,2026-07-25,16:28:00,16,vespertina (14-22),IXTAPALUCA,CHALCO,PERSONA NO LOCALIZADA O DESAPARECIDA,desaparicion,3.0,,,MEDIA
ECA26072504872,2026-07-25,16:32:00,16,vespertina (14-22),ATIZAPAN,METROPOLITANA,PERSONA LESIONADA POR PROYECTIL DE ARMA DE FUEGO,arma_fuego,6.0,19.59353,-99.21343,COORDENADA
ECA26072504876,2026-07-25,16:33:00,16,vespertina (14-22),ATIZAPAN,METROPOLITANA,PERSONA LESIONADA POR PROYECTIL DE ARMA DE FUEGO,arma_fuego,6.0,19.59385,-99.21323,COORDENADA
ECA26072504878,2026-07-25,16:33:00,16,vespertina (14-22),ATIZAPAN,METROPOLITANA,PERSONAS FALLECIDAS POR PROYECTIL DE ARMA DE FUEGO,arma_fuego,6.0,19.58799,-99.220417,COORDENADA
ECA26072504944,2026-07-25,16:45:00,16,vespertina (14-22),MELCHOR OCAMPO,SIN CATALOGAR,ALTERACION DEL ORDEN PUBLICO POR PERSONA ALCOHOLIZADA,rina,1.5,19.704255,-99.112071,COORDENADA
ECA26072504966,2026-07-25,16:51:00,16,vespertina (14-22),TULTEPEC,ECATEPEC,PORTACION DE ARMAS DE FUEGO O CARTUCHOS,arma_fuego,3.0,19.66023,-99.14461,COORDENADA
ECA26072504999,2026-07-25,16:55:00,16,vespertina (14-22),ATENCO,SIN CATALOGAR,VIOLENCIA CONTRA LAS MUJERES,violencia_genero,2.0,19.586205,-98.972445,COORDENADA
ECA26072505009,2026-07-25,16:57:00,16,vespertina (14-22),IXTAPALUCA,CHALCO,PERSONA AGRESIVA,rina,1.5,19.29666,-98.920615,COORDENADA
ECA26072505027,2026-07-25,16:59:00,16,vespertina (14-22),TEXCOCO,ORIENTE,VIOLENCIA CONTRA LAS MUJERES,violencia_genero,2.0,19.45993,-98.907345,COORDENADA
ECA26072505049,2026-07-25,17:04:00,17,vespertina (14-22),CHALCO,CHALCO,VIOLENCIA CONTRA LAS MUJERES,violencia_genero,2.0,19.29356,-98.86672,COORDENADA
ECA26072505066,2026-07-25,17:07:00,17,vespertina (14-22),TLALNEPANTLA,METROPOLITANA,PERSONA AGRESIVA,rina,1.5,19.51745,-99.093815,COORDENADA
ECA26072505067,2026-07-25,17:07:00,17,vespertina (14-22),CHALCO,CHALCO,VIOLENCIA FAMILIAR,violencia_genero,2.0,19.2179,-98.90747,COORDENADA
ECA26072505071,2026-07-25,17:07:00,17,vespertina (14-22),IXTAPALUCA,CHALCO,ROBO A NEGOCIO CON VIOLENCIA,robo_violento,2.0,19.314605,-98.89106,COORDENADA
ECA26072505091,2026-07-25,17:10:00,17,vespertina (14-22),TONANITLA,ECATEPEC,ROBO DE MOTOCICLETA CON VIOLENCIA,robo_violento,2.0,19.686002,-99.051378,COORDENADA
ECA26072505098,2026-07-25,17:12:00,17,vespertina (14-22),CHALCO,CHALCO,PERSONA TIRADA EN LA VIA PUBLICA CON HUELLAS DE VIOLENCIA,letal,5.0,19.273235,-98.913275,COORDENADA
ECA26072505100,2026-07-25,17:12:00,17,vespertina (14-22),TECAMAC,ECATEPEC,PERSONA AGRESIVA,rina,1.5,19.676145,-98.99458,COORDENADA
ECA26072505120,2026-07-25,17:14:00,17,vespertina (14-22),TLALMANALCO,CHALCO,PERSONA AGRESIVA,rina,1.5,19.205435,-98.801425,COORDENADA
ECA26072505125,2026-07-25,17:14:00,17,vespertina (14-22),ECATEPEC,ECATEPEC,PERSONA AGRESIVA,rina,1.5,19.61133,-99.03747,COORDENADA
ECA26072505140,2026-07-25,17:17:00,17,vespertina (14-22),CUAUTITLAN IZCALLI,METROPOLITANA,ALTERACION DEL ORDEN PUBLICO POR PERSONA ALCOHOLIZADA,rina,1.5,19.630505,-99.20616,COORDENADA
ECA26072505178,2026-07-25,17:21:00,17,vespertina (14-22),COACALCO DE BERRIOZABAL,ECATEPEC,VIOLENCIA CONTRA LAS MUJERES,violencia_genero,2.0,19.64714,-99.11744,COORDENADA
ECA26072505187,2026-07-25,17:24:00,17,vespertina (14-22),CUAUTITLAN IZCALLI,METROPOLITANA,VIOLENCIA DE PAREJA,violencia_genero,2.0,19.6457,-99.22158,COORDENADA
ECA26072505229,2026-07-25,17:28:00,17,vespertina (14-22),,SIN CATALOGAR,DETONACION DE ARMA DE FUEGO EN ESCUELA,arma_fuego,4.0,,,BAJA
ECA26072505251,2026-07-25,17:29:00,17,vespertina (14-22),ECATEPEC,ECATEPEC,PERSONA AGRESIVA,rina,1.5,19.49931,-99.04712,COORDENADA
ECA26072505306,2026-07-25,17:36:00,17,vespertina (14-22),TULTITLAN,METROPOLITANA,DETONACION POR ARMA DE FUEGO,arma_fuego,4.0,19.665215,-99.094465,COORDENADA
ECA26072505310,2026-07-25,17:36:00,17,vespertina (14-22),CUAUTITLAN IZCALLI,METROPOLITANA,ALTERACION DEL ORDEN PUBLICO POR PERSONA ALCOHOLIZADA,rina,1.5,19.68583,-99.21855,COORDENADA
ECA26072505328,2026-07-25,17:38:00,17,vespertina (14-22),CHIMALHUACAN,ORIENTE,PERSONA AGRESIVA,rina,1.5,19.41267,-98.95063,COORDENADA
ECA26072505329,2026-07-25,17:38:00,17,vespertina (14-22),TECAMAC,ECATEPEC,ROBO A TRANSEUNTE CON VIOLENCIA,robo_violento,2.0,19.63415,-99.04761,COORDENADA
ECA26072505352,2026-07-25,17:40:00,17,vespertina (14-22),VALLE DE CHALCO,CHALCO,PERSONA AGRESIVA,rina,1.5,19.294035,-98.94555,COORDENADA
ECA26072505413,2026-07-25,17:46:00,17,vespertina (14-22),CUAUTITLAN IZCALLI,METROPOLITANA,PERSONA AGRESIVA,rina,1.5,19.695155,-99.217545,COORDENADA
ECA26072505446,2026-07-25,17:49:00,17,vespertina (14-22),IXTAPALUCA,CHALCO,VIOLENCIA FAMILIAR,violencia_genero,2.0,,,MEDIA
ECA26072505481,2026-07-25,17:53:00,17,vespertina (14-22),TULTEPEC,ECATEPEC,ROBO A TRANSEUNTE CON VIOLENCIA,robo_violento,2.0,19.69338,-99.108615,COORDENADA
ECA26072505482,2026-07-25,17:53:00,17,vespertina (14-22),COCOTITLAN,CHALCO,PERSONA AGRESIVA,rina,1.5,19.236427,-98.859289,COORDENADA
ECA26072505506,2026-07-25,17:56:00,17,vespertina (14-22),COYOTEPEC,ECATEPEC,PERSONA AGRESIVA,rina,1.5,19.791855,-99.201288,COORDENADA
ECA26072505510,2026-07-25,17:56:00,17,vespertina (14-22),NICOLAS ROMERO,METROPOLITANA,RIÑA,rina,1.5,19.60321,-99.30884,COORDENADA
ECA26072505526,2026-07-25,17:58:00,17,vespertina (14-22),ZUMPANGO,ECATEPEC,ROBO DE MOTOCICLETA CON VIOLENCIA,robo_violento,2.0,19.799515,-99.04139,COORDENADA
ECA26072505550,2026-07-25,18:03:00,18,vespertina (14-22),ECATEPEC,ECATEPEC,PERSONA NO LOCALIZADA O DESAPARECIDA,desaparicion,3.0,19.51558,-99.039765,COORDENADA
ECA26072505553,2026-07-25,18:03:00,18,vespertina (14-22),TULTITLAN,METROPOLITANA,PERSONA AGRESIVA,rina,1.5,19.624555,-99.132335,COORDENADA
ECA26072505575,2026-07-25,18:05:00,18,vespertina (14-22),CHIMALHUACAN,ORIENTE,PERSONA NO LOCALIZADA O DESAPARECIDA,desaparicion,3.0,19.437185,-98.92834,COORDENADA
ECA26072505578,2026-07-25,18:05:00,18,vespertina (14-22),HUEHUETOCA,ECATEPEC,PERSONA TIRADA EN VIA PUBLICA,deceso_dudoso,3.0,19.831787,-99.210067,COORDENADA
ECA26072505594,2026-07-25,18:08:00,18,vespertina (14-22),VALLE DE CHALCO,CHALCO,VIOLENCIA CONTRA LAS MUJERES,violencia_genero,2.0,19.2891,-98.9193,COORDENADA
ECA26072505601,2026-07-25,18:09:00,18,vespertina (14-22),NICOLAS ROMERO,METROPOLITANA,VIOLENCIA FAMILIAR,violencia_genero,2.0,19.59278,-99.28155,COORDENADA
ECA26072505636,2026-07-25,18:16:00,18,vespertina (14-22),TULTITLAN,METROPOLITANA,EXTORSION TELEFONICA,alta_incidencia,4.0,19.64017,-99.17119,COORDENADA
ECA26072505699,2026-07-25,18:23:00,18,vespertina (14-22),LA PAZ,ORIENTE,PERSONA AGRESIVA,rina,1.5,19.36578,-98.98408,COORDENADA
ECA26072505700,2026-07-25,18:23:00,18,vespertina (14-22),NEZAHUALCOYOTL,ORIENTE,DETONACION POR ARMA DE FUEGO,arma_fuego,4.0,19.39607,-99.0152,COORDENADA
ECA26072505736,2026-07-25,18:28:00,18,vespertina (14-22),IXTAPALUCA,CHALCO,PERSONA LESIONADA POR PROYECTIL DE ARMA DE FUEGO,arma_fuego,6.0,19.30067,-98.88484,COORDENADA
ECA26072505741,2026-07-25,18:29:00,18,vespertina (14-22),NEZAHUALCOYOTL,ORIENTE,PERSONA AGRESIVA,rina,1.5,19.38502,-98.99181,COORDENADA
ECA26072505762,2026-07-25,18:33:00,18,vespertina (14-22),CUAUTITLAN IZCALLI,METROPOLITANA,PERSONA AGRESIVA,rina,1.5,19.65523,-99.21083,COORDENADA
ECA26072505767,2026-07-25,18:33:00,18,vespertina (14-22),IXTAPALUCA,CHALCO,PERSONA TIRADA EN LA VIA PUBLICA CON HUELLAS DE VIOLENCIA,letal,5.0,19.30354,-98.86469,COORDENADA
ECA26072505789,2026-07-25,18:36:00,18,vespertina (14-22),HUEHUETOCA,ECATEPEC,PERSONA TIRADA EN VIA PUBLICA,deceso_dudoso,3.0,19.834712,-99.204711,COORDENADA
ECA26072505797,2026-07-25,18:37:00,18,vespertina (14-22),CUAUTITLAN,METROPOLITANA,PERSONA AGRESIVA,rina,1.5,19.670435,-99.18086,COORDENADA
ECA26072505805,2026-07-25,18:37:00,18,vespertina (14-22),HUEYPOXTLA,SIN CATALOGAR,PERSONA TIRADA EN VIA PUBLICA,deceso_dudoso,3.0,20.006204,-99.041645,COORDENADA
ECA26072505871,2026-07-25,18:47:00,18,vespertina (14-22),ECATEPEC,ECATEPEC,DETONACION POR ARMA DE FUEGO,arma_fuego,4.0,19.54082,-99.085855,COORDENADA
ECA26072505884,2026-07-25,18:49:00,18,vespertina (14-22),COACALCO DE BERRIOZABAL,ECATEPEC,VIOLENCIA DE PAREJA,violencia_genero,2.0,19.63621,-99.12452,COORDENADA
ECA26072505890,2026-07-25,18:50:00,18,vespertina (14-22),ACOLMAN,ECATEPEC,ROBO A NEGOCIO CON VIOLENCIA,robo_violento,2.0,19.60543,-98.97174,COORDENADA
ECA26072505965,2026-07-25,18:57:00,18,vespertina (14-22),CHALCO,CHALCO,PORTACION DE ARMAS DE FUEGO O CARTUCHOS,arma_fuego,3.0,19.262595,-98.89674,COORDENADA
ECA26072506027,2026-07-25,19:02:00,19,vespertina (14-22),ATIZAPAN,METROPOLITANA,VIOLENCIA CONTRA LAS MUJERES,violencia_genero,2.0,19.59095,-99.249385,COORDENADA
ECA26072506053,2026-07-25,19:06:00,19,vespertina (14-22),ATIZAPAN,METROPOLITANA,VIOLENCIA CONTRA LAS MUJERES,violencia_genero,2.0,19.58287,-99.24504,COORDENADA
ECA26072506071,2026-07-25,19:07:00,19,vespertina (14-22),CHIMALHUACAN,ORIENTE,ALTERACION DEL ORDEN PUBLICO POR PERSONA ALCOHOLIZADA,rina,1.5,,,ALTA
ECA26072506072,2026-07-25,19:07:00,19,vespertina (14-22),ATIZAPAN,METROPOLITANA,ROBO A CASA HABITACION CON VIOLENCIA,robo_violento,2.0,,,ALTA
ECA26072506081,2026-07-25,19:08:00,19,vespertina (14-22),TULTITLAN,METROPOLITANA,PERSONA AGRESIVA,rina,1.5,19.64056,-99.13221,COORDENADA
ECA26072506097,2026-07-25,19:10:00,19,vespertina (14-22),HUEHUETOCA,ECATEPEC,ALTERACION DEL ORDEN PUBLICO POR PERSONA ALCOHOLIZADA,rina,1.5,19.824861,-99.253292,COORDENADA
ECA26072506104,2026-07-25,19:10:00,19,vespertina (14-22),NICOLAS ROMERO,METROPOLITANA,RIÑA,rina,1.5,19.611242,-99.3006,COORDENADA
ECA26072506114,2026-07-25,19:11:00,19,vespertina (14-22),TLALNEPANTLA,METROPOLITANA,PORTACION DE ARMAS DE FUEGO O CARTUCHOS,arma_fuego,3.0,19.51265,-99.16982,COORDENADA
ECA26072506131,2026-07-25,19:13:00,19,vespertina (14-22),NEZAHUALCOYOTL,ORIENTE,VIOLENCIA FAMILIAR,violencia_genero,2.0,19.40598,-99.008605,COORDENADA
ECA26072506144,2026-07-25,19:14:00,19,vespertina (14-22),CHICOLOAPAN,SIN CATALOGAR,PERSONA AGRESIVA,rina,1.5,,,MEDIA
ECA26072506168,2026-07-25,19:18:00,19,vespertina (14-22),ECATEPEC,ECATEPEC,RIÑA,rina,1.5,19.564735,-99.04477,COORDENADA
ECA26072506181,2026-07-25,19:20:00,19,vespertina (14-22),VALLE DE CHALCO,CHALCO,ROBO A TRANSEUNTE CON VIOLENCIA,robo_violento,2.0,19.3083,-98.94279,COORDENADA
ECA26072506189,2026-07-25,19:21:00,19,vespertina (14-22),HUEHUETOCA,ECATEPEC,ALTERACION DEL ORDEN PUBLICO POR PERSONA ALCOHOLIZADA,rina,1.5,19.887545,-99.206636,COORDENADA
ECA26072506211,2026-07-25,19:24:00,19,vespertina (14-22),VALLE DE CHALCO,CHALCO,RIÑA,rina,1.5,19.31529,-98.94875,COORDENADA
ECA26072506219,2026-07-25,19:26:00,19,vespertina (14-22),VALLE DE CHALCO,CHALCO,RIÑA,rina,1.5,,,ALTA
ECA26072506225,2026-07-25,19:27:00,19,vespertina (14-22),CHALCO,CHALCO,PERSONA AGRESIVA,rina,1.5,,,ALTA
ECA26072506240,2026-07-25,19:29:00,19,vespertina (14-22),CHALCO,CHALCO,VIOLENCIA DE PAREJA,violencia_genero,2.0,19.2777,-98.84504,COORDENADA
ECA26072506241,2026-07-25,19:29:00,19,vespertina (14-22),ATIZAPAN,METROPOLITANA,ALTERACION DEL ORDEN PUBLICO POR PERSONA ALCOHOLIZADA,rina,1.5,,,ALTA
ECA26072506243,2026-07-25,19:29:00,19,vespertina (14-22),TLALNEPANTLA,METROPOLITANA,VIOLENCIA CONTRA LAS MUJERES,violencia_genero,2.0,19.573855,-99.186315,COORDENADA
ECA26072506256,2026-07-25,19:31:00,19,vespertina (14-22),TLALNEPANTLA,METROPOLITANA,ALTERACION DEL ORDEN PUBLICO POR PERSONA ALCOHOLIZADA,rina,1.5,19.527205,-99.178715,COORDENADA
ECA26072506260,2026-07-25,19:32:00,19,vespertina (14-22),HUEHUETOCA,ECATEPEC,ALTERACION DEL ORDEN PUBLICO POR PERSONA ALCOHOLIZADA,rina,1.5,19.829422,-99.227176,COORDENADA
ECA26072506267,2026-07-25,19:33:00,19,vespertina (14-22),CUAUTITLAN IZCALLI,METROPOLITANA,ALTERACION DEL ORDEN PUBLICO POR PERSONA DROGADA,rina,1.5,19.6312,-99.21513,COORDENADA
ECA26072506291,2026-07-25,19:36:00,19,vespertina (14-22),VALLE DE CHALCO,CHALCO,PERSONA AGRESIVA,rina,1.5,19.31529,-98.94875,COORDENADA
ECA26072506306,2026-07-25,19:37:00,19,vespertina (14-22),HUEHUETOCA,ECATEPEC,ROBO A NEGOCIO CON VIOLENCIA,robo_violento,2.0,19.82917,-99.219942,COORDENADA
ECA26072506320,2026-07-25,19:38:00,19,vespertina (14-22),TULTEPEC,ECATEPEC,VIOLENCIA CONTRA LAS MUJERES,violencia_genero,2.0,19.65511,-99.11127,COORDENADA
ECA26072506326,2026-07-25,19:39:00,19,vespertina (14-22),CHALCO,CHALCO,PERSONA AGRESIVA,rina,1.5,19.25815,-98.916925,COORDENADA
ECA26072506338,2026-07-25,19:41:00,19,vespertina (14-22),NEZAHUALCOYOTL,ORIENTE,PERSONA TIRADA EN LA VIA PUBLICA CON HUELLAS DE VIOLENCIA,letal,5.0,19.40598,-99.008605,COORDENADA
ECA26072506356,2026-07-25,19:44:00,19,vespertina (14-22),CHALCO,CHALCO,PERSONA AGRESIVA,rina,1.5,19.262595,-98.89674,COORDENADA
ECA26072506372,2026-07-25,19:46:00,19,vespertina (14-22),TECAMAC,ECATEPEC,VIOLENCIA FAMILIAR,violencia_genero,2.0,19.62683,-99.02145,COORDENADA
ECA26072506378,2026-07-25,19:47:00,19,vespertina (14-22),COACALCO DE BERRIOZABAL,ECATEPEC,PERSONA AGRESIVA,rina,1.5,19.65129,-99.07778,COORDENADA
ECA26072506387,2026-07-25,19:48:00,19,vespertina (14-22),CHALCO,CHALCO,VIOLENCIA CONTRA LAS MUJERES,violencia_genero,2.0,19.2597,-98.85866,COORDENADA
ECA26072506401,2026-07-25,19:50:00,19,vespertina (14-22),CHICOLOAPAN,SIN CATALOGAR,PERSONA AGRESIVA,rina,1.5,,,MEDIA
ECA26072506402,2026-07-25,19:51:00,19,vespertina (14-22),CHALCO,CHALCO,DETONACION POR ARMA DE FUEGO,arma_fuego,4.0,19.26637,-98.83712,COORDENADA
ECA26072506414,2026-07-25,19:54:00,19,vespertina (14-22),HUEHUETOCA,ECATEPEC,ALTERACION DEL ORDEN PUBLICO POR PERSONA ALCOHOLIZADA,rina,1.5,19.842739,-99.242103,COORDENADA
ECA26072506416,2026-07-25,19:54:00,19,vespertina (14-22),ATENCO,SIN CATALOGAR,PERSONA AGRESIVA,rina,1.5,19.53481,-98.906135,COORDENADA
ECA26072506418,2026-07-25,19:54:00,19,vespertina (14-22),ECATEPEC,ECATEPEC,VIOLENCIA DE PAREJA,violencia_genero,2.0,19.64298,-99.001505,COORDENADA
ECA26072506428,2026-07-25,19:57:00,19,vespertina (14-22),NICOLAS ROMERO,METROPOLITANA,ROBO A NEGOCIO CON VIOLENCIA,robo_violento,2.0,19.611242,-99.3006,COORDENADA
ECA26072506434,2026-07-25,20:03:00,20,vespertina (14-22),TEOLOYUCAN,SIN CATALOGAR,PERSONA AGRESIVA,rina,1.5,19.751635,-99.194405,COORDENADA
ECA26072506436,2026-07-25,20:04:00,20,vespertina (14-22),ACOLMAN,ECATEPEC,PERSONA TIRADA EN VIA PUBLICA,deceso_dudoso,3.0,19.594795,-98.98841,COORDENADA
ECA26072506441,2026-07-25,20:04:00,20,vespertina (14-22),ACOLMAN,ECATEPEC,PERSONA TIRADA EN LA VIA PUBLICA CON HUELLAS DE VIOLENCIA,letal,5.0,19.60543,-98.97174,COORDENADA
ECA26072506475,2026-07-25,20:08:00,20,vespertina (14-22),ECATEPEC,ECATEPEC,PERSONA AGRESIVA,rina,1.5,19.532195,-99.061685,COORDENADA
ECA26072506497,2026-07-25,20:11:00,20,vespertina (14-22),ATIZAPAN,METROPOLITANA,ALTERACION DEL ORDEN PUBLICO POR PERSONA ALCOHOLIZADA,rina,1.5,19.535785,-99.244955,COORDENADA
ECA26072506533,2026-07-25,20:14:00,20,vespertina (14-22),TECAMAC,ECATEPEC,PERSONA AGRESIVA,rina,1.5,19.71231,-98.97444,COORDENADA
ECA26072506545,2026-07-25,20:14:00,20,vespertina (14-22),TECAMAC,ECATEPEC,PERSONA LESIONADA POR ARMA BLANCA,arma_blanca,3.0,19.63415,-99.04761,COORDENADA
ECA26072506552,2026-07-25,20:15:00,20,vespertina (14-22),IXTAPALUCA,CHALCO,PERSONA NO LOCALIZADA O DESAPARECIDA,desaparicion,3.0,19.32391,-98.93569,COORDENADA
ECA26072506557,2026-07-25,20:15:00,20,vespertina (14-22),CHIMALHUACAN,ORIENTE,ALTERACION DEL ORDEN PUBLICO POR PERSONA ALCOHOLIZADA,rina,1.5,19.41988,-98.97199,COORDENADA
ECA26072506560,2026-07-25,20:16:00,20,vespertina (14-22),LA PAZ,ORIENTE,PERSONA AGRESIVA,rina,1.5,19.367535,-98.966475,COORDENADA
ECA26072506576,2026-07-25,20:18:00,20,vespertina (14-22),TLALNEPANTLA,METROPOLITANA,ROBO DE MOTOCICLETA CON VIOLENCIA,robo_violento,2.0,19.571745,-99.201145,COORDENADA
ECA26072506581,2026-07-25,20:19:00,20,vespertina (14-22),ACOLMAN,ECATEPEC,PERSONA LESIONADA POR PROYECTIL DE ARMA DE FUEGO,arma_fuego,6.0,19.60543,-98.97174,COORDENADA
ECA26072506584,2026-07-25,20:19:00,20,vespertina (14-22),CHALCO,CHALCO,VIOLENCIA CONTRA LAS MUJERES,violencia_genero,2.0,,,ALTA
ECA26072506609,2026-07-25,20:22:00,20,vespertina (14-22),LA PAZ,ORIENTE,PERSONA AGRESIVA,rina,1.5,19.37958,-98.92698,COORDENADA
ECA26072506644,2026-07-25,20:27:00,20,vespertina (14-22),CHICOLOAPAN,SIN CATALOGAR,VIOLENCIA CONTRA LAS MUJERES,violencia_genero,2.0,19.420455,-98.909885,COORDENADA
ECA26072506670,2026-07-25,20:30:00,20,vespertina (14-22),LA PAZ,ORIENTE,PORTACION DE ARMA BLANCA,arma_blanca,2.0,19.36567,-98.931,COORDENADA
ECA26072506682,2026-07-25,20:32:00,20,vespertina (14-22),NOPALTEPEC,SIN CATALOGAR,ROBO EN CARRETERA CON VIOLENCIA,robo_violento,2.0,19.803661,-98.699042,COORDENADA
ECA26072506690,2026-07-25,20:32:00,20,vespertina (14-22),ACOLMAN,ECATEPEC,PERSONA LESIONADA POR PROYECTIL DE ARMA DE FUEGO,arma_fuego,6.0,19.58558,-98.98067,COORDENADA
ECA26072506692,2026-07-25,20:33:00,20,vespertina (14-22),CHIMALHUACAN,ORIENTE,PERSONA AGRESIVA,rina,1.5,,,ALTA
ECA26072506703,2026-07-25,20:33:00,20,vespertina (14-22),COACALCO DE BERRIOZABAL,ECATEPEC,PERSONA AGRESIVA,rina,1.5,19.62266,-99.093915,COORDENADA
ECA26072506708,2026-07-25,20:34:00,20,vespertina (14-22),CHALCO,CHALCO,PERSONA AGRESIVA,rina,1.5,19.20291,-98.9628,COORDENADA
ECA26072506726,2026-07-25,20:37:00,20,vespertina (14-22),LA PAZ,ORIENTE,ROBO DE MOTOCICLETA CON VIOLENCIA,robo_violento,2.0,19.36842,-98.93605,COORDENADA
ECA26072506728,2026-07-25,20:37:00,20,vespertina (14-22),HUEHUETOCA,ECATEPEC,ALTERACION DEL ORDEN PUBLICO POR PERSONA ALCOHOLIZADA,rina,1.5,19.829442,-99.227208,COORDENADA
ECA26072506735,2026-07-25,20:38:00,20,vespertina (14-22),TEMASCALAPA,SIN CATALOGAR,VIOLENCIA CONTRA LAS MUJERES,violencia_genero,2.0,19.884833,-98.863711,COORDENADA
ECA26072506742,2026-07-25,20:39:00,20,vespertina (14-22),ECATEPEC,ECATEPEC,ROBO A NEGOCIO CON VIOLENCIA,robo_violento,2.0,19.53081,-99.03604,COORDENADA
ECA26072506745,2026-07-25,20:39:00,20,vespertina (14-22),ACOLMAN,ECATEPEC,VIOLENCIA CONTRA LAS MUJERES,violencia_genero,2.0,19.61524,-98.96421,COORDENADA
ECA26072506765,2026-07-25,20:42:00,20,vespertina (14-22),TECAMAC,ECATEPEC,PERSONA AGRESIVA,rina,1.5,,,ALTA
ECA26072506770,2026-07-25,20:42:00,20,vespertina (14-22),ATIZAPAN,METROPOLITANA,PERSONA AGRESIVA,rina,1.5,19.59535,-99.273605,COORDENADA
ECA26072506785,2026-07-25,20:45:00,20,vespertina (14-22),NEZAHUALCOYOTL,ORIENTE,VIOLENCIA DE PAREJA,violencia_genero,2.0,19.40598,-99.008605,COORDENADA
ECA26072506789,2026-07-25,20:46:00,20,vespertina (14-22),ATIZAPAN,METROPOLITANA,VIOLENCIA CONTRA LAS MUJERES,violencia_genero,2.0,19.58287,-99.24504,COORDENADA
ECA26072506808,2026-07-25,20:49:00,20,vespertina (14-22),TEQUIXQUIAC,SIN CATALOGAR,PERSONA AGRESIVA,rina,1.5,19.906848,-99.161248,COORDENADA
ECA26072506814,2026-07-25,20:50:00,20,vespertina (14-22),IXTAPALUCA,CHALCO,VIOLENCIA CONTRA LAS MUJERES,violencia_genero,2.0,19.308655,-98.9108,COORDENADA
ECA26072506821,2026-07-25,20:50:00,20,vespertina (14-22),TULTITLAN,METROPOLITANA,ROBO A NEGOCIO CON VIOLENCIA,robo_violento,2.0,19.634065,-99.130745,COORDENADA
ECA26072506833,2026-07-25,20:51:00,20,vespertina (14-22),CHIMALHUACAN,ORIENTE,ROBO A TRANSEUNTE CON VIOLENCIA,robo_violento,2.0,19.39969,-98.97902,COORDENADA
ECA26072506841,2026-07-25,20:52:00,20,vespertina (14-22),CUAUTITLAN IZCALLI,METROPOLITANA,VIOLENCIA DE PAREJA,violencia_genero,2.0,19.61702,-99.21391,COORDENADA
ECA26072506853,2026-07-25,20:53:00,20,vespertina (14-22),ECATEPEC,ECATEPEC,PORTACION DE ARMAS DE FUEGO O CARTUCHOS,arma_fuego,3.0,19.64257,-99.065245,COORDENADA
ECA26072506874,2026-07-25,20:55:00,20,vespertina (14-22),TEOLOYUCAN,SIN CATALOGAR,PORTACION DE ARMA BLANCA,arma_blanca,2.0,19.73197,-99.161665,COORDENADA
ECA26072506883,2026-07-25,20:57:00,20,vespertina (14-22),LA PAZ,ORIENTE,PERSONA AGRESIVA,rina,1.5,19.36567,-98.931,COORDENADA
ECA26072506890,2026-07-25,20:58:00,20,vespertina (14-22),TEOTIHUACAN,ORIENTE,PORTACION DE ARMAS DE FUEGO O CARTUCHOS,arma_fuego,3.0,19.66491,-98.90612,COORDENADA
ECA26072506898,2026-07-25,20:58:00,20,vespertina (14-22),ECATEPEC,ECATEPEC,PORTACION DE ARMAS DE FUEGO O CARTUCHOS,arma_fuego,3.0,19.54074,-99.03285,COORDENADA
ECA26072506927,2026-07-25,21:02:00,21,vespertina (14-22),CHALCO,CHALCO,PERSONA AGRESIVA,rina,1.5,19.2734,-98.84602,COORDENADA
ECA26072506933,2026-07-25,21:03:00,21,vespertina (14-22),TLALNEPANTLA,METROPOLITANA,VIOLENCIA CONTRA LAS MUJERES,violencia_genero,2.0,19.53335,-99.1863,COORDENADA
ECA26072506957,2026-07-25,21:06:00,21,vespertina (14-22),IXTAPALUCA,CHALCO,PERSONA NO LOCALIZADA O DESAPARECIDA,desaparicion,3.0,19.314605,-98.89106,COORDENADA
ECA26072506964,2026-07-25,21:07:00,21,vespertina (14-22),VALLE DE CHALCO,CHALCO,PERSONA LESIONADA POR ARMA BLANCA,arma_blanca,3.0,19.26825,-98.958405,COORDENADA
ECA26072506965,2026-07-25,21:07:00,21,vespertina (14-22),TEOLOYUCAN,SIN CATALOGAR,PORTACION DE ARMA BLANCA,arma_blanca,2.0,19.73197,-99.161665,COORDENADA
ECA26072506996,2026-07-25,21:11:00,21,vespertina (14-22),NEZAHUALCOYOTL,ORIENTE,VIOLENCIA CONTRA LAS MUJERES,violencia_genero,2.0,19.40598,-99.008605,COORDENADA
ECA26072507025,2026-07-25,21:14:00,21,vespertina (14-22),TLALMANALCO,CHALCO,PERSONA AGRESIVA,rina,1.5,19.21527,-98.745235,COORDENADA
ECA26072507044,2026-07-25,21:17:00,21,vespertina (14-22),CHIMALHUACAN,ORIENTE,ROBO DE MOTOCICLETA CON VIOLENCIA,robo_violento,2.0,19.41155,-98.92691,COORDENADA
ECA26072507051,2026-07-25,21:18:00,21,vespertina (14-22),AXAPUSCO,ORIENTE,DETONACION POR ARMA DE FUEGO,arma_fuego,4.0,19.730866,-98.634588,COORDENADA
ECA26072507065,2026-07-25,21:19:00,21,vespertina (14-22),VALLE DE CHALCO,CHALCO,ROBO A TRANSEUNTE CON VIOLENCIA,robo_violento,2.0,19.26825,-98.958405,COORDENADA
ECA26072507074,2026-07-25,21:20:00,21,vespertina (14-22),CUAUTITLAN IZCALLI,METROPOLITANA,PORTACION DE ARMAS DE FUEGO O CARTUCHOS,arma_fuego,3.0,19.661645,-99.248145,COORDENADA
ECA26072507097,2026-07-25,21:24:00,21,vespertina (14-22),CHIMALHUACAN,ORIENTE,PERSONA AGRESIVA,rina,1.5,,,ALTA
ECA26072507099,2026-07-25,21:24:00,21,vespertina (14-22),CHALCO,CHALCO,PERSONA AGRESIVA,rina,1.5,19.22201,-98.914705,COORDENADA
ECA26072507113,2026-07-25,21:26:00,21,vespertina (14-22),HUEHUETOCA,ECATEPEC,ALTERACION DEL ORDEN PUBLICO POR PERSONA ALCOHOLIZADA,rina,1.5,19.833608,-99.20898,COORDENADA
ECA26072507144,2026-07-25,21:28:00,21,vespertina (14-22),CHIMALHUACAN,ORIENTE,PERSONA AGRESIVA,rina,1.5,,,ALTA
ECA26072507149,2026-07-25,21:29:00,21,vespertina (14-22),NEZAHUALCOYOTL,ORIENTE,PORTACION DE ARMA BLANCA,arma_blanca,2.0,19.40437,-99.05262,COORDENADA
ECA26072507170,2026-07-25,21:31:00,21,vespertina (14-22),CHIMALHUACAN,ORIENTE,PERSONA AGRESIVA,rina,1.5,,,ALTA
ECA26072507186,2026-07-25,21:32:00,21,vespertina (14-22),HUEHUETOCA,ECATEPEC,ALTERACION DEL ORDEN PUBLICO POR PERSONA ALCOHOLIZADA,rina,1.5,19.833608,-99.20898,COORDENADA
ECA26072507202,2026-07-25,21:34:00,21,vespertina (14-22),ECATEPEC,ECATEPEC,ROBO DE VEHICULO PARTICULAR CON VIOLENCIA,robo_violento,2.0,19.6256,-99.0614,COORDENADA
ECA26072507224,2026-07-25,21:36:00,21,vespertina (14-22),CUAUTITLAN IZCALLI,METROPOLITANA,VIOLENCIA CONTRA LAS MUJERES,violencia_genero,2.0,19.65523,-99.21083,COORDENADA
ECA26072507310,2026-07-25,21:47:00,21,vespertina (14-22),TULTITLAN,METROPOLITANA,PORTACION DE ARMAS DE FUEGO O CARTUCHOS,arma_fuego,3.0,19.665215,-99.094465,COORDENADA
ECA26072507315,2026-07-25,21:47:00,21,vespertina (14-22),IXTAPALUCA,CHALCO,VIOLENCIA FAMILIAR,violencia_genero,2.0,19.34089,-98.84627,COORDENADA
ECA26072507322,2026-07-25,21:48:00,21,vespertina (14-22),NICOLAS ROMERO,METROPOLITANA,VIOLENCIA CONTRA LAS MUJERES,violencia_genero,2.0,19.59326,-99.29019,COORDENADA
ECA26072507324,2026-07-25,21:49:00,21,vespertina (14-22),ACOLMAN,ECATEPEC,VIOLENCIA CONTRA LAS MUJERES,violencia_genero,2.0,19.614475,-98.943035,COORDENADA
ECA26072507329,2026-07-25,21:50:00,21,vespertina (14-22),IXTAPALUCA,CHALCO,PERSONA AGRESIVA,rina,1.5,19.342555,-98.864285,COORDENADA
ECA26072507339,2026-07-25,21:52:00,21,vespertina (14-22),CUAUTITLAN IZCALLI,METROPOLITANA,DETONACION POR ARMA DE FUEGO,arma_fuego,4.0,19.678805,-99.241305,COORDENADA
ECA26072507405,2026-07-25,21:59:00,21,vespertina (14-22),CHIMALHUACAN,ORIENTE,DETONACION POR ARMA DE FUEGO,arma_fuego,4.0,19.41155,-98.92691,COORDENADA
ECA26072507424,2026-07-25,22:04:00,22,nocturna (22-06),CUAUTITLAN IZCALLI,METROPOLITANA,VIOLENCIA CONTRA LAS MUJERES,violencia_genero,2.0,19.692,-99.20618,COORDENADA
ECA26072507443,2026-07-25,22:08:00,22,nocturna (22-06),AXAPUSCO,ORIENTE,DETONACION POR ARMA DE FUEGO,arma_fuego,4.0,19.715873,-98.758485,COORDENADA
ECA26072507446,2026-07-25,22:09:00,22,nocturna (22-06),CHIMALHUACAN,ORIENTE,ALTERACION DEL ORDEN PUBLICO POR PERSONA DROGADA,rina,1.5,19.422805,-98.93359,COORDENADA
ECA26072507461,2026-07-25,22:10:00,22,nocturna (22-06),CUAUTITLAN IZCALLI,METROPOLITANA,VIOLENCIA DE PAREJA,violencia_genero,2.0,19.69203,-99.20648,COORDENADA
ECA26072507476,2026-07-25,22:13:00,22,nocturna (22-06),TLALNEPANTLA,METROPOLITANA,VIOLENCIA CONTRA LAS MUJERES,violencia_genero,2.0,19.537615,-99.11883,COORDENADA
ECA26072507493,2026-07-25,22:14:00,22,nocturna (22-06),HUEHUETOCA,ECATEPEC,VIOLENCIA CONTRA LAS MUJERES,violencia_genero,2.0,19.834712,-99.204711,COORDENADA
ECA26072507507,2026-07-25,22:16:00,22,nocturna (22-06),ACOLMAN,ECATEPEC,VIOLENCIA DE PAREJA,violencia_genero,2.0,19.602935,-98.97948,COORDENADA
ECA26072507508,2026-07-25,22:16:00,22,nocturna (22-06),CHIMALHUACAN,ORIENTE,DETONACION POR ARMA DE FUEGO,arma_fuego,4.0,19.41155,-98.92691,COORDENADA
ECA26072507518,2026-07-25,22:17:00,22,nocturna (22-06),ECATEPEC,ECATEPEC,VIOLENCIA DE PAREJA,violencia_genero,2.0,19.564735,-99.04477,COORDENADA
ECA26072507523,2026-07-25,22:18:00,22,nocturna (22-06),ECATEPEC,ECATEPEC,PERSONA AGRESIVA,rina,1.5,19.61048,-99.05533,COORDENADA
ECA26072507558,2026-07-25,22:21:00,22,nocturna (22-06),CUAUTITLAN IZCALLI,METROPOLITANA,ROBO DE MOTOCICLETA CON VIOLENCIA,robo_violento,2.0,19.67596,-99.20338,COORDENADA
ECA26072507569,2026-07-25,22:22:00,22,nocturna (22-06),CHIMALHUACAN,ORIENTE,ALTERACION DEL ORDEN PUBLICO POR PERSONA ALCOHOLIZADA,rina,1.5,19.42664,-98.98631,COORDENADA
ECA26072507579,2026-07-25,22:24:00,22,nocturna (22-06),CHALCO,CHALCO,PERSONA AGRESIVA,rina,1.5,19.2544,-98.82263,COORDENADA
ECA26072507599,2026-07-25,22:27:00,22,nocturna (22-06),IXTAPALUCA,CHALCO,PERSONA AGRESIVA,rina,1.5,19.33351,-98.87121,COORDENADA
ECA26072507606,2026-07-25,22:28:00,22,nocturna (22-06),CHIMALHUACAN,ORIENTE,DETONACION POR ARMA DE FUEGO,arma_fuego,4.0,19.41155,-98.92691,COORDENADA
ECA26072507613,2026-07-25,22:29:00,22,nocturna (22-06),NEZAHUALCOYOTL,ORIENTE,PORTACION DE ARMA BLANCA,arma_blanca,2.0,19.40517,-99.01085,COORDENADA
ECA26072507641,2026-07-25,22:32:00,22,nocturna (22-06),CHALCO,CHALCO,VIOLENCIA CONTRA LAS MUJERES,violencia_genero,2.0,19.257545,-98.816155,COORDENADA
ECA26072507648,2026-07-25,22:32:00,22,nocturna (22-06),CHIMALHUACAN,ORIENTE,ROBO DE MOTOCICLETA CON VIOLENCIA,robo_violento,2.0,19.38516,-98.96818,COORDENADA
ECA26072507661,2026-07-25,22:34:00,22,nocturna (22-06),CHIMALHUACAN,ORIENTE,PERSONA AGRESIVA,rina,1.5,19.437305,-98.943075,COORDENADA
ECA26072507687,2026-07-25,22:36:00,22,nocturna (22-06),NEZAHUALCOYOTL,ORIENTE,VIOLENCIA CONTRA LAS MUJERES,violencia_genero,2.0,19.373095,-98.989255,COORDENADA
ECA26072507698,2026-07-25,22:37:00,22,nocturna (22-06),ECATEPEC,ECATEPEC,VIOLENCIA CONTRA LAS MUJERES,violencia_genero,2.0,19.52183,-99.08521,COORDENADA
ECA26072507714,2026-07-25,22:38:00,22,nocturna (22-06),NICOLAS ROMERO,METROPOLITANA,PERSONA AGRESIVA,rina,1.5,19.664395,-99.377995,COORDENADA
ECA26072507715,2026-07-25,22:38:00,22,nocturna (22-06),IXTAPALUCA,CHALCO,PERSONA AGRESIVA,rina,1.5,19.3285,-98.91021,COORDENADA
ECA26072507726,2026-07-25,22:40:00,22,nocturna (22-06),TEXCOCO,ORIENTE,RIÑA,rina,1.5,19.43597,-98.898425,COORDENADA
ECA26072507734,2026-07-25,22:41:00,22,nocturna (22-06),TULTEPEC,ECATEPEC,PERSONA AGRESIVA,rina,1.5,19.69338,-99.108615,COORDENADA
ECA26072507735,2026-07-25,22:41:00,22,nocturna (22-06),ATIZAPAN,METROPOLITANA,VIOLENCIA CONTRA LAS MUJERES,violencia_genero,2.0,19.55823,-99.274545,COORDENADA
ECA26072507748,2026-07-25,22:43:00,22,nocturna (22-06),TECAMAC,ECATEPEC,ROBO A NEGOCIO CON VIOLENCIA,robo_violento,2.0,19.68794,-98.970225,COORDENADA
ECA26072507760,2026-07-25,22:44:00,22,nocturna (22-06),LA PAZ,ORIENTE,RIÑA,rina,1.5,19.36842,-98.93605,COORDENADA
ECA26072507765,2026-07-25,22:44:00,22,nocturna (22-06),TECAMAC,ECATEPEC,ROBO DE VEHICULO PARTICULAR CON VIOLENCIA,robo_violento,2.0,19.677495,-99.030985,COORDENADA
ECA26072507768,2026-07-25,22:45:00,22,nocturna (22-06),TULTEPEC,ECATEPEC,PERSONA AGRESIVA,rina,1.5,19.69338,-99.108615,COORDENADA
ECA26072507777,2026-07-25,22:46:00,22,nocturna (22-06),TULTITLAN,METROPOLITANA,PERSONA AGRESIVA,rina,1.5,19.665215,-99.094465,COORDENADA
ECA26072507800,2026-07-25,22:49:00,22,nocturna (22-06),TLALNEPANTLA,METROPOLITANA,ALTERACION DEL ORDEN PUBLICO POR PERSONA ALCOHOLIZADA,rina,1.5,19.51184,-99.10114,COORDENADA
ECA26072507810,2026-07-25,22:50:00,22,nocturna (22-06),TLALNEPANTLA,METROPOLITANA,VIOLENCIA CONTRA LAS MUJERES,violencia_genero,2.0,19.5621,-99.17515,COORDENADA
ECA26072507824,2026-07-25,22:51:00,22,nocturna (22-06),CUAUTITLAN IZCALLI,METROPOLITANA,PERSONA AGRESIVA,rina,1.5,19.65523,-99.21083,COORDENADA
ECA26072507840,2026-07-25,22:53:00,22,nocturna (22-06),CHIMALHUACAN,ORIENTE,PERSONA LESIONADA DURANTE ALTERACION DEL ORDEN PUBLICO O POR RIÑA,rina,1.5,19.401335,-98.94012,COORDENADA
ECA26072507842,2026-07-25,22:54:00,22,nocturna (22-06),CHALCO,CHALCO,DETONACION POR ARMA DE FUEGO,arma_fuego,4.0,19.2597,-98.85866,COORDENADA
ECA26072507851,2026-07-25,22:55:00,22,nocturna (22-06),ECATEPEC,ECATEPEC,VIOLENCIA DE PAREJA,violencia_genero,2.0,19.60215,-99.06185,COORDENADA
ECA26072507858,2026-07-25,22:55:00,22,nocturna (22-06),ECATEPEC,ECATEPEC,RIÑA,rina,1.5,19.564735,-99.04477,COORDENADA
ECA26072507865,2026-07-25,22:56:00,22,nocturna (22-06),VALLE DE CHALCO,CHALCO,PERSONA AGRESIVA,rina,1.5,19.26825,-98.958405,COORDENADA
ECA26072507877,2026-07-25,22:57:00,22,nocturna (22-06),CHICOLOAPAN,SIN CATALOGAR,VIOLENCIA FAMILIAR,violencia_genero,2.0,19.41246,-98.885082,COORDENADA
ECA26072507894,2026-07-25,22:59:00,22,nocturna (22-06),ATIZAPAN,METROPOLITANA,ALTERACION DEL ORDEN PUBLICO POR PERSONA ALCOHOLIZADA,rina,1.5,19.599475,-99.241365,COORDENADA
ECA26072507901,2026-07-25,23:01:00,23,nocturna (22-06),ATIZAPAN,METROPOLITANA,PERSONA TIRADA EN VIA PUBLICA,deceso_dudoso,3.0,19.57679,-99.24885,COORDENADA
ECA26072507913,2026-07-25,23:02:00,23,nocturna (22-06),TLALNEPANTLA,METROPOLITANA,RIÑA,rina,1.5,19.53735,-99.09558,COORDENADA
ECA26072507921,2026-07-25,23:03:00,23,nocturna (22-06),ECATEPEC,ECATEPEC,HOMICIDIO,letal,10.0,19.597555,-99.029795,COORDENADA
ECA26072507937,2026-07-25,23:05:00,23,nocturna (22-06),NEZAHUALCOYOTL,ORIENTE,ALTERACION DEL ORDEN PUBLICO POR PERSONA ALCOHOLIZADA,rina,1.5,19.37596,-99.00105,COORDENADA
ECA26072507942,2026-07-25,23:05:00,23,nocturna (22-06),ECATEPEC,ECATEPEC,PERSONA AGRESIVA,rina,1.5,19.61366,-99.00286,COORDENADA
ECA26072507952,2026-07-25,23:06:00,23,nocturna (22-06),ECATEPEC,ECATEPEC,PERSONA LESIONADA POR PROYECTIL DE ARMA DE FUEGO,arma_fuego,6.0,19.61048,-99.05533,COORDENADA
ECA26072507956,2026-07-25,23:07:00,23,nocturna (22-06),TEZOYUCA,ORIENTE,PERSONA AGRESIVA,rina,1.5,19.597932,-98.942202,COORDENADA
ECA26072507957,2026-07-25,23:07:00,23,nocturna (22-06),CHALCO,CHALCO,ROBO DE MOTOCICLETA CON VIOLENCIA,robo_violento,2.0,19.262595,-98.89674,COORDENADA
ECA26072507961,2026-07-25,23:08:00,23,nocturna (22-06),ECATEPEC,ECATEPEC,PERSONA LESIONADA POR PROYECTIL DE ARMA DE FUEGO,arma_fuego,6.0,19.56955,-99.04121,COORDENADA
ECA26072507966,2026-07-25,23:08:00,23,nocturna (22-06),LA PAZ,ORIENTE,RIÑA,rina,1.5,19.36842,-98.93605,COORDENADA
ECA26072507972,2026-07-25,23:09:00,23,nocturna (22-06),ECATEPEC,ECATEPEC,PERSONA TIRADA EN LA VIA PUBLICA CON HUELLAS DE VIOLENCIA,letal,5.0,19.512875,-99.048975,COORDENADA
ECA26072507989,2026-07-25,23:11:00,23,nocturna (22-06),ECATEPEC,ECATEPEC,PERSONA LESIONADA POR PROYECTIL DE ARMA DE FUEGO,arma_fuego,6.0,19.61048,-99.05533,COORDENADA
ECA26072508000,2026-07-25,23:13:00,23,nocturna (22-06),HUEHUETOCA,ECATEPEC,ALTERACION DEL ORDEN PUBLICO POR PERSONA ALCOHOLIZADA,rina,1.5,19.885052,-99.209852,COORDENADA
ECA26072508004,2026-07-25,23:13:00,23,nocturna (22-06),ACOLMAN,ECATEPEC,PERSONA AGRESIVA,rina,1.5,19.588425,-98.979006,COORDENADA
ECA26072508020,2026-07-25,23:15:00,23,nocturna (22-06),ATIZAPAN,METROPOLITANA,DETONACION POR ARMA DE FUEGO,arma_fuego,4.0,19.57679,-99.24885,COORDENADA
ECA26072508032,2026-07-25,23:17:00,23,nocturna (22-06),CHIMALHUACAN,ORIENTE,ALTERACION DEL ORDEN PUBLICO POR PERSONA ALCOHOLIZADA,rina,1.5,19.412753,-98.977629,COORDENADA
ECA26072508035,2026-07-25,23:18:00,23,nocturna (22-06),TEOTIHUACAN,ORIENTE,VIOLENCIA CONTRA LAS MUJERES,violencia_genero,2.0,19.665295,-98.87451,COORDENADA
ECA26072508044,2026-07-25,23:19:00,23,nocturna (22-06),NEZAHUALCOYOTL,ORIENTE,RIÑA,rina,1.5,19.3833,-98.98805,COORDENADA
ECA26072508055,2026-07-25,23:20:00,23,nocturna (22-06),AMECAMECA,CHALCO,VIOLENCIA FAMILIAR,violencia_genero,2.0,19.13608,-98.75793,COORDENADA
ECA26072508057,2026-07-25,23:21:00,23,nocturna (22-06),CHIMALHUACAN,ORIENTE,ALTERACION DEL ORDEN PUBLICO POR PERSONA DROGADA,rina,1.5,19.389845,-98.96006,COORDENADA
ECA26072508058,2026-07-25,23:21:00,23,nocturna (22-06),TEXCOCO,ORIENTE,ALTERACION DEL ORDEN PUBLICO POR PERSONA ALCOHOLIZADA,rina,1.5,19.454045,-98.87676,COORDENADA
ECA26072508081,2026-07-25,23:24:00,23,nocturna (22-06),AXAPUSCO,ORIENTE,DETONACION POR ARMA DE FUEGO,arma_fuego,4.0,,,MEDIA
ECA26072508100,2026-07-25,23:26:00,23,nocturna (22-06),TLALNEPANTLA,METROPOLITANA,VIOLENCIA CONTRA LAS MUJERES,violencia_genero,2.0,19.55519,-99.176435,COORDENADA
ECA26072508117,2026-07-25,23:27:00,23,nocturna (22-06),IXTAPALUCA,CHALCO,DETONACION POR ARMA DE FUEGO,arma_fuego,4.0,19.32551,-98.88183,COORDENADA
ECA26072508126,2026-07-25,23:29:00,23,nocturna (22-06),IXTAPALUCA,CHALCO,DETONACION POR ARMA DE FUEGO,arma_fuego,4.0,19.32816,-98.88472,COORDENADA
ECA26072508132,2026-07-25,23:30:00,23,nocturna (22-06),CHIMALHUACAN,ORIENTE,DETONACION POR ARMA DE FUEGO,arma_fuego,4.0,19.41807,-98.9331,COORDENADA
ECA26072508135,2026-07-25,23:31:00,23,nocturna (22-06),TECAMAC,ECATEPEC,ROBO DE VEHICULO PARTICULAR CON VIOLENCIA,robo_violento,2.0,19.677495,-99.030985,COORDENADA
ECA26072508137,2026-07-25,23:31:00,23,nocturna (22-06),CHIMALHUACAN,ORIENTE,DETONACION POR ARMA DE FUEGO,arma_fuego,4.0,19.437185,-98.92834,COORDENADA
ECA26072508152,2026-07-25,23:33:00,23,nocturna (22-06),ECATEPEC,ECATEPEC,PERSONA AGRESIVA,rina,1.5,19.546497,-99.039288,COORDENADA
ECA26072508154,2026-07-25,23:33:00,23,nocturna (22-06),CHIMALHUACAN,ORIENTE,VIOLENCIA FAMILIAR,violencia_genero,2.0,19.3951,-98.92118,COORDENADA
ECA26072508160,2026-07-25,23:34:00,23,nocturna (22-06),ECATEPEC,ECATEPEC,VIOLENCIA FAMILIAR,violencia_genero,2.0,19.54691,-99.0388,COORDENADA
ECA26072508163,2026-07-25,23:34:00,23,nocturna (22-06),ECATEPEC,ECATEPEC,RIÑA,rina,1.5,19.569435,-99.09112,COORDENADA
ECA26072508173,2026-07-25,23:36:00,23,nocturna (22-06),ECATEPEC,ECATEPEC,PERSONA LESIONADA DURANTE ALTERACION DEL ORDEN PUBLICO O POR RIÑA,rina,1.5,19.54691,-99.0388,COORDENADA
ECA26072508181,2026-07-25,23:37:00,23,nocturna (22-06),ECATEPEC,ECATEPEC,PERSONA AGRESIVA,rina,1.5,19.54521,-99.04024,COORDENADA
ECA26072508185,2026-07-25,23:38:00,23,nocturna (22-06),JALTENCO,ECATEPEC,TENTATIVA DE SUICIDIO,deceso_dudoso,3.0,19.659915,-99.06921,COORDENADA
ECA26072508192,2026-07-25,23:39:00,23,nocturna (22-06),ECATEPEC,ECATEPEC,PERSONA AGRESIVA,rina,1.5,19.54691,-99.0388,COORDENADA
ECA26072508199,2026-07-25,23:39:00,23,nocturna (22-06),ECATEPEC,ECATEPEC,VIOLENCIA CONTRA LAS MUJERES,violencia_genero,2.0,19.51914,-99.07541,COORDENADA
ECA26072508203,2026-07-25,23:39:00,23,nocturna (22-06),CHIMALHUACAN,ORIENTE,HOMICIDIO,letal,10.0,19.41805,-98.93284,COORDENADA
ECA26072508205,2026-07-25,23:40:00,23,nocturna (22-06),ECATEPEC,ECATEPEC,RIÑA,rina,1.5,19.54621,-99.03946,COORDENADA
ECA26072508207,2026-07-25,23:40:00,23,nocturna (22-06),TLALNEPANTLA,METROPOLITANA,ROBO DE VEHICULO PARTICULAR CON VIOLENCIA,robo_violento,2.0,19.52462,-99.106005,COORDENADA
ECA26072508220,2026-07-25,23:43:00,23,nocturna (22-06),TECAMAC,ECATEPEC,VIOLENCIA CONTRA LAS MUJERES,violencia_genero,2.0,19.63415,-99.04761,COORDENADA
ECA26072508224,2026-07-25,23:43:00,23,nocturna (22-06),NICOLAS ROMERO,METROPOLITANA,DETONACION POR ARMA DE FUEGO,arma_fuego,4.0,19.5997,-99.30424,COORDENADA
ECA26072508231,2026-07-25,23:44:00,23,nocturna (22-06),CHALCO,CHALCO,DETONACION POR ARMA DE FUEGO,arma_fuego,4.0,19.262595,-98.89674,COORDENADA
ECA26072508250,2026-07-25,23:47:00,23,nocturna (22-06),CHIMALHUACAN,ORIENTE,DETONACION POR ARMA DE FUEGO,arma_fuego,4.0,19.42521,-98.98946,COORDENADA
ECA26072508280,2026-07-25,23:50:00,23,nocturna (22-06),CUAUTITLAN IZCALLI,METROPOLITANA,DETONACION POR ARMA DE FUEGO,arma_fuego,4.0,19.661645,-99.248145,COORDENADA
ECA26072508286,2026-07-25,23:51:00,23,nocturna (22-06),ECATEPEC,ECATEPEC,VIOLENCIA CONTRA LAS MUJERES,violencia_genero,2.0,19.61048,-99.05533,COORDENADA
ECA26072508300,2026-07-25,23:53:00,23,nocturna (22-06),TECAMAC,ECATEPEC,PERSONA AGRESIVA,rina,1.5,19.7162,-98.97834,COORDENADA
ECA26072508317,2026-07-25,23:59:00,23,nocturna (22-06),TECAMAC,ECATEPEC,PERSONA AGRESIVA,rina,1.5,19.622015,-99.040695,COORDENADA
ECA26072600006,2026-07-26,00:00:00,0,nocturna (22-06),VALLE DE CHALCO,CHALCO,DETONACION POR ARMA DE FUEGO,arma_fuego,4.0,19.26269,-98.94905,COORDENADA
ECA26072600020,2026-07-26,00:02:00,0,nocturna (22-06),CHALCO,CHALCO,DETONACION POR ARMA DE FUEGO,arma_fuego,4.0,19.262595,-98.89674,COORDENADA
ECA26072600025,2026-07-26,00:03:00,0,nocturna (22-06),CHIMALHUACAN,ORIENTE,VIOLENCIA CONTRA LAS MUJERES,violencia_genero,2.0,19.38236,-98.96601,COORDENADA
ECA26072600031,2026-07-26,00:05:00,0,nocturna (22-06),ECATEPEC,ECATEPEC,RIÑA,rina,1.5,19.53238,-99.01609,COORDENADA
ECA26072600035,2026-07-26,00:05:00,0,nocturna (22-06),ECATEPEC,ECATEPEC,DETONACION POR ARMA DE FUEGO,arma_fuego,4.0,19.639015,-98.98588,COORDENADA
ECA26072600039,2026-07-26,00:06:00,0,nocturna (22-06),ECATEPEC,ECATEPEC,PORTACION DE ARMAS DE FUEGO O CARTUCHOS,arma_fuego,3.0,19.638905,-99.00765,COORDENADA
ECA26072600040,2026-07-26,00:06:00,0,nocturna (22-06),TEOTIHUACAN,ORIENTE,VIOLENCIA DE PAREJA,violencia_genero,2.0,19.68234,-98.89163,COORDENADA
ECA26072600055,2026-07-26,00:07:00,0,nocturna (22-06),NICOLAS ROMERO,METROPOLITANA,DETONACION POR ARMA DE FUEGO,arma_fuego,4.0,19.6148,-99.35957,COORDENADA
ECA26072600070,2026-07-26,00:10:00,0,nocturna (22-06),ECATEPEC,ECATEPEC,DETONACION POR ARMA DE FUEGO,arma_fuego,4.0,19.64345,-98.9895,COORDENADA
ECA26072600080,2026-07-26,00:11:00,0,nocturna (22-06),NEZAHUALCOYOTL,ORIENTE,ALTERACION DEL ORDEN PUBLICO POR PERSONA ALCOHOLIZADA,rina,1.5,19.41828,-99.0203,COORDENADA
ECA26072600083,2026-07-26,00:11:00,0,nocturna (22-06),TECAMAC,ECATEPEC,PERSONA AGRESIVA,rina,1.5,,,ALTA
ECA26072600089,2026-07-26,00:12:00,0,nocturna (22-06),LA PAZ,ORIENTE,RIÑA,rina,1.5,19.3519,-98.9515,COORDENADA
ECA26072600091,2026-07-26,00:13:00,0,nocturna (22-06),NEZAHUALCOYOTL,ORIENTE,VIOLENCIA CONTRA LAS MUJERES,violencia_genero,2.0,19.41541,-99.00937,COORDENADA
ECA26072600098,2026-07-26,00:14:00,0,nocturna (22-06),CUAUTITLAN,METROPOLITANA,VIOLENCIA FAMILIAR,violencia_genero,2.0,19.6873,-99.16621,COORDENADA
ECA26072600106,2026-07-26,00:14:00,0,nocturna (22-06),TEXCOCO,ORIENTE,VIOLENCIA DE PAREJA,violencia_genero,2.0,19.508705,-98.908745,COORDENADA
ECA26072600108,2026-07-26,00:14:00,0,nocturna (22-06),IXTAPALUCA,CHALCO,ROBO DE MOTOCICLETA CON VIOLENCIA,robo_violento,2.0,19.320415,-98.899495,COORDENADA
ECA26072600109,2026-07-26,00:14:00,0,nocturna (22-06),ECATEPEC,ECATEPEC,PERSONA TIRADA EN VIA PUBLICA,deceso_dudoso,3.0,19.5241,-99.038615,COORDENADA
ECA26072600113,2026-07-26,00:15:00,0,nocturna (22-06),LA PAZ,ORIENTE,PERSONA AGRESIVA,rina,1.5,19.3519,-98.9515,COORDENADA
ECA26072600121,2026-07-26,00:17:00,0,nocturna (22-06),NEZAHUALCOYOTL,ORIENTE,VIOLENCIA DE PAREJA,violencia_genero,2.0,19.484957,-99.04345,COORDENADA
ECA26072600128,2026-07-26,00:18:00,0,nocturna (22-06),ECATEPEC,ECATEPEC,ROBO A NEGOCIO CON VIOLENCIA,robo_violento,2.0,19.61048,-99.05533,COORDENADA
ECA26072600131,2026-07-26,00:19:00,0,nocturna (22-06),CUAUTITLAN IZCALLI,METROPOLITANA,PERSONA AGRESIVA,rina,1.5,19.62574,-99.19406,COORDENADA
ECA26072600138,2026-07-26,00:20:00,0,nocturna (22-06),MELCHOR OCAMPO,SIN CATALOGAR,HOMICIDIO,letal,10.0,,,ALTA
ECA26072600141,2026-07-26,00:21:00,0,nocturna (22-06),CUAUTITLAN IZCALLI,METROPOLITANA,RIÑA,rina,1.5,19.65523,-99.21083,COORDENADA
ECA26072600156,2026-07-26,00:23:00,0,nocturna (22-06),NEZAHUALCOYOTL,ORIENTE,ALTERACION DEL ORDEN PUBLICO POR PERSONA ALCOHOLIZADA,rina,1.5,19.40646,-99.05682,COORDENADA
ECA26072600163,2026-07-26,00:24:00,0,nocturna (22-06),ATIZAPAN,METROPOLITANA,RIÑA,rina,1.5,19.59299,-99.228345,COORDENADA
ECA26072600170,2026-07-26,00:24:00,0,nocturna (22-06),CHALCO,CHALCO,VIOLENCIA CONTRA LAS MUJERES,violencia_genero,2.0,19.262595,-98.89674,COORDENADA
ECA26072600180,2026-07-26,00:25:00,0,nocturna (22-06),CUAUTITLAN IZCALLI,METROPOLITANA,ALTERACION DEL ORDEN PUBLICO POR PERSONA ALCOHOLIZADA,rina,1.5,19.661645,-99.248145,COORDENADA
ECA26072600181,2026-07-26,00:26:00,0,nocturna (22-06),ECATEPEC,ECATEPEC,DETONACION POR ARMA DE FUEGO,arma_fuego,4.0,19.64181,-98.98175,COORDENADA
ECA26072600188,2026-07-26,00:27:00,0,nocturna (22-06),ECATEPEC,ECATEPEC,ALTERACION DEL ORDEN PUBLICO POR PERSONA ALCOHOLIZADA,rina,1.5,19.611925,-99.063485,COORDENADA
ECA26072600194,2026-07-26,00:28:00,0,nocturna (22-06),ECATEPEC,ECATEPEC,RIÑA,rina,1.5,19.512875,-99.048975,COORDENADA
ECA26072600196,2026-07-26,00:29:00,0,nocturna (22-06),COACALCO DE BERRIOZABAL,ECATEPEC,VIOLENCIA CONTRA LAS MUJERES,violencia_genero,2.0,,,ALTA
ECA26072600197,2026-07-26,00:29:00,0,nocturna (22-06),COACALCO DE BERRIOZABAL,ECATEPEC,PERSONA AGRESIVA,rina,1.5,19.6433,-99.12188,COORDENADA
ECA26072600199,2026-07-26,00:29:00,0,nocturna (22-06),TLALMANALCO,CHALCO,ALTERACION DEL ORDEN PUBLICO POR PERSONA ALCOHOLIZADA,rina,1.5,19.205635,-98.771385,COORDENADA
ECA26072600200,2026-07-26,00:29:00,0,nocturna (22-06),COACALCO DE BERRIOZABAL,ECATEPEC,PORTACION DE ARMAS DE FUEGO O CARTUCHOS,arma_fuego,3.0,19.6433,-99.12188,COORDENADA
ECA26072600212,2026-07-26,00:31:00,0,nocturna (22-06),COACALCO DE BERRIOZABAL,ECATEPEC,VIOLENCIA CONTRA LAS MUJERES,violencia_genero,2.0,19.62118,-99.09535,COORDENADA
ECA26072600222,2026-07-26,00:33:00,0,nocturna (22-06),ECATEPEC,ECATEPEC,ALTERACION DEL ORDEN PUBLICO POR PERSONA ALCOHOLIZADA,rina,1.5,19.64379,-99.06607,COORDENADA
ECA26072600227,2026-07-26,00:34:00,0,nocturna (22-06),TLALNEPANTLA,METROPOLITANA,PERSONA LESIONADA POR ARMA BLANCA,arma_blanca,3.0,19.5277,-99.17621,COORDENADA
ECA26072600242,2026-07-26,00:36:00,0,nocturna (22-06),VALLE DE CHALCO,CHALCO,DETONACION POR ARMA DE FUEGO,arma_fuego,4.0,19.29716,-98.92594,COORDENADA
ECA26072600250,2026-07-26,00:36:00,0,nocturna (22-06),NEZAHUALCOYOTL,ORIENTE,ALTERACION DEL ORDEN PUBLICO POR PERSONA ALCOHOLIZADA,rina,1.5,19.41828,-99.0203,COORDENADA
ECA26072600252,2026-07-26,00:36:00,0,nocturna (22-06),CHIMALHUACAN,ORIENTE,RIÑA,rina,1.5,19.401335,-98.94012,COORDENADA
ECA26072600261,2026-07-26,00:37:00,0,nocturna (22-06),COACALCO DE BERRIOZABAL,ECATEPEC,PERSONA AGRESIVA,rina,1.5,19.64024,-99.11281,COORDENADA
ECA26072600278,2026-07-26,00:40:00,0,nocturna (22-06),ATIZAPAN,METROPOLITANA,PERSONA AGRESIVA,rina,1.5,19.58959,-99.22719,COORDENADA
ECA26072600288,2026-07-26,00:42:00,0,nocturna (22-06),IXTAPALUCA,CHALCO,PERSONA LESIONADA DURANTE ALTERACION DEL ORDEN PUBLICO O POR RIÑA,rina,1.5,19.294037,-98.842716,COORDENADA
ECA26072600296,2026-07-26,00:42:00,0,nocturna (22-06),CHIMALHUACAN,ORIENTE,ALTERACION DEL ORDEN PUBLICO POR PERSONA ALCOHOLIZADA,rina,1.5,19.43314,-98.94501,COORDENADA
ECA26072600307,2026-07-26,00:44:00,0,nocturna (22-06),ATIZAPAN,METROPOLITANA,RIÑA,rina,1.5,19.5333,-99.24605,COORDENADA
ECA26072600309,2026-07-26,00:44:00,0,nocturna (22-06),CHICOLOAPAN,SIN CATALOGAR,VIOLENCIA FAMILIAR,violencia_genero,2.0,19.42189,-98.8839,COORDENADA
ECA26072600322,2026-07-26,00:46:00,0,nocturna (22-06),CHIMALHUACAN,ORIENTE,DETONACION POR ARMA DE FUEGO,arma_fuego,4.0,,,ALTA
ECA26072600327,2026-07-26,00:47:00,0,nocturna (22-06),CUAUTITLAN IZCALLI,METROPOLITANA,ALTERACION DEL ORDEN PUBLICO POR PERSONA ALCOHOLIZADA,rina,1.5,19.65523,-99.21083,COORDENADA
ECA26072600328,2026-07-26,00:47:00,0,nocturna (22-06),IXTAPALUCA,CHALCO,PERSONA AGRESIVA,rina,1.5,,,ALTA
ECA26072600329,2026-07-26,00:48:00,0,nocturna (22-06),CHIMALHUACAN,ORIENTE,DETONACION POR ARMA DE FUEGO,arma_fuego,4.0,19.437185,-98.92834,COORDENADA
ECA26072600340,2026-07-26,00:49:00,0,nocturna (22-06),CHICOLOAPAN,SIN CATALOGAR,ALTERACION DEL ORDEN PUBLICO POR PERSONA ALCOHOLIZADA,rina,1.5,19.391295,-98.908425,COORDENADA
ECA26072600356,2026-07-26,00:52:00,0,nocturna (22-06),CUAUTITLAN IZCALLI,METROPOLITANA,PERSONA AGRESIVA,rina,1.5,19.680751,-99.21872,COORDENADA
ECA26072600370,2026-07-26,00:54:00,0,nocturna (22-06),ATENCO,SIN CATALOGAR,PERSONA AGRESIVA,rina,1.5,19.55678,-98.916105,COORDENADA
ECA26072600384,2026-07-26,00:56:00,0,nocturna (22-06),NEZAHUALCOYOTL,ORIENTE,PORTACION DE ARMAS DE FUEGO O CARTUCHOS,arma_fuego,3.0,19.458085,-99.049295,COORDENADA
ECA26072600385,2026-07-26,00:56:00,0,nocturna (22-06),IXTAPALUCA,CHALCO,RIÑA,rina,1.5,19.31397,-98.9403,COORDENADA
ECA26072600395,2026-07-26,00:58:00,0,nocturna (22-06),ECATEPEC,ECATEPEC,ALTERACION DEL ORDEN PUBLICO POR PERSONA ALCOHOLIZADA,rina,1.5,19.615375,-98.99749,COORDENADA
ECA26072600400,2026-07-26,00:59:00,0,nocturna (22-06),LA PAZ,ORIENTE,PERSONA AGRESIVA,rina,1.5,19.34887,-98.95477,COORDENADA
ECA26072600401,2026-07-26,00:59:00,0,nocturna (22-06),CHIMALHUACAN,ORIENTE,DETONACION POR ARMA DE FUEGO,arma_fuego,4.0,19.43668,-98.96529,COORDENADA
ECA26072600405,2026-07-26,00:59:00,0,nocturna (22-06),IXTAPALUCA,CHALCO,VIOLENCIA FAMILIAR,violencia_genero,2.0,19.32764,-98.876485,COORDENADA
ECA26072600411,2026-07-26,01:02:00,1,nocturna (22-06),CHIMALHUACAN,ORIENTE,PERSONA AGRESIVA,rina,1.5,19.404517,-98.94832,COORDENADA
ECA26072600419,2026-07-26,01:05:00,1,nocturna (22-06),TLALNEPANTLA,METROPOLITANA,VIOLENCIA CONTRA LAS MUJERES,violencia_genero,2.0,19.51526,-99.21678,COORDENADA
ECA26072600427,2026-07-26,01:07:00,1,nocturna (22-06),CHIMALHUACAN,ORIENTE,ALTERACION DEL ORDEN PUBLICO POR PERSONA ALCOHOLIZADA,rina,1.5,19.437185,-98.92834,COORDENADA
ECA26072600430,2026-07-26,01:07:00,1,nocturna (22-06),TECAMAC,ECATEPEC,VIOLENCIA CONTRA LAS MUJERES,violencia_genero,2.0,19.638,-99.02711,COORDENADA
ECA26072600433,2026-07-26,01:09:00,1,nocturna (22-06),ECATEPEC,ECATEPEC,ROBO DE MOTOCICLETA CON VIOLENCIA,robo_violento,2.0,19.63266,-99.0593,COORDENADA
ECA26072600445,2026-07-26,01:11:00,1,nocturna (22-06),NEZAHUALCOYOTL,ORIENTE,RIÑA,rina,1.5,19.40598,-99.008605,COORDENADA
ECA26072600446,2026-07-26,01:11:00,1,nocturna (22-06),NEZAHUALCOYOTL,ORIENTE,PERSONA AGRESIVA,rina,1.5,19.39442,-98.99631,COORDENADA
ECA26072600452,2026-07-26,01:12:00,1,nocturna (22-06),IXTAPALUCA,CHALCO,DETONACION POR ARMA DE FUEGO,arma_fuego,4.0,19.33351,-98.87121,COORDENADA
ECA26072600456,2026-07-26,01:14:00,1,nocturna (22-06),TLALNEPANTLA,METROPOLITANA,ALTERACION DEL ORDEN PUBLICO POR PERSONA ALCOHOLIZADA,rina,1.5,19.55356,-99.16796,COORDENADA
ECA26072600464,2026-07-26,01:15:00,1,nocturna (22-06),IXTAPALUCA,CHALCO,PERSONA AGRESIVA,rina,1.5,19.298,-98.90838,COORDENADA
ECA26072600465,2026-07-26,01:15:00,1,nocturna (22-06),IXTAPALUCA,CHALCO,RIÑA,rina,1.5,19.32829,-98.88109,COORDENADA
ECA26072600468,2026-07-26,01:16:00,1,nocturna (22-06),LA PAZ,ORIENTE,PERSONA AGRESIVA,rina,1.5,19.37873,-98.946315,COORDENADA
ECA26072600472,2026-07-26,01:17:00,1,nocturna (22-06),HUEHUETOCA,ECATEPEC,ALTERACION DEL ORDEN PUBLICO POR PERSONA ALCOHOLIZADA,rina,1.5,19.834712,-99.204711,COORDENADA
ECA26072600492,2026-07-26,01:22:00,1,nocturna (22-06),ECATEPEC,ECATEPEC,ALTERACION DEL ORDEN PUBLICO POR PERSONA ALCOHOLIZADA,rina,1.5,19.550962,-99.08933,COORDENADA
ECA26072600509,2026-07-26,01:25:00,1,nocturna (22-06),NEZAHUALCOYOTL,ORIENTE,ALTERACION DEL ORDEN PUBLICO POR PERSONA ALCOHOLIZADA,rina,1.5,19.4191,-99.02565,COORDENADA
ECA26072600515,2026-07-26,01:26:00,1,nocturna (22-06),HUEHUETOCA,ECATEPEC,ALTERACION DEL ORDEN PUBLICO POR PERSONA ALCOHOLIZADA,rina,1.5,19.842739,-99.242103,COORDENADA
ECA26072600518,2026-07-26,01:27:00,1,nocturna (22-06),TULTITLAN,METROPOLITANA,ROBO DE VEHICULO PARTICULAR CON VIOLENCIA,robo_violento,2.0,19.643255,-99.16174,COORDENADA
ECA26072600530,2026-07-26,01:29:00,1,nocturna (22-06),ZUMPANGO,ECATEPEC,DETONACION POR ARMA DE FUEGO,arma_fuego,4.0,,,ALTA
ECA26072600535,2026-07-26,01:30:00,1,nocturna (22-06),TULTITLAN,METROPOLITANA,VIOLENCIA CONTRA LAS MUJERES,violencia_genero,2.0,19.60078,-99.16887,COORDENADA
ECA26072600553,2026-07-26,01:33:00,1,nocturna (22-06),TLALNEPANTLA,METROPOLITANA,VIOLENCIA CONTRA LAS MUJERES,violencia_genero,2.0,19.54726,-99.19161,COORDENADA
ECA26072600579,2026-07-26,01:35:00,1,nocturna (22-06),COACALCO DE BERRIOZABAL,ECATEPEC,PORTACION DE ARMAS DE FUEGO O CARTUCHOS,arma_fuego,3.0,19.62638,-99.105155,COORDENADA
ECA26072600584,2026-07-26,01:36:00,1,nocturna (22-06),ATIZAPAN,METROPOLITANA,VIOLENCIA CONTRA LAS MUJERES,violencia_genero,2.0,19.564895,-99.247735,COORDENADA
ECA26072600587,2026-07-26,01:37:00,1,nocturna (22-06),ATENCO,SIN CATALOGAR,VIOLENCIA DE PAREJA,violencia_genero,2.0,19.58535,-98.92921,COORDENADA
ECA26072600588,2026-07-26,01:38:00,1,nocturna (22-06),ATIZAPAN,METROPOLITANA,PERSONA AGRESIVA,rina,1.5,19.586621,-99.268053,COORDENADA
ECA26072600605,2026-07-26,01:41:00,1,nocturna (22-06),TECAMAC,ECATEPEC,DETONACION POR ARMA DE FUEGO,arma_fuego,4.0,19.623938,-99.03758,COORDENADA
ECA26072600610,2026-07-26,01:41:00,1,nocturna (22-06),COACALCO DE BERRIOZABAL,ECATEPEC,ALTERACION DEL ORDEN PUBLICO POR PERSONA ALCOHOLIZADA,rina,1.5,19.649245,-99.096565,COORDENADA
ECA26072600614,2026-07-26,01:42:00,1,nocturna (22-06),TECAMAC,ECATEPEC,DETONACION POR ARMA DE FUEGO,arma_fuego,4.0,,,ALTA
ECA26072600617,2026-07-26,01:43:00,1,nocturna (22-06),NEZAHUALCOYOTL,ORIENTE,DETONACION POR ARMA DE FUEGO,arma_fuego,4.0,19.487705,-99.04364,COORDENADA
ECA26072600624,2026-07-26,01:44:00,1,nocturna (22-06),TEOTIHUACAN,ORIENTE,DETONACION POR ARMA DE FUEGO,arma_fuego,4.0,19.70254,-98.93267,COORDENADA
ECA26072600629,2026-07-26,01:45:00,1,nocturna (22-06),CUAUTITLAN IZCALLI,METROPOLITANA,VIOLENCIA DE PAREJA,violencia_genero,2.0,19.6312,-99.21513,COORDENADA
ECA26072600644,2026-07-26,01:47:00,1,nocturna (22-06),TEXCOCO,ORIENTE,RIÑA,rina,1.5,19.49759,-98.888405,COORDENADA
ECA26072600658,2026-07-26,01:49:00,1,nocturna (22-06),ZUMPANGO,ECATEPEC,PERSONA AGRESIVA,rina,1.5,19.82873,-99.08763,COORDENADA
ECA26072600660,2026-07-26,01:49:00,1,nocturna (22-06),TLALNEPANTLA,METROPOLITANA,ALTERACION DEL ORDEN PUBLICO POR PERSONA ALCOHOLIZADA,rina,1.5,19.55392,-99.16768,COORDENADA
ECA26072600670,2026-07-26,01:51:00,1,nocturna (22-06),TEXCOCO,ORIENTE,VIOLENCIA DE PAREJA,violencia_genero,2.0,19.494355,-98.890475,COORDENADA
ECA26072600671,2026-07-26,01:51:00,1,nocturna (22-06),TECAMAC,ECATEPEC,PORTACION DE ARMAS DE FUEGO O CARTUCHOS,arma_fuego,3.0,19.622015,-99.040695,COORDENADA
ECA26072600672,2026-07-26,01:51:00,1,nocturna (22-06),TEXCOCO,ORIENTE,PORTACION DE ARMA BLANCA,arma_blanca,2.0,19.49759,-98.888405,COORDENADA
ECA26072600673,2026-07-26,01:52:00,1,nocturna (22-06),TULTITLAN,METROPOLITANA,ROBO DE MOTOCICLETA CON VIOLENCIA,robo_violento,2.0,19.62289,-99.14213,COORDENADA
ECA26072600684,2026-07-26,01:54:00,1,nocturna (22-06),TEXCOCO,ORIENTE,VIOLENCIA CONTRA LAS MUJERES,violencia_genero,2.0,,,ALTA
ECA26072600689,2026-07-26,01:55:00,1,nocturna (22-06),TEXCOCO,ORIENTE,VIOLENCIA CONTRA LAS MUJERES,violencia_genero,2.0,19.49759,-98.888405,COORDENADA
ECA26072600691,2026-07-26,01:56:00,1,nocturna (22-06),CUAUTITLAN IZCALLI,METROPOLITANA,VIOLENCIA CONTRA LAS MUJERES,violencia_genero,2.0,19.65523,-99.21083,COORDENADA
ECA26072600701,2026-07-26,01:58:00,1,nocturna (22-06),ATIZAPAN,METROPOLITANA,PERSONA AGRESIVA,rina,1.5,19.59066,-99.27294,COORDENADA
ECA26072600723,2026-07-26,02:01:00,2,nocturna (22-06),TLALNEPANTLA,METROPOLITANA,ALTERACION DEL ORDEN PUBLICO POR PERSONA ALCOHOLIZADA,rina,1.5,19.54726,-99.19161,COORDENADA
ECA26072600725,2026-07-26,02:01:00,2,nocturna (22-06),TULTITLAN,METROPOLITANA,TENTATIVA DE SUICIDIO,deceso_dudoso,3.0,19.632145,-99.14125,COORDENADA
ECA26072600737,2026-07-26,02:02:00,2,nocturna (22-06),ECATEPEC,ECATEPEC,VIOLENCIA DE PAREJA,violencia_genero,2.0,19.48983,-99.03111,COORDENADA
ECA26072600745,2026-07-26,02:03:00,2,nocturna (22-06),IXTAPALUCA,CHALCO,RIÑA,rina,1.5,19.31113,-98.90298,COORDENADA
ECA26072600746,2026-07-26,02:03:00,2,nocturna (22-06),CUAUTITLAN IZCALLI,METROPOLITANA,PERSONA AGRESIVA,rina,1.5,19.686065,-99.233495,COORDENADA
ECA26072600768,2026-07-26,02:06:00,2,nocturna (22-06),ECATEPEC,ECATEPEC,RIÑA,rina,1.5,19.60451,-98.98751,COORDENADA
ECA26072600771,2026-07-26,02:06:00,2,nocturna (22-06),TLALNEPANTLA,METROPOLITANA,PERSONA AGRESIVA,rina,1.5,19.558665,-99.17578,COORDENADA
ECA26072600780,2026-07-26,02:07:00,2,nocturna (22-06),HUEHUETOCA,ECATEPEC,VIOLENCIA FAMILIAR,violencia_genero,2.0,19.82917,-99.219942,COORDENADA
ECA26072600781,2026-07-26,02:07:00,2,nocturna (22-06),TEXCOCO,ORIENTE,PERSONA AGRESIVA,rina,1.5,19.49817,-98.89282,COORDENADA
ECA26072600790,2026-07-26,02:08:00,2,nocturna (22-06),CHIMALHUACAN,ORIENTE,PERSONA AGRESIVA,rina,1.5,19.437185,-98.92834,COORDENADA
ECA26072600792,2026-07-26,02:09:00,2,nocturna (22-06),TLALNEPANTLA,METROPOLITANA,PERSONA LESIONADA DURANTE ALTERACION DEL ORDEN PUBLICO O POR RIÑA,rina,1.5,19.558665,-99.17578,COORDENADA
ECA26072600815,2026-07-26,02:12:00,2,nocturna (22-06),CHALCO,CHALCO,PERSONA NO LOCALIZADA O DESAPARECIDA,desaparicion,3.0,19.262595,-98.89674,COORDENADA
ECA26072600816,2026-07-26,02:13:00,2,nocturna (22-06),ECATEPEC,ECATEPEC,DETONACION POR ARMA DE FUEGO,arma_fuego,4.0,19.64493,-99.06297,COORDENADA
ECA26072600833,2026-07-26,02:15:00,2,nocturna (22-06),VALLE DE CHALCO,CHALCO,DETONACION POR ARMA DE FUEGO,arma_fuego,4.0,19.278291,-98.917524,COORDENADA
ECA26072600845,2026-07-26,02:16:00,2,nocturna (22-06),ECATEPEC,ECATEPEC,DETONACION POR ARMA DE FUEGO,arma_fuego,4.0,19.600515,-99.059305,COORDENADA
ECA26072600849,2026-07-26,02:16:00,2,nocturna (22-06),ECATEPEC,ECATEPEC,PERSONA AGRESIVA,rina,1.5,19.49494,-99.021695,COORDENADA
ECA26072600861,2026-07-26,02:18:00,2,nocturna (22-06),NEZAHUALCOYOTL,ORIENTE,ALTERACION DEL ORDEN PUBLICO POR PERSONA DROGADA,rina,1.5,19.420065,-99.048295,COORDENADA
ECA26072600862,2026-07-26,02:18:00,2,nocturna (22-06),TECAMAC,ECATEPEC,VIOLENCIA FAMILIAR,violencia_genero,2.0,19.70906,-98.97852,COORDENADA
ECA26072600868,2026-07-26,02:20:00,2,nocturna (22-06),TLALNEPANTLA,METROPOLITANA,PERSONA AGRESIVA,rina,1.5,19.532501,-99.08953,COORDENADA
ECA26072600905,2026-07-26,02:26:00,2,nocturna (22-06),IXTAPALUCA,CHALCO,PERSONA AGRESIVA,rina,1.5,19.321615,-98.928265,COORDENADA
ECA26072600920,2026-07-26,02:28:00,2,nocturna (22-06),NEZAHUALCOYOTL,ORIENTE,PERSONA AGRESIVA,rina,1.5,19.389875,-99.008545,COORDENADA
ECA26072600960,2026-07-26,02:32:00,2,nocturna (22-06),ATIZAPAN,METROPOLITANA,ALTERACION DEL ORDEN PUBLICO POR PERSONA ALCOHOLIZADA,rina,1.5,19.55161,-99.26714,COORDENADA
ECA26072600967,2026-07-26,02:32:00,2,nocturna (22-06),TEOTIHUACAN,ORIENTE,VIOLENCIA FAMILIAR,violencia_genero,2.0,19.69889,-98.928705,COORDENADA
ECA26072600970,2026-07-26,02:33:00,2,nocturna (22-06),ECATEPEC,ECATEPEC,PORTACION DE ARMAS DE FUEGO O CARTUCHOS,arma_fuego,3.0,19.59782,-99.00203,COORDENADA
ECA26072600993,2026-07-26,02:36:00,2,nocturna (22-06),ECATEPEC,ECATEPEC,ALTERACION DEL ORDEN PUBLICO POR PERSONA DROGADA,rina,1.5,19.535135,-99.018035,COORDENADA
ECA26072600996,2026-07-26,02:36:00,2,nocturna (22-06),IXTAPALUCA,CHALCO,ALTERACION DEL ORDEN PUBLICO POR PERSONA ALCOHOLIZADA,rina,1.5,19.3135,-98.85552,COORDENADA
ECA26072601020,2026-07-26,02:40:00,2,nocturna (22-06),ATIZAPAN,METROPOLITANA,PORTACION DE ARMA BLANCA,arma_blanca,2.0,19.59066,-99.27294,COORDENADA
ECA26072601031,2026-07-26,02:40:00,2,nocturna (22-06),ECATEPEC,ECATEPEC,PERSONA AGRESIVA,rina,1.5,19.56918,-99.04064,COORDENADA
ECA26072601033,2026-07-26,02:41:00,2,nocturna (22-06),VALLE DE CHALCO,CHALCO,VIOLENCIA CONTRA LAS MUJERES,violencia_genero,2.0,19.279905,-98.92129,COORDENADA
ECA26072601052,2026-07-26,02:44:00,2,nocturna (22-06),ECATEPEC,ECATEPEC,DETONACION POR ARMA DE FUEGO,arma_fuego,4.0,19.600515,-99.059305,COORDENADA
ECA26072601060,2026-07-26,02:45:00,2,nocturna (22-06),ZUMPANGO,ECATEPEC,RIÑA,rina,1.5,,,ALTA
ECA26072601090,2026-07-26,02:50:00,2,nocturna (22-06),TEPOTZOTLAN,METROPOLITANA,VIOLENCIA CONTRA LAS MUJERES,violencia_genero,2.0,19.714515,-99.21677,COORDENADA
ECA26072601091,2026-07-26,02:50:00,2,nocturna (22-06),CHIMALHUACAN,ORIENTE,RIÑA,rina,1.5,19.43362,-98.95053,COORDENADA
ECA26072601094,2026-07-26,02:50:00,2,nocturna (22-06),NEZAHUALCOYOTL,ORIENTE,PERSONA AGRESIVA,rina,1.5,19.49018,-99.05867,COORDENADA
ECA26072601096,2026-07-26,02:50:00,2,nocturna (22-06),TLALNEPANTLA,METROPOLITANA,RIÑA,rina,1.5,19.558665,-99.17578,COORDENADA
ECA26072601118,2026-07-26,02:54:00,2,nocturna (22-06),ECATEPEC,ECATEPEC,DETONACION POR ARMA DE FUEGO,arma_fuego,4.0,19.600515,-99.059305,COORDENADA
ECA26072601123,2026-07-26,02:55:00,2,nocturna (22-06),LA PAZ,ORIENTE,PERSONA NO LOCALIZADA O DESAPARECIDA,desaparicion,3.0,19.350265,-98.97688,COORDENADA
ECA26072601128,2026-07-26,02:55:00,2,nocturna (22-06),TLALNEPANTLA,METROPOLITANA,RIÑA,rina,1.5,19.52945,-99.16495,COORDENADA
ECA26072601136,2026-07-26,02:57:00,2,nocturna (22-06),ECATEPEC,ECATEPEC,DETONACION POR ARMA DE FUEGO,arma_fuego,4.0,19.60222,-99.05979,COORDENADA
ECA26072601142,2026-07-26,02:59:00,2,nocturna (22-06),IXTAPALUCA,CHALCO,ALTERACION DEL ORDEN PUBLICO POR PERSONA ALCOHOLIZADA,rina,1.5,19.32198,-98.936115,COORDENADA
TOL26072600690,2026-07-26,03:02:00,3,nocturna (22-06),SAN MATEO ATENCO,VALLE TOLUCA,RIÑA,rina,1.5,19.26309,-99.52157,COORDENADA
TOL26072600719,2026-07-26,03:11:00,3,nocturna (22-06),NAUCALPAN,METROPOLITANA,VIOLENCIA DE PAREJA,violencia_genero,2.0,19.445575,-99.29039,COORDENADA
TOL26072600728,2026-07-26,03:17:00,3,nocturna (22-06),TOLUCA,VALLE TOLUCA,ALTERACION DEL ORDEN PUBLICO POR PERSONA ALCOHOLIZADA,rina,1.5,19.33691,-99.63207,COORDENADA
TOL26072600731,2026-07-26,03:18:00,3,nocturna (22-06),IXTLAHUACA,ATLACOMULCO,PERSONA TIRADA EN LA VIA PUBLICA CON HUELLAS DE VIOLENCIA,letal,5.0,19.578161,-99.744303,COORDENADA
TOL26072600733,2026-07-26,03:18:00,3,nocturna (22-06),HUIXQUILUCAN,METROPOLITANA,ALTERACION DEL ORDEN PUBLICO POR PERSONA ALCOHOLIZADA,rina,1.5,19.40465,-99.33332,COORDENADA
TOL26072600754,2026-07-26,03:25:00,3,nocturna (22-06),NAUCALPAN,METROPOLITANA,ALTERACION DEL ORDEN PUBLICO POR PERSONA ALCOHOLIZADA,rina,1.5,19.460545,-99.2885,COORDENADA
TOL26072600761,2026-07-26,03:29:00,3,nocturna (22-06),TOLUCA,VALLE TOLUCA,RIÑA,rina,1.5,19.28824,-99.67776,COORDENADA
TOL26072600777,2026-07-26,03:32:00,3,nocturna (22-06),TENANGO DEL VALLE,IXTAPAN,ALTERACION DEL ORDEN PUBLICO POR PERSONA ALCOHOLIZADA,rina,1.5,19.125941,-99.58745,COORDENADA
TOL26072600788,2026-07-26,03:36:00,3,nocturna (22-06),HUIXQUILUCAN,METROPOLITANA,ALTERACION DEL ORDEN PUBLICO POR PERSONA ALCOHOLIZADA,rina,1.5,19.40465,-99.33332,COORDENADA
TOL26072600801,2026-07-26,03:42:00,3,nocturna (22-06),SAN MATEO ATENCO,VALLE TOLUCA,PERSONA LESIONADA POR ARMA BLANCA,arma_blanca,3.0,19.26187,-99.548385,COORDENADA
TOL26072600803,2026-07-26,03:43:00,3,nocturna (22-06),ALMOLOYA,VALLE TOLUCA,PERSONA AGRESIVA,rina,1.5,19.294713,-99.769683,COORDENADA
TOL26072600804,2026-07-26,03:44:00,3,nocturna (22-06),TENANGO DEL VALLE,IXTAPAN,PORTACION DE ARMAS DE FUEGO O CARTUCHOS,arma_fuego,3.0,19.103386,-99.584962,COORDENADA
TOL26072600825,2026-07-26,03:52:00,3,nocturna (22-06),ALMOLOYA,VALLE TOLUCA,RIÑA,rina,1.5,19.30171,-99.807685,COORDENADA
TOL26072600832,2026-07-26,03:54:00,3,nocturna (22-06),ZINACANTEPEC,VALLE TOLUCA,ALTERACION DEL ORDEN PUBLICO POR PERSONA ALCOHOLIZADA,rina,1.5,19.27624,-99.74448,COORDENADA
TOL26072600884,2026-07-26,04:18:00,4,nocturna (22-06),HUIXQUILUCAN,METROPOLITANA,PERSONA AGRESIVA,rina,1.5,19.36335,-99.364964,COORDENADA
TOL26072600885,2026-07-26,04:18:00,4,nocturna (22-06),HUIXQUILUCAN,METROPOLITANA,DETONACION POR ARMA DE FUEGO,arma_fuego,4.0,19.363436,-99.356561,COORDENADA
TOL26072600916,2026-07-26,04:28:00,4,nocturna (22-06),NAUCALPAN,METROPOLITANA,PERSONA AGRESIVA,rina,1.5,19.506256,-99.233908,COORDENADA
TOL26072600922,2026-07-26,04:30:00,4,nocturna (22-06),ACAMBAY,ATLACOMULCO,VIOLENCIA CONTRA LAS MUJERES,violencia_genero,2.0,19.969514,-99.927421,COORDENADA
TOL26072600930,2026-07-26,04:33:00,4,nocturna (22-06),ALMOLOYA,VALLE TOLUCA,PERSONA AGRESIVA,rina,1.5,19.368845,-99.757096,COORDENADA
TOL26072600939,2026-07-26,04:36:00,4,nocturna (22-06),TOLUCA,VALLE TOLUCA,VIOLENCIA FAMILIAR,violencia_genero,2.0,19.26866,-99.67003,COORDENADA
TOL26072600942,2026-07-26,04:37:00,4,nocturna (22-06),NAUCALPAN,METROPOLITANA,PERSONA AGRESIVA,rina,1.5,19.46305,-99.25376,COORDENADA
TOL26072600988,2026-07-26,04:49:00,4,nocturna (22-06),NAUCALPAN,METROPOLITANA,ALTERACION DEL ORDEN PUBLICO POR PERSONA DROGADA,rina,1.5,19.452325,-99.26873,COORDENADA
TOL26072600990,2026-07-26,04:50:00,4,nocturna (22-06),TOLUCA,VALLE TOLUCA,VIOLENCIA CONTRA LAS MUJERES,violencia_genero,2.0,19.27153,-99.67027,COORDENADA
TOL26072601008,2026-07-26,04:57:00,4,nocturna (22-06),XALATLACO,VALLE TOLUCA,ALTERACION DEL ORDEN PUBLICO POR PERSONA ALCOHOLIZADA,rina,1.5,19.183863,-99.403509,COORDENADA
TOL26072601033,2026-07-26,05:08:00,5,nocturna (22-06),TENANCINGO,IXTAPAN,RIÑA,rina,1.5,18.958726,-99.589175,COORDENADA
TOL26072601041,2026-07-26,05:10:00,5,nocturna (22-06),ATLACOMULCO,ATLACOMULCO,VIOLENCIA FAMILIAR,violencia_genero,2.0,19.79305,-99.87625,COORDENADA
TOL26072601062,2026-07-26,05:25:00,5,nocturna (22-06),TOLUCA,VALLE TOLUCA,VIOLENCIA CONTRA LAS MUJERES,violencia_genero,2.0,19.36624,-99.60424,COORDENADA
TOL26072601087,2026-07-26,05:33:00,5,nocturna (22-06),HUIXQUILUCAN,METROPOLITANA,DETONACION POR ARMA DE FUEGO,arma_fuego,4.0,19.40125,-99.33519,COORDENADA
TOL26072601092,2026-07-26,05:35:00,5,nocturna (22-06),HUIXQUILUCAN,METROPOLITANA,VIOLENCIA CONTRA LAS MUJERES,violencia_genero,2.0,19.401562,-99.331737,COORDENADA
TOL26072601110,2026-07-26,05:43:00,5,nocturna (22-06),HUIXQUILUCAN,METROPOLITANA,VIOLENCIA CONTRA LAS MUJERES,violencia_genero,2.0,19.401562,-99.331737,COORDENADA
TOL26072601118,2026-07-26,05:46:00,5,nocturna (22-06),NAUCALPAN,METROPOLITANA,AMENAZA DE SUICIDIO,deceso_dudoso,3.0,19.47219,-99.21557,COORDENADA
TOL26072601122,2026-07-26,05:47:00,5,nocturna (22-06),TIANGUISTENCO,VALLE TOLUCA,VIOLENCIA FAMILIAR,violencia_genero,2.0,19.204779,-99.42082,COORDENADA
TOL26072601129,2026-07-26,05:48:00,5,nocturna (22-06),TOLUCA,VALLE TOLUCA,VIOLENCIA CONTRA LAS MUJERES,violencia_genero,2.0,19.318445,-99.63607,COORDENADA
TOL26072601143,2026-07-26,05:53:00,5,nocturna (22-06),TOLUCA,VALLE TOLUCA,ALTERACION DEL ORDEN PUBLICO POR PERSONA ALCOHOLIZADA,rina,1.5,19.30996,-99.624065,COORDENADA
TOL26072601148,2026-07-26,05:58:00,5,nocturna (22-06),TOLUCA,VALLE TOLUCA,VIOLENCIA CONTRA LAS MUJERES,violencia_genero,2.0,19.308536,-99.605226,COORDENADA
TOL26072601159,2026-07-26,06:01:00,6,matutina (06-14),TOLUCA,VALLE TOLUCA,PERSONA LESIONADA DURANTE ALTERACION DEL ORDEN PUBLICO O POR RIÑA,rina,1.5,,,MEDIA
TOL26072601163,2026-07-26,06:02:00,6,matutina (06-14),TOLUCA,VALLE TOLUCA,VIOLENCIA CONTRA LAS MUJERES,violencia_genero,2.0,19.311995,-99.602435,COORDENADA
TOL26072601185,2026-07-26,06:08:00,6,matutina (06-14),HUIXQUILUCAN,METROPOLITANA,ALTERACION DEL ORDEN PUBLICO POR PERSONA ALCOHOLIZADA,rina,1.5,19.34759,-99.33947,COORDENADA
TOL26072601226,2026-07-26,06:24:00,6,matutina (06-14),TIANGUISTENCO,VALLE TOLUCA,VIOLENCIA CONTRA LAS MUJERES,violencia_genero,2.0,19.206966,-99.42308,COORDENADA
TOL26072601247,2026-07-26,06:31:00,6,matutina (06-14),NAUCALPAN,METROPOLITANA,PERSONA AGRESIVA,rina,1.5,,,ALTA
TOL26072601269,2026-07-26,06:37:00,6,matutina (06-14),NAUCALPAN,METROPOLITANA,VIOLENCIA CONTRA LAS MUJERES,violencia_genero,2.0,19.49364,-99.27745,COORDENADA
TOL26072601279,2026-07-26,06:39:00,6,matutina (06-14),XALATLACO,VALLE TOLUCA,ALTERACION DEL ORDEN PUBLICO POR PERSONA ALCOHOLIZADA,rina,1.5,19.184187,-99.417692,COORDENADA
TOL26072601287,2026-07-26,06:41:00,6,matutina (06-14),OCOYOACAC,VALLE TOLUCA,PERSONA AGRESIVA,rina,1.5,19.25201,-99.4731,COORDENADA
TOL26072601292,2026-07-26,06:42:00,6,matutina (06-14),TOLUCA,VALLE TOLUCA,ROBO DE VEHICULO PARTICULAR CON VIOLENCIA,robo_violento,2.0,19.324445,-99.71163,COORDENADA
TOL26072601357,2026-07-26,07:03:00,7,matutina (06-14),NAUCALPAN,METROPOLITANA,ROBO A NEGOCIO CON VIOLENCIA,robo_violento,2.0,19.503134,-99.277989,COORDENADA
TOL26072601393,2026-07-26,07:16:00,7,matutina (06-14),TOLUCA,VALLE TOLUCA,DETONACION POR ARMA DE FUEGO,arma_fuego,4.0,19.24363,-99.680275,COORDENADA
TOL26072601400,2026-07-26,07:19:00,7,matutina (06-14),ALMOLOYA,VALLE TOLUCA,VIOLENCIA FAMILIAR,violencia_genero,2.0,19.342468,-99.751245,COORDENADA
TOL26072601426,2026-07-26,07:28:00,7,matutina (06-14),TOLUCA,VALLE TOLUCA,ALTERACION DEL ORDEN PUBLICO POR PERSONA ALCOHOLIZADA,rina,1.5,19.29939,-99.64117,COORDENADA
TOL26072601491,2026-07-26,07:45:00,7,matutina (06-14),TOLUCA,VALLE TOLUCA,RIÑA,rina,1.5,19.280545,-99.62339,COORDENADA
TOL26072601494,2026-07-26,07:46:00,7,matutina (06-14),TIANGUISTENCO,VALLE TOLUCA,VIOLENCIA CONTRA LAS MUJERES,violencia_genero,2.0,19.206966,-99.42308,COORDENADA
TOL26072601501,2026-07-26,07:48:00,7,matutina (06-14),SAN JOSE DEL RINCON,VALLE DE BRAVO,ALTERACION DEL ORDEN PUBLICO POR PERSONA ALCOHOLIZADA,rina,1.5,19.651052,-100.100285,COORDENADA
TOL26072601574,2026-07-26,08:07:00,8,matutina (06-14),NAUCALPAN,METROPOLITANA,VIOLENCIA FAMILIAR,violencia_genero,2.0,19.46465,-99.238615,COORDENADA
TOL26072601626,2026-07-26,08:18:00,8,matutina (06-14),NAUCALPAN,METROPOLITANA,VIOLENCIA CONTRA LAS MUJERES,violencia_genero,2.0,19.45961,-99.2496,COORDENADA
TOL26072601666,2026-07-26,08:27:00,8,matutina (06-14),NAUCALPAN,METROPOLITANA,VIOLENCIA CONTRA LAS MUJERES,violencia_genero,2.0,19.43014,-99.27116,COORDENADA
TOL26072601673,2026-07-26,08:29:00,8,matutina (06-14),NAUCALPAN,METROPOLITANA,PORTACION DE ARMA BLANCA,arma_blanca,2.0,19.46579,-99.23333,COORDENADA
TOL26072601689,2026-07-26,08:32:00,8,matutina (06-14),ZINACANTEPEC,VALLE TOLUCA,PERSONA AGRESIVA,rina,1.5,19.257955,-99.76416,COORDENADA
TOL26072601721,2026-07-26,08:37:00,8,matutina (06-14),NAUCALPAN,METROPOLITANA,VIOLENCIA CONTRA LAS MUJERES,violencia_genero,2.0,19.430145,-99.271995,COORDENADA
TOL26072601727,2026-07-26,08:38:00,8,matutina (06-14),NAUCALPAN,METROPOLITANA,VIOLENCIA CONTRA LAS MUJERES,violencia_genero,2.0,19.430145,-99.271995,COORDENADA
TOL26072601830,2026-07-26,09:01:00,9,matutina (06-14),ALMOLOYA,VALLE TOLUCA,VIOLENCIA CONTRA LAS MUJERES,violencia_genero,2.0,19.294713,-99.769683,COORDENADA
TOL26072601840,2026-07-26,09:04:00,9,matutina (06-14),NAUCALPAN,METROPOLITANA,ALTERACION DEL ORDEN PUBLICO POR PERSONA ALCOHOLIZADA,rina,1.5,19.49414,-99.27545,COORDENADA
TOL26072601850,2026-07-26,09:06:00,9,matutina (06-14),JIQUIPILCO,ATLACOMULCO,PERSONA AGRESIVA,rina,1.5,19.593445,-99.61201,COORDENADA
TOL26072601851,2026-07-26,09:07:00,9,matutina (06-14),TENANGO DEL VALLE,IXTAPAN,SUICIDIO,deceso_dudoso,3.0,19.098307,-99.597168,COORDENADA
TOL26072601854,2026-07-26,09:07:00,9,matutina (06-14),TOLUCA,VALLE TOLUCA,ALTERACION DEL ORDEN PUBLICO POR PERSONA ALCOHOLIZADA,rina,1.5,19.298434,-99.643914,COORDENADA
TOL26072601896,2026-07-26,09:14:00,9,matutina (06-14),SAN MATEO ATENCO,VALLE TOLUCA,VIOLENCIA DE PAREJA,violencia_genero,2.0,19.28308,-99.54239,COORDENADA
TOL26072601897,2026-07-26,09:14:00,9,matutina (06-14),TOLUCA,VALLE TOLUCA,PERSONA AGRESIVA,rina,1.5,19.303071,-99.664832,COORDENADA
TOL26072601932,2026-07-26,09:20:00,9,matutina (06-14),SAN MATEO ATENCO,VALLE TOLUCA,VIOLENCIA CONTRA LAS MUJERES,violencia_genero,2.0,19.28524,-99.53894,COORDENADA
TOL26072601985,2026-07-26,09:30:00,9,matutina (06-14),TENANGO DEL VALLE,IXTAPAN,ROBO A NEGOCIO CON VIOLENCIA,robo_violento,2.0,19.115327,-99.536359,COORDENADA
TOL26072601992,2026-07-26,09:32:00,9,matutina (06-14),TOLUCA,VALLE TOLUCA,VIOLENCIA CONTRA LAS MUJERES,violencia_genero,2.0,19.296115,-99.66657,COORDENADA
TOL26072602040,2026-07-26,09:42:00,9,matutina (06-14),JIQUIPILCO,ATLACOMULCO,PERSONA AGRESIVA,rina,1.5,19.571964,-99.636148,COORDENADA
TOL26072602106,2026-07-26,09:56:00,9,matutina (06-14),NAUCALPAN,METROPOLITANA,VIOLENCIA DE PAREJA,violencia_genero,2.0,19.47626,-99.34262,COORDENADA
TOL26072602145,2026-07-26,10:01:00,10,matutina (06-14),TOLUCA,VALLE TOLUCA,PERSONA AGRESIVA,rina,1.5,19.36417,-99.673265,COORDENADA
TOL26072602182,2026-07-26,10:11:00,10,matutina (06-14),TOLUCA,VALLE TOLUCA,PERSONA AGRESIVA,rina,1.5,19.24409,-99.644121,COORDENADA
TOL26072602183,2026-07-26,10:11:00,10,matutina (06-14),NAUCALPAN,METROPOLITANA,ROBO DE MOTOCICLETA CON VIOLENCIA,robo_violento,2.0,19.466965,-99.25373,COORDENADA
TOL26072602403,2026-07-26,10:41:00,10,matutina (06-14),NAUCALPAN,METROPOLITANA,PERSONA AGRESIVA,rina,1.5,19.50343,-99.28562,COORDENADA
TOL26072602415,2026-07-26,10:42:00,10,matutina (06-14),TOLUCA,VALLE TOLUCA,VIOLENCIA CONTRA LAS MUJERES,violencia_genero,2.0,19.2708,-99.67488,COORDENADA
TOL26072602565,2026-07-26,11:05:00,11,matutina (06-14),METEPEC,VALLE TOLUCA,ALTERACION DEL ORDEN PUBLICO POR PERSONA ALCOHOLIZADA,rina,1.5,19.27065,-99.62678,COORDENADA
TOL26072602575,2026-07-26,11:06:00,11,matutina (06-14),NAUCALPAN,METROPOLITANA,PERSONA AGRESIVA,rina,1.5,19.45019,-99.26503,COORDENADA
TOL26072602704,2026-07-26,11:20:00,11,matutina (06-14),JILOTEPEC,ATLACOMULCO,TENTATIVA DE SUICIDIO,deceso_dudoso,3.0,19.956608,-99.53259,COORDENADA
TOL26072602772,2026-07-26,11:28:00,11,matutina (06-14),NAUCALPAN,METROPOLITANA,PERSONA AGRESIVA,rina,1.5,19.49414,-99.27545,COORDENADA
TOL26072602810,2026-07-26,11:32:00,11,matutina (06-14),METEPEC,VALLE TOLUCA,PERSONA AGRESIVA,rina,1.5,19.24866,-99.6194,COORDENADA
TOL26072602820,2026-07-26,11:33:00,11,matutina (06-14),SAN FELIPE DEL PROGRESO,VALLE DE BRAVO,PERSONA AGRESIVA,rina,1.5,19.699559,-99.929993,COORDENADA
TOL26072602851,2026-07-26,11:37:00,11,matutina (06-14),TOLUCA,VALLE TOLUCA,ROBO A NEGOCIO CON VIOLENCIA,robo_violento,2.0,19.330154,-99.60853,COORDENADA
TOL26072602887,2026-07-26,11:43:00,11,matutina (06-14),NAUCALPAN,METROPOLITANA,VIOLENCIA FAMILIAR,violencia_genero,2.0,19.45669,-99.26607,COORDENADA
TOL26072602893,2026-07-26,11:43:00,11,matutina (06-14),TOLUCA,VALLE TOLUCA,PERSONA AGRESIVA,rina,1.5,19.36156,-99.66489,COORDENADA
TOL26072602947,2026-07-26,11:50:00,11,matutina (06-14),LERMA,SIN CATALOGAR,RIÑA,rina,1.5,19.33293,-99.46875,COORDENADA
TOL26072602976,2026-07-26,11:52:00,11,matutina (06-14),TOLUCA,VALLE TOLUCA,VIOLENCIA FAMILIAR,violencia_genero,2.0,19.320539,-99.546861,COORDENADA
TOL26072603031,2026-07-26,11:58:00,11,matutina (06-14),ALMOLOYA,VALLE TOLUCA,VIOLENCIA FAMILIAR,violencia_genero,2.0,19.358209,-99.74586,COORDENADA
TOL26072603056,2026-07-26,12:00:00,12,matutina (06-14),NAUCALPAN,METROPOLITANA,PERSONA AGRESIVA,rina,1.5,19.461242,-99.233641,COORDENADA
TOL26072603076,2026-07-26,12:03:00,12,matutina (06-14),OCOYOACAC,VALLE TOLUCA,ROBO A NEGOCIO CON VIOLENCIA,robo_violento,2.0,19.25028,-99.47314,COORDENADA
TOL26072603099,2026-07-26,12:04:00,12,matutina (06-14),JILOTEPEC,ATLACOMULCO,ROBO DE VEHICULO PARTICULAR CON VIOLENCIA,robo_violento,2.0,19.65523,-99.21083,COORDENADA
TOL26072603213,2026-07-26,12:14:00,12,matutina (06-14),TOLUCA,VALLE TOLUCA,PORTACION DE ARMAS DE FUEGO O CARTUCHOS,arma_fuego,3.0,19.30165,-99.63704,COORDENADA
TOL26072603252,2026-07-26,12:18:00,12,matutina (06-14),TOLUCA,VALLE TOLUCA,PERSONA AGRESIVA,rina,1.5,19.36187,-99.62779,COORDENADA
TOL26072603300,2026-07-26,12:23:00,12,matutina (06-14),OCOYOACAC,VALLE TOLUCA,ROBO A NEGOCIO CON VIOLENCIA,robo_violento,2.0,19.25028,-99.47314,COORDENADA
TOL26072603306,2026-07-26,12:24:00,12,matutina (06-14),VALLE DE BRAVO,VALLE DE BRAVO,PERSONA AGRESIVA,rina,1.5,19.1725,-100.11948,COORDENADA
TOL26072603337,2026-07-26,12:26:00,12,matutina (06-14),ZINACANTEPEC,VALLE TOLUCA,PERSONA TIRADA EN VIA PUBLICA,deceso_dudoso,3.0,,,MEDIA
TOL26072603442,2026-07-26,12:38:00,12,matutina (06-14),TOLUCA,VALLE TOLUCA,VIOLENCIA FAMILIAR,violencia_genero,2.0,19.37574,-99.64414,COORDENADA
TOL26072603541,2026-07-26,12:50:00,12,matutina (06-14),TEMOAYA,VALLE TOLUCA,PERSONA TIRADA EN VIA PUBLICA,deceso_dudoso,3.0,19.430384,-99.612464,COORDENADA
TOL26072603545,2026-07-26,12:51:00,12,matutina (06-14),VALLE DE BRAVO,VALLE DE BRAVO,PERSONA AGRESIVA,rina,1.5,,,ALTA
TOL26072603634,2026-07-26,13:05:00,13,matutina (06-14),NAUCALPAN,METROPOLITANA,PERSONA AGRESIVA,rina,1.5,19.45984,-99.282165,COORDENADA
TOL26072603699,2026-07-26,13:17:00,13,matutina (06-14),TOLUCA,VALLE TOLUCA,VIOLENCIA CONTRA LAS MUJERES,violencia_genero,2.0,19.320539,-99.546861,COORDENADA
TOL26072603706,2026-07-26,13:18:00,13,matutina (06-14),ACAMBAY,ATLACOMULCO,VIOLENCIA FAMILIAR,violencia_genero,2.0,19.94475,-99.79964,COORDENADA
TOL26072603707,2026-07-26,13:18:00,13,matutina (06-14),NAUCALPAN,METROPOLITANA,PERSONA AGRESIVA,rina,1.5,19.472025,-99.243355,COORDENADA
TOL26072603722,2026-07-26,13:20:00,13,matutina (06-14),LERMA,SIN CATALOGAR,VIOLENCIA CONTRA LAS MUJERES,violencia_genero,2.0,19.39545,-99.52655,COORDENADA
TOL26072603780,2026-07-26,13:30:00,13,matutina (06-14),NAUCALPAN,METROPOLITANA,VIOLENCIA CONTRA LAS MUJERES,violencia_genero,2.0,19.437559,-99.251434,COORDENADA
TOL26072603804,2026-07-26,13:33:00,13,matutina (06-14),METEPEC,VALLE TOLUCA,PERSONA AGRESIVA,rina,1.5,19.25403,-99.605255,COORDENADA
TOL26072603835,2026-07-26,13:37:00,13,matutina (06-14),TOLUCA,VALLE TOLUCA,VIOLENCIA CONTRA LAS MUJERES,violencia_genero,2.0,19.30166,-99.64917,COORDENADA
TOL26072603875,2026-07-26,13:41:00,13,matutina (06-14),METEPEC,VALLE TOLUCA,PERSONA AGRESIVA,rina,1.5,19.277141,-99.571698,COORDENADA
TOL26072604048,2026-07-26,13:58:00,13,matutina (06-14),TOLUCA,VALLE TOLUCA,ROBO EN TRANSPORTE COLECTIVO PUBLICO O PRIVADO CON VIOLENCIA,robo_violento,2.0,19.25102,-99.64196,COORDENADA
TOL26072604108,2026-07-26,14:04:00,14,vespertina (14-22),SAN ANTONIO LA ISLA,SIN CATALOGAR,PERSONA AGRESIVA,rina,1.5,19.166184,-99.570457,COORDENADA
TOL26072604144,2026-07-26,14:08:00,14,vespertina (14-22),NAUCALPAN,METROPOLITANA,PERSONA AGRESIVA,rina,1.5,19.452635,-99.262421,COORDENADA
TOL26072604185,2026-07-26,14:13:00,14,vespertina (14-22),LERMA,SIN CATALOGAR,VIOLENCIA CONTRA LAS MUJERES,violencia_genero,2.0,19.39545,-99.52655,COORDENADA
TOL26072604227,2026-07-26,14:19:00,14,vespertina (14-22),NAUCALPAN,METROPOLITANA,PORTACION DE ARMA BLANCA,arma_blanca,2.0,19.452195,-99.26546,COORDENADA
TOL26072604262,2026-07-26,14:23:00,14,vespertina (14-22),TEMOAYA,VALLE TOLUCA,PERSONA AGRESIVA,rina,1.5,19.502479,-99.607884,COORDENADA
TOL26072604270,2026-07-26,14:25:00,14,vespertina (14-22),NAUCALPAN,METROPOLITANA,PERSONA AGRESIVA,rina,1.5,19.45333,-99.24257,COORDENADA
TOL26072604383,2026-07-26,14:37:00,14,vespertina (14-22),IXTLAHUACA,ATLACOMULCO,ALTERACION DEL ORDEN PUBLICO POR PERSONA DROGADA,rina,1.5,19.609653,-99.882527,COORDENADA
ECA26072601170,2026-07-26,03:02:00,3,nocturna (22-06),NEZAHUALCOYOTL,ORIENTE,ALTERACION DEL ORDEN PUBLICO POR PERSONA ALCOHOLIZADA,rina,1.5,19.42921,-99.02957,COORDENADA
ECA26072601174,2026-07-26,03:03:00,3,nocturna (22-06),NEZAHUALCOYOTL,ORIENTE,PERSONA LESIONADA POR ARMA BLANCA,arma_blanca,3.0,19.47129,-99.03685,COORDENADA
ECA26072601199,2026-07-26,03:09:00,3,nocturna (22-06),NEZAHUALCOYOTL,ORIENTE,PERSONA AGRESIVA,rina,1.5,19.37453,-98.97779,COORDENADA
ECA26072601212,2026-07-26,03:11:00,3,nocturna (22-06),TLALNEPANTLA,METROPOLITANA,RIÑA,rina,1.5,19.51745,-99.093815,COORDENADA
ECA26072601221,2026-07-26,03:14:00,3,nocturna (22-06),ZUMPANGO,ECATEPEC,VIOLENCIA CONTRA LAS MUJERES,violencia_genero,2.0,,,ALTA
ECA26072601229,2026-07-26,03:16:00,3,nocturna (22-06),HUEHUETOCA,ECATEPEC,PERSONA AGRESIVA,rina,1.5,19.834712,-99.204711,COORDENADA
ECA26072601237,2026-07-26,03:17:00,3,nocturna (22-06),TEOLOYUCAN,SIN CATALOGAR,ALTERACION DEL ORDEN PUBLICO POR PERSONA ALCOHOLIZADA,rina,1.5,19.75827,-99.157745,COORDENADA
ECA26072601238,2026-07-26,03:19:00,3,nocturna (22-06),COACALCO DE BERRIOZABAL,ECATEPEC,VIOLENCIA FAMILIAR,violencia_genero,2.0,19.64744,-99.12172,COORDENADA
ECA26072601247,2026-07-26,03:21:00,3,nocturna (22-06),IXTAPALUCA,CHALCO,PORTACION DE ARMAS DE FUEGO O CARTUCHOS,arma_fuego,3.0,,,ALTA
ECA26072601251,2026-07-26,03:22:00,3,nocturna (22-06),CHALCO,CHALCO,DETONACION POR ARMA DE FUEGO,arma_fuego,4.0,19.22201,-98.914705,COORDENADA
ECA26072601256,2026-07-26,03:26:00,3,nocturna (22-06),TEZOYUCA,ORIENTE,DETONACION POR ARMA DE FUEGO,arma_fuego,4.0,19.586731,-98.908723,COORDENADA
ECA26072601260,2026-07-26,03:27:00,3,nocturna (22-06),ATIZAPAN,METROPOLITANA,VIOLENCIA CONTRA LAS MUJERES,violencia_genero,2.0,19.594235,-99.271015,COORDENADA
ECA26072601264,2026-07-26,03:27:00,3,nocturna (22-06),VALLE DE CHALCO,CHALCO,ALTERACION DEL ORDEN PUBLICO POR PERSONA ALCOHOLIZADA,rina,1.5,19.3207,-98.95051,COORDENADA
ECA26072601275,2026-07-26,03:29:00,3,nocturna (22-06),CHIMALHUACAN,ORIENTE,VIOLENCIA DE PAREJA,violencia_genero,2.0,,,ALTA
ECA26072601277,2026-07-26,03:30:00,3,nocturna (22-06),ATIZAPAN,METROPOLITANA,VIOLENCIA CONTRA LAS MUJERES,violencia_genero,2.0,19.58467,-99.26043,COORDENADA
ECA26072601278,2026-07-26,03:30:00,3,nocturna (22-06),NEZAHUALCOYOTL,ORIENTE,VIOLENCIA CONTRA LAS MUJERES,violencia_genero,2.0,19.399325,-99.022895,COORDENADA
ECA26072601288,2026-07-26,03:31:00,3,nocturna (22-06),NEZAHUALCOYOTL,ORIENTE,ALTERACION DEL ORDEN PUBLICO POR PERSONA ALCOHOLIZADA,rina,1.5,19.39592,-99.03556,COORDENADA
ECA26072601291,2026-07-26,03:32:00,3,nocturna (22-06),CHIMALHUACAN,ORIENTE,ROBO A NEGOCIO CON VIOLENCIA,robo_violento,2.0,19.38187,-98.90589,COORDENADA
ECA26072601293,2026-07-26,03:33:00,3,nocturna (22-06),ATIZAPAN,METROPOLITANA,RIÑA,rina,1.5,19.5777,-99.241925,COORDENADA
ECA26072601307,2026-07-26,03:36:00,3,nocturna (22-06),CUAUTITLAN IZCALLI,METROPOLITANA,PERSONA AGRESIVA,rina,1.5,19.628348,-99.19627,COORDENADA
ECA26072601326,2026-07-26,03:41:00,3,nocturna (22-06),ATIZAPAN,METROPOLITANA,RIÑA,rina,1.5,19.5777,-99.241925,COORDENADA
ECA26072601335,2026-07-26,03:44:00,3,nocturna (22-06),CHALCO,CHALCO,VIOLENCIA DE PAREJA,violencia_genero,2.0,19.266535,-98.88227,COORDENADA
ECA26072601336,2026-07-26,03:44:00,3,nocturna (22-06),NEZAHUALCOYOTL,ORIENTE,ALTERACION DEL ORDEN PUBLICO POR PERSONA ALCOHOLIZADA,rina,1.5,19.399325,-99.022895,COORDENADA
ECA26072601342,2026-07-26,03:45:00,3,nocturna (22-06),,SIN CATALOGAR,PERSONA AGRESIVA,rina,1.5,,,BAJA
ECA26072601351,2026-07-26,03:45:00,3,nocturna (22-06),ECATEPEC,ECATEPEC,VIOLENCIA CONTRA LAS MUJERES,violencia_genero,2.0,19.61048,-99.05533,COORDENADA
ECA26072601375,2026-07-26,03:49:00,3,nocturna (22-06),NICOLAS ROMERO,METROPOLITANA,ALTERACION DEL ORDEN PUBLICO POR PERSONA ALCOHOLIZADA,rina,1.5,19.598835,-99.31213,COORDENADA
ECA26072601380,2026-07-26,03:50:00,3,nocturna (22-06),ECATEPEC,ECATEPEC,ALTERACION DEL ORDEN PUBLICO POR PERSONA ALCOHOLIZADA,rina,1.5,19.5363,-99.01706,COORDENADA
ECA26072601385,2026-07-26,03:51:00,3,nocturna (22-06),ATIZAPAN,METROPOLITANA,ALTERACION DEL ORDEN PUBLICO POR PERSONA ALCOHOLIZADA,rina,1.5,19.5806,-99.25194,COORDENADA
ECA26072601402,2026-07-26,03:54:00,3,nocturna (22-06),CHIMALHUACAN,ORIENTE,DETONACION POR ARMA DE FUEGO,arma_fuego,4.0,19.426845,-98.95706,COORDENADA
ECA26072601427,2026-07-26,04:01:00,4,nocturna (22-06),CHALCO,CHALCO,VIOLENCIA CONTRA LAS MUJERES,violencia_genero,2.0,19.22201,-98.914705,COORDENADA
ECA26072601435,2026-07-26,04:01:00,4,nocturna (22-06),ECATEPEC,ECATEPEC,PERSONA AGRESIVA,rina,1.5,19.51667,-99.04612,COORDENADA
ECA26072601455,2026-07-26,04:05:00,4,nocturna (22-06),NEZAHUALCOYOTL,ORIENTE,ALTERACION DEL ORDEN PUBLICO POR PERSONA ALCOHOLIZADA,rina,1.5,19.40918,-98.99139,COORDENADA
ECA26072601456,2026-07-26,04:05:00,4,nocturna (22-06),ACOLMAN,ECATEPEC,HOMICIDIO,letal,10.0,19.628365,-98.886415,COORDENADA
ECA26072601460,2026-07-26,04:05:00,4,nocturna (22-06),TLALNEPANTLA,METROPOLITANA,DETONACION POR ARMA DE FUEGO,arma_fuego,4.0,19.5333,-99.16145,COORDENADA
ECA26072601474,2026-07-26,04:09:00,4,nocturna (22-06),NEZAHUALCOYOTL,ORIENTE,VIOLENCIA CONTRA LAS MUJERES,violencia_genero,2.0,19.40834,-99.01494,COORDENADA
ECA26072601496,2026-07-26,04:14:00,4,nocturna (22-06),CUAUTITLAN IZCALLI,METROPOLITANA,PERSONA AGRESIVA,rina,1.5,19.65523,-99.21083,COORDENADA
ECA26072601498,2026-07-26,04:15:00,4,nocturna (22-06),NEZAHUALCOYOTL,ORIENTE,ROBO A TRANSEUNTE CON VIOLENCIA,robo_violento,2.0,19.432825,-99.039025,COORDENADA
ECA26072601512,2026-07-26,04:18:00,4,nocturna (22-06),ECATEPEC,ECATEPEC,PERSONA AGRESIVA,rina,1.5,19.61048,-99.05533,COORDENADA
ECA26072601531,2026-07-26,04:22:00,4,nocturna (22-06),NEZAHUALCOYOTL,ORIENTE,VIOLENCIA DE PAREJA,violencia_genero,2.0,19.48495,-99.05944,COORDENADA
ECA26072601568,2026-07-26,04:29:00,4,nocturna (22-06),VALLE DE CHALCO,CHALCO,VIOLENCIA CONTRA LAS MUJERES,violencia_genero,2.0,19.3207,-98.95051,COORDENADA
ECA26072601597,2026-07-26,04:34:00,4,nocturna (22-06),ATIZAPAN,METROPOLITANA,VIOLENCIA CONTRA LAS MUJERES,violencia_genero,2.0,19.57192,-99.21862,COORDENADA
ECA26072601602,2026-07-26,04:34:00,4,nocturna (22-06),CHALCO,CHALCO,PORTACION DE ARMA BLANCA,arma_blanca,2.0,19.27229,-98.83841,COORDENADA
ECA26072601604,2026-07-26,04:35:00,4,nocturna (22-06),ATIZAPAN,METROPOLITANA,PORTACION DE ARMAS DE FUEGO O CARTUCHOS,arma_fuego,3.0,19.57425,-99.245405,COORDENADA
ECA26072601620,2026-07-26,04:37:00,4,nocturna (22-06),ATIZAPAN,METROPOLITANA,RIÑA,rina,1.5,19.56686,-99.24362,COORDENADA
ECA26072601632,2026-07-26,04:39:00,4,nocturna (22-06),ECATEPEC,ECATEPEC,ALTERACION DEL ORDEN PUBLICO POR PERSONA ALCOHOLIZADA,rina,1.5,19.539095,-99.03962,COORDENADA
ECA26072601635,2026-07-26,04:39:00,4,nocturna (22-06),ATIZAPAN,METROPOLITANA,ALTERACION DEL ORDEN PUBLICO POR PERSONA ALCOHOLIZADA,rina,1.5,19.582045,-99.25017,COORDENADA
ECA26072601649,2026-07-26,04:41:00,4,nocturna (22-06),TECAMAC,ECATEPEC,VIOLENCIA CONTRA LAS MUJERES,violencia_genero,2.0,19.64765,-99.04174,COORDENADA
ECA26072601656,2026-07-26,04:42:00,4,nocturna (22-06),ECATEPEC,ECATEPEC,VIOLENCIA CONTRA LAS MUJERES,violencia_genero,2.0,19.566475,-99.07043,COORDENADA
ECA26072601669,2026-07-26,04:45:00,4,nocturna (22-06),TECAMAC,ECATEPEC,PERSONA AGRESIVA,rina,1.5,,,ALTA
ECA26072601675,2026-07-26,04:46:00,4,nocturna (22-06),TLALNEPANTLA,METROPOLITANA,ALTERACION DEL ORDEN PUBLICO POR PERSONA ALCOHOLIZADA,rina,1.5,19.514835,-99.199245,COORDENADA
ECA26072601677,2026-07-26,04:46:00,4,nocturna (22-06),TULTITLAN,METROPOLITANA,RIÑA,rina,1.5,19.63536,-99.1297,COORDENADA
ECA26072601689,2026-07-26,04:49:00,4,nocturna (22-06),TULTITLAN,METROPOLITANA,RIÑA,rina,1.5,19.63536,-99.1297,COORDENADA
ECA26072601696,2026-07-26,04:50:00,4,nocturna (22-06),ECATEPEC,ECATEPEC,PORTACION DE ARMA BLANCA,arma_blanca,2.0,19.65294,-99.06064,COORDENADA
ECA26072601707,2026-07-26,04:52:00,4,nocturna (22-06),ECATEPEC,ECATEPEC,VIOLENCIA CONTRA LAS MUJERES,violencia_genero,2.0,19.626975,-99.066365,COORDENADA
ECA26072601710,2026-07-26,04:53:00,4,nocturna (22-06),NEZAHUALCOYOTL,ORIENTE,DETONACION POR ARMA DE FUEGO,arma_fuego,4.0,19.47596,-99.05941,COORDENADA
ECA26072601715,2026-07-26,04:54:00,4,nocturna (22-06),NEZAHUALCOYOTL,ORIENTE,RIÑA,rina,1.5,19.41314,-99.052465,COORDENADA
ECA26072601721,2026-07-26,04:55:00,4,nocturna (22-06),ACOLMAN,ECATEPEC,PERSONA AGRESIVA,rina,1.5,19.594795,-98.98841,COORDENADA
ECA26072601753,2026-07-26,05:01:00,5,nocturna (22-06),TEOLOYUCAN,SIN CATALOGAR,PORTACION DE ARMAS DE FUEGO O CARTUCHOS,arma_fuego,3.0,19.74849,-99.19467,COORDENADA
ECA26072601754,2026-07-26,05:02:00,5,nocturna (22-06),TLALNEPANTLA,METROPOLITANA,ALTERACION DEL ORDEN PUBLICO POR PERSONA ALCOHOLIZADA,rina,1.5,19.55859,-99.19026,COORDENADA
ECA26072601757,2026-07-26,05:02:00,5,nocturna (22-06),CHICOLOAPAN,SIN CATALOGAR,VIOLENCIA CONTRA LAS MUJERES,violencia_genero,2.0,19.391295,-98.908425,COORDENADA
ECA26072601780,2026-07-26,05:09:00,5,nocturna (22-06),NEZAHUALCOYOTL,ORIENTE,ALTERACION DEL ORDEN PUBLICO POR PERSONA ALCOHOLIZADA,rina,1.5,19.41423,-99.03734,COORDENADA
ECA26072601793,2026-07-26,05:13:00,5,nocturna (22-06),TEXCOCO,ORIENTE,VIOLENCIA FAMILIAR,violencia_genero,2.0,,,ALTA
ECA26072601802,2026-07-26,05:15:00,5,nocturna (22-06),ECATEPEC,ECATEPEC,PERSONA AGRESIVA,rina,1.5,19.566025,-99.021885,COORDENADA
ECA26072601808,2026-07-26,05:16:00,5,nocturna (22-06),ZUMPANGO,ECATEPEC,PERSONA AGRESIVA,rina,1.5,,,ALTA
ECA26072601829,2026-07-26,05:22:00,5,nocturna (22-06),CHALCO,CHALCO,PERSONA LESIONADA POR ARMA BLANCA,arma_blanca,3.0,19.24596,-98.84427,COORDENADA
ECA26072601838,2026-07-26,05:25:00,5,nocturna (22-06),TULTITLAN,METROPOLITANA,ALTERACION DEL ORDEN PUBLICO POR PERSONA ALCOHOLIZADA,rina,1.5,19.62757,-99.17168,COORDENADA
ECA26072601843,2026-07-26,05:26:00,5,nocturna (22-06),TLALNEPANTLA,METROPOLITANA,ALTERACION DEL ORDEN PUBLICO POR PERSONA ALCOHOLIZADA,rina,1.5,19.51582,-99.1959,COORDENADA
ECA26072601850,2026-07-26,05:28:00,5,nocturna (22-06),TLALNEPANTLA,METROPOLITANA,PERSONA AGRESIVA,rina,1.5,19.52462,-99.106005,COORDENADA
ECA26072601855,2026-07-26,05:30:00,5,nocturna (22-06),CUAUTITLAN,METROPOLITANA,PORTACION DE ARMA BLANCA,arma_blanca,2.0,,,MEDIA
ECA26072601857,2026-07-26,05:32:00,5,nocturna (22-06),VALLE DE CHALCO,CHALCO,PORTACION DE ARMAS DE FUEGO O CARTUCHOS,arma_fuego,3.0,19.299025,-98.94834,COORDENADA
ECA26072601858,2026-07-26,05:32:00,5,nocturna (22-06),NEZAHUALCOYOTL,ORIENTE,RIÑA,rina,1.5,19.45544,-99.04885,COORDENADA
ECA26072601860,2026-07-26,05:32:00,5,nocturna (22-06),IXTAPALUCA,CHALCO,RIÑA,rina,1.5,19.338325,-98.8852,COORDENADA
ECA26072601874,2026-07-26,05:34:00,5,nocturna (22-06),CHICOLOAPAN,SIN CATALOGAR,PERSONA AGRESIVA,rina,1.5,19.424625,-98.88856,COORDENADA
ECA26072601881,2026-07-26,05:35:00,5,nocturna (22-06),CUAUTITLAN,METROPOLITANA,PERSONA AGRESIVA,rina,1.5,19.67107,-99.150335,COORDENADA
ECA26072601887,2026-07-26,05:37:00,5,nocturna (22-06),CHICOLOAPAN,SIN CATALOGAR,ALTERACION DEL ORDEN PUBLICO POR PERSONA ALCOHOLIZADA,rina,1.5,,,ALTA
ECA26072601929,2026-07-26,05:46:00,5,nocturna (22-06),CHICOLOAPAN,SIN CATALOGAR,RIÑA,rina,1.5,,,ALTA
ECA26072601938,2026-07-26,05:48:00,5,nocturna (22-06),CHICOLOAPAN,SIN CATALOGAR,RIÑA,rina,1.5,19.4163,-98.91567,COORDENADA
ECA26072601945,2026-07-26,05:50:00,5,nocturna (22-06),CHICOLOAPAN,SIN CATALOGAR,RIÑA,rina,1.5,19.40962,-98.912385,COORDENADA
ECA26072601952,2026-07-26,05:52:00,5,nocturna (22-06),NEZAHUALCOYOTL,ORIENTE,ALTERACION DEL ORDEN PUBLICO POR PERSONA ALCOHOLIZADA,rina,1.5,19.40673,-99.05069,COORDENADA
ECA26072601991,2026-07-26,06:02:00,6,matutina (06-14),ECATEPEC,ECATEPEC,ALTERACION DEL ORDEN PUBLICO POR PERSONA ALCOHOLIZADA,rina,1.5,19.61048,-99.05533,COORDENADA
ECA26072601994,2026-07-26,06:03:00,6,matutina (06-14),CHICOLOAPAN,SIN CATALOGAR,VIOLENCIA FAMILIAR,violencia_genero,2.0,19.40962,-98.912385,COORDENADA
ECA26072602008,2026-07-26,06:07:00,6,matutina (06-14),ATIZAPAN,METROPOLITANA,PERSONA AGRESIVA,rina,1.5,19.55823,-99.274545,COORDENADA
ECA26072602017,2026-07-26,06:09:00,6,matutina (06-14),CHICOLOAPAN,SIN CATALOGAR,RIÑA,rina,1.5,19.40962,-98.912385,COORDENADA
ECA26072602018,2026-07-26,06:09:00,6,matutina (06-14),TLALNEPANTLA,METROPOLITANA,RIÑA,rina,1.5,19.54277,-99.156265,COORDENADA
ECA26072602026,2026-07-26,06:12:00,6,matutina (06-14),TLALNEPANTLA,METROPOLITANA,VIOLENCIA DE PAREJA,violencia_genero,2.0,19.52665,-99.190535,COORDENADA
ECA26072602064,2026-07-26,06:23:00,6,matutina (06-14),ZUMPANGO,ECATEPEC,ROBO A ESCUELA CON VIOLENCIA,robo_violento,2.0,19.796305,-99.072132,COORDENADA
ECA26072602066,2026-07-26,06:25:00,6,matutina (06-14),ECATEPEC,ECATEPEC,ROBO DE VEHICULO PARTICULAR CON VIOLENCIA,robo_violento,2.0,19.49642,-99.05362,COORDENADA
ECA26072602073,2026-07-26,06:29:00,6,matutina (06-14),NEZAHUALCOYOTL,ORIENTE,PERSONA AGRESIVA,rina,1.5,19.46454,-99.04122,COORDENADA
ECA26072602111,2026-07-26,06:43:00,6,matutina (06-14),ECATEPEC,ECATEPEC,SUICIDIO,deceso_dudoso,3.0,19.627425,-99.06028,COORDENADA
ECA26072602115,2026-07-26,06:45:00,6,matutina (06-14),TLALNEPANTLA,METROPOLITANA,VIOLENCIA DE PAREJA,violencia_genero,2.0,19.52462,-99.106005,COORDENADA
ECA26072602120,2026-07-26,06:47:00,6,matutina (06-14),NEZAHUALCOYOTL,ORIENTE,PORTACION DE ARMA BLANCA,arma_blanca,2.0,19.37911,-98.97071,COORDENADA
ECA26072602129,2026-07-26,06:51:00,6,matutina (06-14),COACALCO DE BERRIOZABAL,ECATEPEC,PERSONA AGRESIVA,rina,1.5,19.63621,-99.12452,COORDENADA
ECA26072602144,2026-07-26,06:56:00,6,matutina (06-14),NEZAHUALCOYOTL,ORIENTE,PERSONA AGRESIVA,rina,1.5,19.46383,-99.04204,COORDENADA
ECA26072602146,2026-07-26,06:57:00,6,matutina (06-14),NEZAHUALCOYOTL,ORIENTE,VIOLENCIA CONTRA LAS MUJERES,violencia_genero,2.0,19.37911,-98.97071,COORDENADA
ECA26072602151,2026-07-26,06:58:00,6,matutina (06-14),CHIMALHUACAN,ORIENTE,PERSONA AGRESIVA,rina,1.5,19.43751,-98.94006,COORDENADA
ECA26072602171,2026-07-26,07:01:00,7,matutina (06-14),IXTAPALUCA,CHALCO,PERSONA AGRESIVA,rina,1.5,19.29367,-98.83773,COORDENADA
ECA26072602183,2026-07-26,07:04:00,7,matutina (06-14),ACOLMAN,ECATEPEC,PERSONA AGRESIVA,rina,1.5,19.594795,-98.98841,COORDENADA
ECA26072602199,2026-07-26,07:07:00,7,matutina (06-14),ECATEPEC,ECATEPEC,RIÑA,rina,1.5,19.50319,-99.01575,COORDENADA
ECA26072602208,2026-07-26,07:09:00,7,matutina (06-14),ATIZAPAN,METROPOLITANA,ALTERACION DEL ORDEN PUBLICO POR PERSONA ALCOHOLIZADA,rina,1.5,19.55823,-99.274545,COORDENADA
ECA26072602226,2026-07-26,07:13:00,7,matutina (06-14),NEXTLALPAN,SIN CATALOGAR,VIOLENCIA CONTRA LAS MUJERES,violencia_genero,2.0,19.737832,-99.078562,COORDENADA
ECA26072602270,2026-07-26,07:23:00,7,matutina (06-14),TLALNEPANTLA,METROPOLITANA,ROBO A NEGOCIO CON VIOLENCIA,robo_violento,2.0,19.53768,-99.08858,COORDENADA
ECA26072602279,2026-07-26,07:25:00,7,matutina (06-14),CHALCO,CHALCO,RIÑA,rina,1.5,19.262595,-98.89674,COORDENADA
ECA26072602335,2026-07-26,07:51:00,7,matutina (06-14),ECATEPEC,ECATEPEC,SUICIDIO,deceso_dudoso,3.0,19.531965,-99.04224,COORDENADA
ECA26072602337,2026-07-26,07:52:00,7,matutina (06-14),NEZAHUALCOYOTL,ORIENTE,PORTACION DE ARMAS DE FUEGO O CARTUCHOS,arma_fuego,3.0,19.41372,-99.03552,COORDENADA
ECA26072602351,2026-07-26,08:02:00,8,matutina (06-14),CUAUTITLAN IZCALLI,METROPOLITANA,PERSONA TIRADA EN VIA PUBLICA,deceso_dudoso,3.0,19.67672,-99.25729,COORDENADA
ECA26072602363,2026-07-26,08:05:00,8,matutina (06-14),CUAUTITLAN IZCALLI,METROPOLITANA,VIOLENCIA CONTRA LAS MUJERES,violencia_genero,2.0,19.6667,-99.22567,COORDENADA
ECA26072602379,2026-07-26,08:09:00,8,matutina (06-14),NICOLAS ROMERO,METROPOLITANA,DETONACION POR ARMA DE FUEGO,arma_fuego,4.0,19.60364,-99.29025,COORDENADA
ECA26072602380,2026-07-26,08:10:00,8,matutina (06-14),VALLE DE CHALCO,CHALCO,ALTERACION DEL ORDEN PUBLICO POR PERSONA ALCOHOLIZADA,rina,1.5,19.27785,-98.91825,COORDENADA
ECA26072602387,2026-07-26,08:13:00,8,matutina (06-14),CHIMALHUACAN,ORIENTE,VIOLENCIA CONTRA LAS MUJERES,violencia_genero,2.0,,,ALTA
ECA26072602392,2026-07-26,08:14:00,8,matutina (06-14),TULTITLAN,METROPOLITANA,PERSONA AGRESIVA,rina,1.5,19.60981,-99.18308,COORDENADA
ECA26072602410,2026-07-26,08:19:00,8,matutina (06-14),TEOTIHUACAN,ORIENTE,VIOLENCIA FAMILIAR,violencia_genero,2.0,19.711725,-98.91415,COORDENADA
ECA26072602477,2026-07-26,08:30:00,8,matutina (06-14),CHALCO,CHALCO,RIÑA,rina,1.5,19.262595,-98.89674,COORDENADA
ECA26072602481,2026-07-26,08:31:00,8,matutina (06-14),ZUMPANGO,ECATEPEC,PERSONA TIRADA EN VIA PUBLICA,deceso_dudoso,3.0,19.87491,-99.09194,COORDENADA
ECA26072602492,2026-07-26,08:32:00,8,matutina (06-14),TEZOYUCA,ORIENTE,PERSONA AGRESIVA,rina,1.5,19.603863,-98.906518,COORDENADA
ECA26072602502,2026-07-26,08:34:00,8,matutina (06-14),ECATEPEC,ECATEPEC,PERSONA AGRESIVA,rina,1.5,19.61855,-99.05203,COORDENADA
ECA26072602503,2026-07-26,08:34:00,8,matutina (06-14),ECATEPEC,ECATEPEC,PERSONA LESIONADA POR ARMA BLANCA,arma_blanca,3.0,19.61397,-98.99154,COORDENADA
ECA26072602506,2026-07-26,08:34:00,8,matutina (06-14),ZUMPANGO,ECATEPEC,ROBO DE MOTOCICLETA CON VIOLENCIA,robo_violento,2.0,19.844,-99.107355,COORDENADA
ECA26072602515,2026-07-26,08:35:00,8,matutina (06-14),ECATEPEC,ECATEPEC,PERSONA LESIONADA DURANTE ALTERACION DEL ORDEN PUBLICO O POR RIÑA,rina,1.5,19.61392,-98.9912,COORDENADA
ECA26072602517,2026-07-26,08:35:00,8,matutina (06-14),ECATEPEC,ECATEPEC,PERSONA AGRESIVA,rina,1.5,19.59782,-99.00203,COORDENADA
ECA26072602541,2026-07-26,08:39:00,8,matutina (06-14),ECATEPEC,ECATEPEC,PERSONA AGRESIVA,rina,1.5,19.55587,-99.07194,COORDENADA
ECA26072602542,2026-07-26,08:39:00,8,matutina (06-14),ECATEPEC,ECATEPEC,ROBO DE VEHICULO PARTICULAR CON VIOLENCIA,robo_violento,2.0,19.49965,-99.059145,COORDENADA
ECA26072602547,2026-07-26,08:39:00,8,matutina (06-14),CHIMALHUACAN,ORIENTE,ROBO A NEGOCIO CON VIOLENCIA,robo_violento,2.0,19.437185,-98.92834,COORDENADA
ECA26072602556,2026-07-26,08:40:00,8,matutina (06-14),TECAMAC,ECATEPEC,PERSONA AGRESIVA,rina,1.5,,,ALTA
ECA26072602571,2026-07-26,08:43:00,8,matutina (06-14),CHIMALHUACAN,ORIENTE,ROBO A NEGOCIO CON VIOLENCIA,robo_violento,2.0,19.437185,-98.92834,COORDENADA
ECA26072602588,2026-07-26,08:46:00,8,matutina (06-14),LA PAZ,ORIENTE,PERSONA AGRESIVA,rina,1.5,19.36389,-98.98669,COORDENADA
ECA26072602603,2026-07-26,08:50:00,8,matutina (06-14),HUEHUETOCA,ECATEPEC,ROBO DE MOTOCICLETA CON VIOLENCIA,robo_violento,2.0,19.834712,-99.204711,COORDENADA
ECA26072602654,2026-07-26,08:57:00,8,matutina (06-14),TULTITLAN,METROPOLITANA,ALTERACION DEL ORDEN PUBLICO POR PERSONA ALCOHOLIZADA,rina,1.5,19.59788,-99.165125,COORDENADA
ECA26072602668,2026-07-26,08:59:00,8,matutina (06-14),SAN MARTIN DE LAS PIRAMIDES,ORIENTE,VIOLENCIA CONTRA LAS MUJERES,violencia_genero,2.0,19.70943,-98.84097,COORDENADA
ECA26072602670,2026-07-26,09:00:00,9,matutina (06-14),CUAUTITLAN IZCALLI,METROPOLITANA,PERSONA AGRESIVA,rina,1.5,19.686065,-99.233495,COORDENADA
ECA26072602694,2026-07-26,09:05:00,9,matutina (06-14),TLALNEPANTLA,METROPOLITANA,PERSONA NO LOCALIZADA O DESAPARECIDA,desaparicion,3.0,19.537615,-99.11883,COORDENADA
ECA26072602710,2026-07-26,09:09:00,9,matutina (06-14),COCOTITLAN,CHALCO,PERSONA AGRESIVA,rina,1.5,19.22269,-98.849411,COORDENADA
ECA26072602712,2026-07-26,09:09:00,9,matutina (06-14),NICOLAS ROMERO,METROPOLITANA,PERSONA AGRESIVA,rina,1.5,19.608385,-99.283165,COORDENADA
ECA26072602721,2026-07-26,09:11:00,9,matutina (06-14),CHIMALHUACAN,ORIENTE,PERSONA AGRESIVA,rina,1.5,19.43801,-98.949865,COORDENADA
ECA26072602745,2026-07-26,09:16:00,9,matutina (06-14),TULTITLAN,METROPOLITANA,PERSONA AGRESIVA,rina,1.5,19.665215,-99.094465,COORDENADA
ECA26072602783,2026-07-26,09:24:00,9,matutina (06-14),TULTEPEC,ECATEPEC,RIÑA,rina,1.5,19.677615,-99.129595,COORDENADA
ECA26072602805,2026-07-26,09:28:00,9,matutina (06-14),MELCHOR OCAMPO,SIN CATALOGAR,RIÑA,rina,1.5,19.718188,-99.135899,COORDENADA
ECA26072602839,2026-07-26,09:34:00,9,matutina (06-14),VALLE DE CHALCO,CHALCO,PERSONA AGRESIVA,rina,1.5,19.294035,-98.94555,COORDENADA
ECA26072602863,2026-07-26,09:39:00,9,matutina (06-14),CUAUTITLAN IZCALLI,METROPOLITANA,PERSONA TIRADA EN LA VIA PUBLICA CON HUELLAS DE VIOLENCIA,letal,5.0,19.65523,-99.21083,COORDENADA
ECA26072602890,2026-07-26,09:45:00,9,matutina (06-14),LA PAZ,ORIENTE,PERSONA AGRESIVA,rina,1.5,19.365475,-98.97206,COORDENADA
ECA26072602925,2026-07-26,09:51:00,9,matutina (06-14),TEXCOCO,ORIENTE,PERSONA AGRESIVA,rina,1.5,19.51488,-98.903495,COORDENADA
ECA26072602926,2026-07-26,09:51:00,9,matutina (06-14),NEZAHUALCOYOTL,ORIENTE,VIOLENCIA CONTRA LAS MUJERES,violencia_genero,2.0,19.432825,-99.039025,COORDENADA
ECA26072602935,2026-07-26,09:53:00,9,matutina (06-14),ZUMPANGO,ECATEPEC,PERSONA TIRADA EN LA VIA PUBLICA CON HUELLAS DE VIOLENCIA,letal,5.0,19.79688,-99.10321,COORDENADA
ECA26072602959,2026-07-26,09:57:00,9,matutina (06-14),TEOLOYUCAN,SIN CATALOGAR,VIOLENCIA FAMILIAR,violencia_genero,2.0,19.75169,-99.168705,COORDENADA
ECA26072603004,2026-07-26,10:04:00,10,matutina (06-14),CHICOLOAPAN,SIN CATALOGAR,ALTERACION DEL ORDEN PUBLICO POR PERSONA ALCOHOLIZADA,rina,1.5,19.4163,-98.91567,COORDENADA
ECA26072603196,2026-07-26,10:26:00,10,matutina (06-14),ECATEPEC,ECATEPEC,ALTERACION DEL ORDEN PUBLICO POR PERSONA ALCOHOLIZADA,rina,1.5,19.521875,-99.02171,COORDENADA
ECA26072603197,2026-07-26,10:26:00,10,matutina (06-14),TECAMAC,ECATEPEC,PERSONA AGRESIVA,rina,1.5,19.684725,-98.96959,COORDENADA
ECA26072603199,2026-07-26,10:26:00,10,matutina (06-14),CHICOLOAPAN,SIN CATALOGAR,PERSONA AGRESIVA,rina,1.5,19.420455,-98.909885,COORDENADA
ECA26072603208,2026-07-26,10:27:00,10,matutina (06-14),HUEHUETOCA,ECATEPEC,ROBO A NEGOCIO CON VIOLENCIA,robo_violento,2.0,19.834712,-99.204711,COORDENADA
ECA26072603234,2026-07-26,10:30:00,10,matutina (06-14),NICOLAS ROMERO,METROPOLITANA,ALTERACION DEL ORDEN PUBLICO POR PERSONA ALCOHOLIZADA,rina,1.5,19.61667,-99.28762,COORDENADA
ECA26072603243,2026-07-26,10:30:00,10,matutina (06-14),IXTAPALUCA,CHALCO,ALTERACION DEL ORDEN PUBLICO POR PERSONA ALCOHOLIZADA,rina,1.5,19.298615,-98.913395,COORDENADA
ECA26072603244,2026-07-26,10:31:00,10,matutina (06-14),ECATEPEC,ECATEPEC,VIOLENCIA FAMILIAR,violencia_genero,2.0,19.49931,-99.04712,COORDENADA
ECA26072603250,2026-07-26,10:31:00,10,matutina (06-14),TLALNEPANTLA,METROPOLITANA,ROBO A NEGOCIO CON VIOLENCIA,robo_violento,2.0,,,ALTA
ECA26072603259,2026-07-26,10:32:00,10,matutina (06-14),ECATEPEC,ECATEPEC,PERSONA AGRESIVA,rina,1.5,19.555155,-99.02819,COORDENADA
ECA26072603262,2026-07-26,10:32:00,10,matutina (06-14),ECATEPEC,ECATEPEC,VIOLENCIA DE PAREJA,violencia_genero,2.0,19.57291,-99.02249,COORDENADA
ECA26072603287,2026-07-26,10:34:00,10,matutina (06-14),CHIMALHUACAN,ORIENTE,PERSONA AGRESIVA,rina,1.5,19.42058,-98.96104,COORDENADA
ECA26072603301,2026-07-26,10:36:00,10,matutina (06-14),CHIMALHUACAN,ORIENTE,PERSONA AGRESIVA,rina,1.5,19.442685,-98.97611,COORDENADA
ECA26072603303,2026-07-26,10:36:00,10,matutina (06-14),CUAUTITLAN IZCALLI,METROPOLITANA,PERSONA TIRADA EN VIA PUBLICA,deceso_dudoso,3.0,19.62887,-99.23778,COORDENADA
ECA26072603327,2026-07-26,10:39:00,10,matutina (06-14),HUEHUETOCA,ECATEPEC,DETONACION POR ARMA DE FUEGO,arma_fuego,4.0,19.834712,-99.204711,COORDENADA
ECA26072603329,2026-07-26,10:39:00,10,matutina (06-14),NEZAHUALCOYOTL,ORIENTE,PERSONA AGRESIVA,rina,1.5,19.37595,-99.00615,COORDENADA
ECA26072603424,2026-07-26,10:49:00,10,matutina (06-14),IXTAPALUCA,CHALCO,ALTERACION DEL ORDEN PUBLICO POR PERSONA DROGADA,rina,1.5,19.29367,-98.83773,COORDENADA
ECA26072603470,2026-07-26,10:55:00,10,matutina (06-14),OTUMBA,ORIENTE,VIOLENCIA CONTRA LAS MUJERES,violencia_genero,2.0,19.662273,-98.773401,COORDENADA
ECA26072603483,2026-07-26,10:56:00,10,matutina (06-14),ECATEPEC,ECATEPEC,VIOLENCIA CONTRA LAS MUJERES,violencia_genero,2.0,19.57291,-99.02249,COORDENADA
ECA26072603491,2026-07-26,10:58:00,10,matutina (06-14),ATIZAPAN,METROPOLITANA,PERSONA AGRESIVA,rina,1.5,19.56481,-99.256495,COORDENADA
ECA26072603502,2026-07-26,10:59:00,10,matutina (06-14),ATIZAPAN,METROPOLITANA,VIOLENCIA FAMILIAR,violencia_genero,2.0,19.574335,-99.26243,COORDENADA
ECA26072603507,2026-07-26,10:59:00,10,matutina (06-14),TEMAMATLA,SIN CATALOGAR,HOMICIDIO,letal,10.0,19.22201,-98.914705,COORDENADA
ECA26072603525,2026-07-26,11:02:00,11,matutina (06-14),NEZAHUALCOYOTL,ORIENTE,PERSONA AGRESIVA,rina,1.5,19.46212,-99.04238,COORDENADA
ECA26072603540,2026-07-26,11:03:00,11,matutina (06-14),IXTAPALUCA,CHALCO,VIOLENCIA FAMILIAR,violencia_genero,2.0,19.319995,-98.910505,COORDENADA
ECA26072603583,2026-07-26,11:08:00,11,matutina (06-14),CHIMALHUACAN,ORIENTE,PERSONA AGRESIVA,rina,1.5,19.41155,-98.92691,COORDENADA
ECA26072603585,2026-07-26,11:08:00,11,matutina (06-14),ECATEPEC,ECATEPEC,PERSONA AGRESIVA,rina,1.5,19.55939,-99.03604,COORDENADA
ECA26072603605,2026-07-26,11:11:00,11,matutina (06-14),ECATEPEC,ECATEPEC,VIOLENCIA FAMILIAR,violencia_genero,2.0,19.61826,-99.01038,COORDENADA
ECA26072603636,2026-07-26,11:14:00,11,matutina (06-14),APAXCO,ECATEPEC,PERSONA TIRADA EN VIA PUBLICA,deceso_dudoso,3.0,19.974293,-99.169744,COORDENADA
ECA26072603640,2026-07-26,11:14:00,11,matutina (06-14),CHICONCUAC,ORIENTE,PERSONA AGRESIVA,rina,1.5,19.558075,-98.893715,COORDENADA
ECA26072603641,2026-07-26,11:14:00,11,matutina (06-14),ECATEPEC,ECATEPEC,PORTACION DE ARMA BLANCA,arma_blanca,2.0,19.57816,-99.06912,COORDENADA
ECA26072603683,2026-07-26,11:19:00,11,matutina (06-14),ATIZAPAN,METROPOLITANA,TENTATIVA DE SUICIDIO,deceso_dudoso,3.0,19.59712,-99.26954,COORDENADA
ECA26072603692,2026-07-26,11:20:00,11,matutina (06-14),NICOLAS ROMERO,METROPOLITANA,VIOLENCIA CONTRA LAS MUJERES,violencia_genero,2.0,19.60896,-99.29006,COORDENADA
ECA26072603780,2026-07-26,11:28:00,11,matutina (06-14),VALLE DE CHALCO,CHALCO,PERSONA AGRESIVA,rina,1.5,19.294035,-98.94555,COORDENADA
ECA26072603782,2026-07-26,11:28:00,11,matutina (06-14),ECATEPEC,ECATEPEC,PERSONA AGRESIVA,rina,1.5,19.529175,-99.045595,COORDENADA
ECA26072603800,2026-07-26,11:29:00,11,matutina (06-14),VALLE DE CHALCO,CHALCO,PORTACION DE ARMAS DE FUEGO O CARTUCHOS,arma_fuego,3.0,19.294035,-98.94555,COORDENADA
ECA26072603845,2026-07-26,11:34:00,11,matutina (06-14),VALLE DE CHALCO,CHALCO,PERSONA AGRESIVA,rina,1.5,19.29072,-98.92858,COORDENADA
ECA26072603886,2026-07-26,11:40:00,11,matutina (06-14),TECAMAC,ECATEPEC,ALTERACION DEL ORDEN PUBLICO POR PERSONA DROGADA,rina,1.5,19.622015,-99.040695,COORDENADA
ECA26072603902,2026-07-26,11:42:00,11,matutina (06-14),CHIMALHUACAN,ORIENTE,PERSONA AGRESIVA,rina,1.5,19.415065,-98.97565,COORDENADA
ECA26072603920,2026-07-26,11:44:00,11,matutina (06-14),ATIZAPAN,METROPOLITANA,VIOLENCIA CONTRA LAS MUJERES,violencia_genero,2.0,19.60655,-99.260085,COORDENADA
ECA26072603924,2026-07-26,11:45:00,11,matutina (06-14),CUAUTITLAN,METROPOLITANA,RIÑA,rina,1.5,19.66832,-99.15362,COORDENADA
ECA26072603966,2026-07-26,11:49:00,11,matutina (06-14),TECAMAC,ECATEPEC,ALTERACION DEL ORDEN PUBLICO POR PERSONA DROGADA,rina,1.5,19.677495,-99.030985,COORDENADA
ECA26072603984,2026-07-26,11:52:00,11,matutina (06-14),CHIMALHUACAN,ORIENTE,ROBO A NEGOCIO CON VIOLENCIA,robo_violento,2.0,,,ALTA
ECA26072604003,2026-07-26,11:53:00,11,matutina (06-14),TEPETLIXPA,CHALCO,PERSONA AGRESIVA,rina,1.5,19.028318,-98.817753,COORDENADA
ECA26072604020,2026-07-26,11:54:00,11,matutina (06-14),ECATEPEC,ECATEPEC,PERSONA AGRESIVA,rina,1.5,19.5652,-99.06151,COORDENADA
ECA26072604043,2026-07-26,11:56:00,11,matutina (06-14),ZUMPANGO,ECATEPEC,PERSONA TIRADA EN LA VIA PUBLICA CON HUELLAS DE VIOLENCIA,letal,5.0,19.800565,-99.105165,COORDENADA
ECA26072604047,2026-07-26,11:57:00,11,matutina (06-14),VALLE DE CHALCO,CHALCO,PERSONA AGRESIVA,rina,1.5,19.31673,-98.943625,COORDENADA
ECA26072604072,2026-07-26,11:59:00,11,matutina (06-14),LA PAZ,ORIENTE,PERSONA LESIONADA POR PROYECTIL DE ARMA DE FUEGO,arma_fuego,6.0,19.371455,-98.96885,COORDENADA
ECA26072604102,2026-07-26,12:02:00,12,matutina (06-14),IXTAPALUCA,CHALCO,VIOLENCIA CONTRA LAS MUJERES,violencia_genero,2.0,19.31119,-98.875765,COORDENADA
ECA26072604104,2026-07-26,12:03:00,12,matutina (06-14),VALLE DE CHALCO,CHALCO,DETONACION POR ARMA DE FUEGO,arma_fuego,4.0,19.32026,-98.95065,COORDENADA
ECA26072604107,2026-07-26,12:03:00,12,matutina (06-14),TULTITLAN,METROPOLITANA,PERSONA TIRADA EN VIA PUBLICA,deceso_dudoso,3.0,19.614715,-99.138205,COORDENADA
ECA26072604142,2026-07-26,12:07:00,12,matutina (06-14),NEZAHUALCOYOTL,ORIENTE,ALTERACION DEL ORDEN PUBLICO POR PERSONA ALCOHOLIZADA,rina,1.5,19.46166,-99.04027,COORDENADA
ECA26072604148,2026-07-26,12:08:00,12,matutina (06-14),TLALNEPANTLA,METROPOLITANA,VIOLENCIA FAMILIAR,violencia_genero,2.0,19.51151,-99.17474,COORDENADA
ECA26072604169,2026-07-26,12:10:00,12,matutina (06-14),ECATEPEC,ECATEPEC,PERSONA AGRESIVA,rina,1.5,19.521875,-99.02171,COORDENADA
ECA26072604181,2026-07-26,12:12:00,12,matutina (06-14),CUAUTITLAN IZCALLI,METROPOLITANA,PERSONA TIRADA EN VIA PUBLICA,deceso_dudoso,3.0,19.67183,-99.221635,COORDENADA
ECA26072604194,2026-07-26,12:12:00,12,matutina (06-14),ECATEPEC,ECATEPEC,VIOLENCIA CONTRA LAS MUJERES,violencia_genero,2.0,19.52735,-99.0644,COORDENADA
ECA26072604213,2026-07-26,12:14:00,12,matutina (06-14),ATIZAPAN,METROPOLITANA,VIOLENCIA CONTRA LAS MUJERES,violencia_genero,2.0,19.587765,-99.23163,COORDENADA
ECA26072604220,2026-07-26,12:15:00,12,matutina (06-14),VALLE DE CHALCO,CHALCO,PERSONA LESIONADA POR OBJETO CONTUNDENTE,rina,1.5,19.29424,-98.96891,COORDENADA
ECA26072604287,2026-07-26,12:20:00,12,matutina (06-14),CHICOLOAPAN,SIN CATALOGAR,PORTACION DE ARMA BLANCA,arma_blanca,2.0,19.41734,-98.901475,COORDENADA
ECA26072604294,2026-07-26,12:21:00,12,matutina (06-14),NICOLAS ROMERO,METROPOLITANA,PERSONA AGRESIVA,rina,1.5,19.59912,-99.273875,COORDENADA
ECA26072604314,2026-07-26,12:23:00,12,matutina (06-14),NEZAHUALCOYOTL,ORIENTE,TENTATIVA DE SUICIDIO,deceso_dudoso,3.0,19.458085,-99.049295,COORDENADA
ECA26072604391,2026-07-26,12:32:00,12,matutina (06-14),TLALNEPANTLA,METROPOLITANA,PERSONA AGRESIVA,rina,1.5,19.51152,-99.17506,COORDENADA
ECA26072604394,2026-07-26,12:32:00,12,matutina (06-14),NEZAHUALCOYOTL,ORIENTE,PERSONA AGRESIVA,rina,1.5,19.47501,-99.03731,COORDENADA
ECA26072604399,2026-07-26,12:32:00,12,matutina (06-14),CHIMALHUACAN,ORIENTE,RIÑA,rina,1.5,19.44572,-98.95085,COORDENADA
ECA26072604443,2026-07-26,12:35:00,12,matutina (06-14),CHIMALHUACAN,ORIENTE,PERSONA AGRESIVA,rina,1.5,19.44572,-98.95085,COORDENADA
ECA26072604444,2026-07-26,12:35:00,12,matutina (06-14),CHIMALHUACAN,ORIENTE,ROBO A TRANSEUNTE CON VIOLENCIA,robo_violento,2.0,19.4171,-98.9413,COORDENADA
ECA26072604452,2026-07-26,12:36:00,12,matutina (06-14),COYOTEPEC,ECATEPEC,ROBO A NEGOCIO CON VIOLENCIA,robo_violento,2.0,19.775473,-99.20721,COORDENADA
ECA26072604546,2026-07-26,12:46:00,12,matutina (06-14),TULTITLAN,METROPOLITANA,RIÑA,rina,1.5,19.650645,-99.15617,COORDENADA
ECA26072604548,2026-07-26,12:46:00,12,matutina (06-14),ATIZAPAN,METROPOLITANA,PERSONA TIRADA EN VIA PUBLICA,deceso_dudoso,3.0,19.59591,-99.24783,COORDENADA
ECA26072604565,2026-07-26,12:48:00,12,matutina (06-14),CUAUTITLAN IZCALLI,METROPOLITANA,PERSONA AGRESIVA,rina,1.5,19.65523,-99.21083,COORDENADA
ECA26072604587,2026-07-26,12:50:00,12,matutina (06-14),HUEHUETOCA,ECATEPEC,ALTERACION DEL ORDEN PUBLICO POR PERSONA DROGADA,rina,1.5,19.885052,-99.209852,COORDENADA
ECA26072604603,2026-07-26,12:52:00,12,matutina (06-14),TLALMANALCO,CHALCO,ROBO A TRANSEUNTE CON VIOLENCIA,robo_violento,2.0,,,MEDIA
ECA26072604715,2026-07-26,13:02:00,13,matutina (06-14),ATIZAPAN,METROPOLITANA,PORTACION DE ARMA BLANCA,arma_blanca,2.0,19.59095,-99.26894,COORDENADA
ECA26072604729,2026-07-26,13:04:00,13,matutina (06-14),TEZOYUCA,ORIENTE,ALTERACION DEL ORDEN PUBLICO POR PERSONA ALCOHOLIZADA,rina,1.5,19.602166,-98.959152,COORDENADA
ECA26072604760,2026-07-26,13:06:00,13,matutina (06-14),CUAUTITLAN IZCALLI,METROPOLITANA,VIOLENCIA FAMILIAR,violencia_genero,2.0,19.678805,-99.241305,COORDENADA
ECA26072604837,2026-07-26,13:16:00,13,matutina (06-14),ECATEPEC,ECATEPEC,PERSONA AGRESIVA,rina,1.5,19.564735,-99.04477,COORDENADA
ECA26072604863,2026-07-26,13:20:00,13,matutina (06-14),NEXTLALPAN,SIN CATALOGAR,PERSONA NO LOCALIZADA O DESAPARECIDA,desaparicion,3.0,19.704916,-99.071542,COORDENADA
ECA26072604869,2026-07-26,13:20:00,13,matutina (06-14),ECATEPEC,ECATEPEC,PERSONA AGRESIVA,rina,1.5,19.529175,-99.045595,COORDENADA
ECA26072604881,2026-07-26,13:21:00,13,matutina (06-14),NEZAHUALCOYOTL,ORIENTE,PERSONA AGRESIVA,rina,1.5,19.4013,-99.02571,COORDENADA
ECA26072604906,2026-07-26,13:24:00,13,matutina (06-14),NEZAHUALCOYOTL,ORIENTE,VIOLENCIA CONTRA LAS MUJERES,violencia_genero,2.0,19.491915,-99.063575,COORDENADA
ECA26072604930,2026-07-26,13:26:00,13,matutina (06-14),CHALCO,CHALCO,PERSONA NO LOCALIZADA O DESAPARECIDA,desaparicion,3.0,19.25815,-98.916925,COORDENADA
ECA26072604944,2026-07-26,13:27:00,13,matutina (06-14),TECAMAC,ECATEPEC,PERSONA AGRESIVA,rina,1.5,19.62906,-99.02404,COORDENADA
ECA26072604962,2026-07-26,13:28:00,13,matutina (06-14),CHIMALHUACAN,ORIENTE,PERSONA AGRESIVA,rina,1.5,19.44317,-98.94895,COORDENADA
ECA26072604985,2026-07-26,13:31:00,13,matutina (06-14),NEZAHUALCOYOTL,ORIENTE,PERSONA AGRESIVA,rina,1.5,19.491915,-99.063575,COORDENADA
ECA26072605016,2026-07-26,13:33:00,13,matutina (06-14),ATIZAPAN,METROPOLITANA,PERSONA AGRESIVA,rina,1.5,19.580685,-99.240045,COORDENADA
ECA26072605031,2026-07-26,13:35:00,13,matutina (06-14),TECAMAC,ECATEPEC,PERSONA AGRESIVA,rina,1.5,19.677495,-99.030985,COORDENADA
ECA26072605063,2026-07-26,13:38:00,13,matutina (06-14),ATIZAPAN,METROPOLITANA,PERSONA AGRESIVA,rina,1.5,19.60607,-99.24772,COORDENADA
ECA26072605070,2026-07-26,13:39:00,13,matutina (06-14),NEZAHUALCOYOTL,ORIENTE,PERSONA TIRADA EN VIA PUBLICA,deceso_dudoso,3.0,19.48068,-99.03172,COORDENADA
ECA26072605086,2026-07-26,13:41:00,13,matutina (06-14),TLALNEPANTLA,METROPOLITANA,ROBO DE VEHICULO PARTICULAR CON VIOLENCIA,robo_violento,2.0,19.55203,-99.213805,COORDENADA
ECA26072605092,2026-07-26,13:41:00,13,matutina (06-14),IXTAPALUCA,CHALCO,VIOLENCIA DE PAREJA,violencia_genero,2.0,19.341695,-98.90989,COORDENADA
ECA26072605150,2026-07-26,13:46:00,13,matutina (06-14),TEOTIHUACAN,ORIENTE,ALTERACION DEL ORDEN PUBLICO POR PERSONA ALCOHOLIZADA,rina,1.5,19.68248,-98.89079,COORDENADA
ECA26072605177,2026-07-26,13:50:00,13,matutina (06-14),ECATEPEC,ECATEPEC,VIOLENCIA CONTRA LAS MUJERES,violencia_genero,2.0,19.60571,-99.06454,COORDENADA
ECA26072605212,2026-07-26,13:53:00,13,matutina (06-14),TULTITLAN,METROPOLITANA,VIOLENCIA FAMILIAR,violencia_genero,2.0,19.61299,-99.15919,COORDENADA
ECA26072605241,2026-07-26,13:56:00,13,matutina (06-14),CUAUTITLAN IZCALLI,METROPOLITANA,RIÑA,rina,1.5,19.65523,-99.21083,COORDENADA
ECA26072605245,2026-07-26,13:57:00,13,matutina (06-14),ECATEPEC,ECATEPEC,PERSONA AGRESIVA,rina,1.5,19.64156,-99.05788,COORDENADA
ECA26072605267,2026-07-26,14:00:00,14,vespertina (14-22),VALLE DE CHALCO,CHALCO,PERSONA LESIONADA POR OBJETO CONTUNDENTE,rina,1.5,19.28497,-98.95393,COORDENADA
ECA26072605270,2026-07-26,14:01:00,14,vespertina (14-22),LA PAZ,ORIENTE,VIOLENCIA CONTRA LAS MUJERES,violencia_genero,2.0,19.365475,-98.97206,COORDENADA
ECA26072605280,2026-07-26,14:01:00,14,vespertina (14-22),CHALCO,CHALCO,VIOLENCIA CONTRA LAS MUJERES,violencia_genero,2.0,19.262595,-98.89674,COORDENADA
ECA26072605291,2026-07-26,14:03:00,14,vespertina (14-22),TULTITLAN,METROPOLITANA,AMENAZA DE SUICIDIO,deceso_dudoso,3.0,19.60078,-99.16887,COORDENADA
ECA26072605310,2026-07-26,14:06:00,14,vespertina (14-22),NEZAHUALCOYOTL,ORIENTE,RIÑA,rina,1.5,19.40437,-99.05262,COORDENADA
ECA26072605329,2026-07-26,14:07:00,14,vespertina (14-22),ZUMPANGO,ECATEPEC,ALTERACION DEL ORDEN PUBLICO POR PERSONA ALCOHOLIZADA,rina,1.5,19.81147,-99.11158,COORDENADA
ECA26072605351,2026-07-26,14:09:00,14,vespertina (14-22),ECATEPEC,ECATEPEC,RIÑA,rina,1.5,19.64931,-99.06304,COORDENADA
ECA26072605369,2026-07-26,14:12:00,14,vespertina (14-22),ATIZAPAN,METROPOLITANA,PERSONA AGRESIVA,rina,1.5,19.55823,-99.274545,COORDENADA
ECA26072605389,2026-07-26,14:15:00,14,vespertina (14-22),CHIMALHUACAN,ORIENTE,PERSONA AGRESIVA,rina,1.5,19.4176,-98.961915,COORDENADA
ECA26072605397,2026-07-26,14:17:00,14,vespertina (14-22),LA PAZ,ORIENTE,PERSONA NO LOCALIZADA O DESAPARECIDA,desaparicion,3.0,19.365475,-98.97206,COORDENADA
ECA26072605448,2026-07-26,14:21:00,14,vespertina (14-22),TEXCOCO,ORIENTE,PERSONA AGRESIVA,rina,1.5,19.45517,-98.91115,COORDENADA
ECA26072605469,2026-07-26,14:24:00,14,vespertina (14-22),TLALNEPANTLA,METROPOLITANA,PERSONA TIRADA EN LA VIA PUBLICA CON HUELLAS DE VIOLENCIA,letal,5.0,19.53558,-99.219095,COORDENADA
ECA26072605492,2026-07-26,14:27:00,14,vespertina (14-22),LA PAZ,ORIENTE,ALTERACION DEL ORDEN PUBLICO POR PERSONA DROGADA,rina,1.5,19.365475,-98.97206,COORDENADA
ECA26072605500,2026-07-26,14:27:00,14,vespertina (14-22),IXTAPALUCA,CHALCO,ROBO DE MOTOCICLETA CON VIOLENCIA,robo_violento,2.0,19.31119,-98.875765,COORDENADA
ECA26072605506,2026-07-26,14:28:00,14,vespertina (14-22),IXTAPALUCA,CHALCO,ALTERACION DEL ORDEN PUBLICO POR PERSONA ALCOHOLIZADA,rina,1.5,19.342555,-98.864285,COORDENADA
ECA26072605585,2026-07-26,14:36:00,14,vespertina (14-22),CHALCO,CHALCO,VIOLENCIA FAMILIAR,violencia_genero,2.0,19.25498,-98.91716,COORDENADA
ECA26072605639,2026-07-26,14:41:00,14,vespertina (14-22),NICOLAS ROMERO,METROPOLITANA,PORTACION DE ARMA BLANCA,arma_blanca,2.0,19.636645,-99.361365,COORDENADA
ECA26072605664,2026-07-26,14:45:00,14,vespertina (14-22),CHIMALHUACAN,ORIENTE,ALTERACION DEL ORDEN PUBLICO POR PERSONA ALCOHOLIZADA,rina,1.5,19.389845,-98.96006,COORDENADA
ECA26072605674,2026-07-26,14:46:00,14,vespertina (14-22),TEXCOCO,ORIENTE,PORTACION DE ARMAS DE FUEGO O CARTUCHOS,arma_fuego,3.0,19.511485,-98.885165,COORDENADA
ECA26072605680,2026-07-26,14:47:00,14,vespertina (14-22),VALLE DE CHALCO,CHALCO,PORTACION DE ARMA BLANCA,arma_blanca,2.0,19.30067,-98.93914,COORDENADA
ECA26072605696,2026-07-26,14:48:00,14,vespertina (14-22),CHIMALHUACAN,ORIENTE,ALTERACION DEL ORDEN PUBLICO POR PERSONA DROGADA,rina,1.5,19.389845,-98.96006,COORDENADA
ECA26072605708,2026-07-26,14:50:00,14,vespertina (14-22),NICOLAS ROMERO,METROPOLITANA,VIOLENCIA CONTRA LAS MUJERES,violencia_genero,2.0,19.62684,-99.30427,COORDENADA
ECA26072605710,2026-07-26,14:50:00,14,vespertina (14-22),IXTAPALUCA,CHALCO,VIOLENCIA CONTRA LAS MUJERES,violencia_genero,2.0,19.3413,-98.854285,COORDENADA
ECA26072605717,2026-07-26,14:51:00,14,vespertina (14-22),NICOLAS ROMERO,METROPOLITANA,PORTACION DE ARMA BLANCA,arma_blanca,2.0,19.63226,-99.355675,COORDENADA
ECA26072605718,2026-07-26,14:51:00,14,vespertina (14-22),VALLE DE CHALCO,CHALCO,ROBO A NEGOCIO CON VIOLENCIA,robo_violento,2.0,19.30067,-98.93914,COORDENADA
ECA26072605727,2026-07-26,14:52:00,14,vespertina (14-22),LA PAZ,ORIENTE,ROBO A TRANSEUNTE CON VIOLENCIA,robo_violento,2.0,19.36578,-98.98408,COORDENADA
ECA26072605758,2026-07-26,14:55:00,14,vespertina (14-22),LA PAZ,ORIENTE,ROBO A TRANSEUNTE CON VIOLENCIA,robo_violento,2.0,19.35604,-98.974235,COORDENADA
ECA26072605769,2026-07-26,14:56:00,14,vespertina (14-22),VALLE DE CHALCO,CHALCO,ALTERACION DEL ORDEN PUBLICO POR PERSONA DROGADA,rina,1.5,19.274675,-98.92894,COORDENADA
TOL26072204570,2026-07-22,15:06:00,15,vespertina (14-22),NAUCALPAN,METROPOLITANA,PORTACION DE ARMAS DE FUEGO O CARTUCHOS,arma_fuego,3.0,19.44983,-99.26852,COORDENADA
TOL26072204580,2026-07-22,15:07:00,15,vespertina (14-22),NAUCALPAN,METROPOLITANA,DETONACION POR ARMA DE FUEGO,arma_fuego,4.0,19.452195,-99.26546,COORDENADA
TOL26072204584,2026-07-22,15:07:00,15,vespertina (14-22),NAUCALPAN,METROPOLITANA,RIÑA,rina,1.5,19.4514,-99.26213,COORDENADA
TOL26072204645,2026-07-22,15:13:00,15,vespertina (14-22),TENANCINGO,IXTAPAN,PERSONA AGRESIVA,rina,1.5,18.962061,-99.591605,COORDENADA
TOL26072204663,2026-07-22,15:14:00,15,vespertina (14-22),SAN MATEO ATENCO,VALLE TOLUCA,RIÑA,rina,1.5,19.26309,-99.52157,COORDENADA
TOL26072204678,2026-07-22,15:16:00,15,vespertina (14-22),SAN MATEO ATENCO,VALLE TOLUCA,RIÑA,rina,1.5,19.26309,-99.52157,COORDENADA
TOL26072204684,2026-07-22,15:16:00,15,vespertina (14-22),SAN MATEO ATENCO,VALLE TOLUCA,RIÑA,rina,1.5,,,MEDIA
TOL26072204796,2026-07-22,15:30:00,15,vespertina (14-22),ZINACANTEPEC,VALLE TOLUCA,VIOLENCIA CONTRA LAS MUJERES,violencia_genero,2.0,19.25083,-99.75579,COORDENADA
TOL26072204843,2026-07-22,15:37:00,15,vespertina (14-22),ALMOLOYA,VALLE TOLUCA,PERSONA AGRESIVA,rina,1.5,19.296342,-99.762807,COORDENADA
TOL26072204848,2026-07-22,15:37:00,15,vespertina (14-22),NAUCALPAN,METROPOLITANA,VIOLENCIA CONTRA LAS MUJERES,violencia_genero,2.0,19.45992,-99.25306,COORDENADA
TOL26072204875,2026-07-22,15:42:00,15,vespertina (14-22),SAN MATEO ATENCO,VALLE TOLUCA,VIOLENCIA DE PAREJA,violencia_genero,2.0,19.295685,-99.52536,COORDENADA
TOL26072204982,2026-07-22,15:57:00,15,vespertina (14-22),CAPULHUAC,SIN CATALOGAR,VIOLENCIA DE PAREJA,violencia_genero,2.0,19.187522,-99.471969,COORDENADA
TOL26072205028,2026-07-22,16:02:00,16,vespertina (14-22),LERMA,SIN CATALOGAR,PERSONA AGRESIVA,rina,1.5,19.26402,-99.51599,COORDENADA
TOL26072205052,2026-07-22,16:06:00,16,vespertina (14-22),LERMA,SIN CATALOGAR,PERSONA AGRESIVA,rina,1.5,19.26694,-99.506625,COORDENADA
TOL26072205080,2026-07-22,16:09:00,16,vespertina (14-22),METEPEC,VALLE TOLUCA,PERSONA TIRADA EN VIA PUBLICA,deceso_dudoso,3.0,19.273705,-99.58121,COORDENADA
TOL26072205081,2026-07-22,16:09:00,16,vespertina (14-22),HUIXQUILUCAN,METROPOLITANA,PERSONA AGRESIVA,rina,1.5,19.385439,-99.280855,COORDENADA
TOL26072205112,2026-07-22,16:13:00,16,vespertina (14-22),NAUCALPAN,METROPOLITANA,PORTACION DE ARMAS DE FUEGO O CARTUCHOS,arma_fuego,3.0,19.48899,-99.28692,COORDENADA
TOL26072205157,2026-07-22,16:22:00,16,vespertina (14-22),NAUCALPAN,METROPOLITANA,PERSONA AGRESIVA,rina,1.5,19.50987,-99.240175,COORDENADA
TOL26072205212,2026-07-22,16:28:00,16,vespertina (14-22),TOLUCA,VALLE TOLUCA,PERSONA AGRESIVA,rina,1.5,19.30166,-99.64917,COORDENADA
TOL26072205221,2026-07-22,16:29:00,16,vespertina (14-22),TOLUCA,VALLE TOLUCA,ALTERACION DEL ORDEN PUBLICO POR PERSONA DROGADA,rina,1.5,19.28092,-99.65744,COORDENADA
TOL26072205265,2026-07-22,16:35:00,16,vespertina (14-22),NAUCALPAN,METROPOLITANA,VIOLENCIA FAMILIAR,violencia_genero,2.0,19.43155,-99.274982,COORDENADA
TOL26072205287,2026-07-22,16:37:00,16,vespertina (14-22),ALMOLOYA,VALLE TOLUCA,PERSONA AGRESIVA,rina,1.5,,,BAJA
TOL26072205325,2026-07-22,16:40:00,16,vespertina (14-22),TOLUCA,VALLE TOLUCA,ROBO A TRANSEUNTE CON VIOLENCIA,robo_violento,2.0,19.328563,-99.661682,COORDENADA
TOL26072205378,2026-07-22,16:46:00,16,vespertina (14-22),SAN MATEO ATENCO,VALLE TOLUCA,VIOLENCIA CONTRA LAS MUJERES,violencia_genero,2.0,19.25716,-99.54208,COORDENADA
TOL26072205401,2026-07-22,16:49:00,16,vespertina (14-22),SAN ANTONIO LA ISLA,SIN CATALOGAR,PERSONA AGRESIVA,rina,1.5,19.161709,-99.555918,COORDENADA
TOL26072205427,2026-07-22,16:52:00,16,vespertina (14-22),METEPEC,VALLE TOLUCA,PERSONA AGRESIVA,rina,1.5,19.257567,-99.64055,COORDENADA
TOL26072205452,2026-07-22,16:55:00,16,vespertina (14-22),METEPEC,VALLE TOLUCA,RIÑA,rina,1.5,19.26787,-99.57206,COORDENADA
TOL26072205457,2026-07-22,16:55:00,16,vespertina (14-22),XONACATLAN,SIN CATALOGAR,VIOLENCIA FAMILIAR,violencia_genero,2.0,19.38197,-99.52814,COORDENADA
TOL26072205474,2026-07-22,16:58:00,16,vespertina (14-22),TOLUCA,VALLE TOLUCA,PERSONA AGRESIVA,rina,1.5,19.28562,-99.636705,COORDENADA
TOL26072205501,2026-07-22,17:00:00,17,vespertina (14-22),TOLUCA,VALLE TOLUCA,PERSONA TIRADA EN VIA PUBLICA,deceso_dudoso,3.0,19.28823,-99.65564,COORDENADA
TOL26072205594,2026-07-22,17:11:00,17,vespertina (14-22),ATLACOMULCO,ATLACOMULCO,VIOLENCIA FAMILIAR,violencia_genero,2.0,19.79927,-99.86878,COORDENADA
TOL26072205595,2026-07-22,17:11:00,17,vespertina (14-22),CALIMAYA,IXTAPAN,ROBO A CASA HABITACION CON VIOLENCIA,robo_violento,2.0,19.213987,-99.629331,COORDENADA
TOL26072205600,2026-07-22,17:12:00,17,vespertina (14-22),ATLACOMULCO,ATLACOMULCO,ALTERACION DEL ORDEN PUBLICO POR PERSONA DROGADA,rina,1.5,,,ALTA
TOL26072205647,2026-07-22,17:17:00,17,vespertina (14-22),NAUCALPAN,METROPOLITANA,PERSONA AGRESIVA,rina,1.5,19.46183,-99.24219,COORDENADA
TOL26072205682,2026-07-22,17:21:00,17,vespertina (14-22),TOLUCA,VALLE TOLUCA,PERSONA TIRADA EN VIA PUBLICA,deceso_dudoso,3.0,19.27818,-99.67186,COORDENADA
TOL26072205687,2026-07-22,17:21:00,17,vespertina (14-22),HUIXQUILUCAN,METROPOLITANA,EXTORSION O INTENTO DE EXTORSION (NO TELEFONICA),alta_incidencia,4.0,19.411932,-99.31963,COORDENADA
TOL26072205710,2026-07-22,17:24:00,17,vespertina (14-22),NAUCALPAN,METROPOLITANA,ALTERACION DEL ORDEN PUBLICO POR PERSONA ALCOHOLIZADA,rina,1.5,19.449185,-99.284268,COORDENADA
TOL26072205741,2026-07-22,17:27:00,17,vespertina (14-22),ZINACANTEPEC,VALLE TOLUCA,PERSONA AGRESIVA,rina,1.5,19.30897,-99.75563,COORDENADA
TOL26072205777,2026-07-22,17:31:00,17,vespertina (14-22),TOLUCA,VALLE TOLUCA,VIOLENCIA DE PAREJA,violencia_genero,2.0,19.32761,-99.61979,COORDENADA
TOL26072205787,2026-07-22,17:32:00,17,vespertina (14-22),TOLUCA,VALLE TOLUCA,PERSONA AGRESIVA,rina,1.5,19.27735,-99.64169,COORDENADA
TOL26072205840,2026-07-22,17:39:00,17,vespertina (14-22),TOLUCA,VALLE TOLUCA,PERSONA AGRESIVA,rina,1.5,19.34567,-99.70933,COORDENADA
TOL26072205871,2026-07-22,17:43:00,17,vespertina (14-22),TOLUCA,VALLE TOLUCA,PERSONA AGRESIVA,rina,1.5,19.27735,-99.64169,COORDENADA
TOL26072205955,2026-07-22,17:53:00,17,vespertina (14-22),CALIMAYA,IXTAPAN,VIOLENCIA FAMILIAR,violencia_genero,2.0,19.167005,-99.622485,COORDENADA
TOL26072205957,2026-07-22,17:53:00,17,vespertina (14-22),TOLUCA,VALLE TOLUCA,ALTERACION DEL ORDEN PUBLICO POR PERSONA ALCOHOLIZADA,rina,1.5,19.344595,-99.64724,COORDENADA
TOL26072205985,2026-07-22,17:56:00,17,vespertina (14-22),TOLUCA,VALLE TOLUCA,VIOLENCIA CONTRA LAS MUJERES,violencia_genero,2.0,19.28262,-99.683095,COORDENADA
TOL26072206007,2026-07-22,17:58:00,17,vespertina (14-22),TOLUCA,VALLE TOLUCA,PERSONA AGRESIVA,rina,1.5,19.23926,-99.650125,COORDENADA
TOL26072206025,2026-07-22,18:01:00,18,vespertina (14-22),TOLUCA,VALLE TOLUCA,PERSONA AGRESIVA,rina,1.5,19.36417,-99.673265,COORDENADA
TOL26072206114,2026-07-22,18:11:00,18,vespertina (14-22),ACAMBAY,ATLACOMULCO,VIOLENCIA CONTRA LAS MUJERES,violencia_genero,2.0,19.956168,-99.844209,COORDENADA
TOL26072206164,2026-07-22,18:17:00,18,vespertina (14-22),SAN MATEO ATENCO,VALLE TOLUCA,VIOLENCIA CONTRA LAS MUJERES,violencia_genero,2.0,19.26146,-99.52811,COORDENADA
TOL26072206181,2026-07-22,18:19:00,18,vespertina (14-22),NAUCALPAN,METROPOLITANA,PERSONA LESIONADA DURANTE ALTERACION DEL ORDEN PUBLICO O POR RIÑA,rina,1.5,19.44745,-99.27817,COORDENADA
TOL26072206203,2026-07-22,18:21:00,18,vespertina (14-22),LERMA,SIN CATALOGAR,PERSONA TIRADA EN VIA PUBLICA,deceso_dudoso,3.0,19.281378,-99.516305,COORDENADA
TOL26072206220,2026-07-22,18:24:00,18,vespertina (14-22),LERMA,SIN CATALOGAR,PERSONA TIRADA EN VIA PUBLICA,deceso_dudoso,3.0,19.28136,-99.51444,COORDENADA
TOL26072206339,2026-07-22,18:39:00,18,vespertina (14-22),SAN MATEO ATENCO,VALLE TOLUCA,PERSONA AGRESIVA,rina,1.5,19.25909,-99.52575,COORDENADA
TOL26072206460,2026-07-22,18:50:00,18,vespertina (14-22),TOLUCA,VALLE TOLUCA,PERSONA AGRESIVA,rina,1.5,19.27087,-99.64135,COORDENADA
TOL26072206485,2026-07-22,18:52:00,18,vespertina (14-22),TOLUCA,VALLE TOLUCA,VIOLENCIA DE PAREJA,violencia_genero,2.0,19.46802,-99.64979,COORDENADA
TOL26072206497,2026-07-22,18:54:00,18,vespertina (14-22),MALINALCO,IXTAPAN,ROBO DE VEHICULO PARTICULAR CON VIOLENCIA,robo_violento,2.0,18.937155,-99.49757,COORDENADA
TOL26072206523,2026-07-22,18:57:00,18,vespertina (14-22),TENANGO DEL VALLE,IXTAPAN,VIOLENCIA DE PAREJA,violencia_genero,2.0,19.094715,-99.587969,COORDENADA
TOL26072206580,2026-07-22,19:02:00,19,vespertina (14-22),SAN ANTONIO LA ISLA,SIN CATALOGAR,VIOLENCIA FAMILIAR,violencia_genero,2.0,19.15705,-99.571183,COORDENADA
TOL26072206637,2026-07-22,19:08:00,19,vespertina (14-22),TOLUCA,VALLE TOLUCA,VIOLENCIA DE PAREJA,violencia_genero,2.0,19.46802,-99.64979,COORDENADA
TOL26072206847,2026-07-22,19:33:00,19,vespertina (14-22),MALINALCO,IXTAPAN,DETONACION POR ARMA DE FUEGO,arma_fuego,4.0,,,ALTA
TOL26072206870,2026-07-22,19:36:00,19,vespertina (14-22),METEPEC,VALLE TOLUCA,VIOLENCIA DE PAREJA,violencia_genero,2.0,19.261357,-99.589281,COORDENADA
TOL26072206886,2026-07-22,19:38:00,19,vespertina (14-22),TOLUCA,VALLE TOLUCA,VIOLENCIA CONTRA LAS MUJERES,violencia_genero,2.0,19.44854,-99.663827,COORDENADA
TOL26072206910,2026-07-22,19:41:00,19,vespertina (14-22),TIANGUISTENCO,VALLE TOLUCA,ALTERACION DEL ORDEN PUBLICO POR PERSONA ALCOHOLIZADA,rina,1.5,19.205666,-99.509155,COORDENADA
TOL26072206966,2026-07-22,19:48:00,19,vespertina (14-22),TOLUCA,VALLE TOLUCA,PERSONA AGRESIVA,rina,1.5,19.26427,-99.65854,COORDENADA
TOL26072206972,2026-07-22,19:49:00,19,vespertina (14-22),SAN MATEO ATENCO,VALLE TOLUCA,PERSONA AGRESIVA,rina,1.5,19.279785,-99.533915,COORDENADA
TOL26072206982,2026-07-22,19:50:00,19,vespertina (14-22),ZINACANTEPEC,VALLE TOLUCA,RIÑA,rina,1.5,19.27879,-99.711405,COORDENADA
TOL26072207003,2026-07-22,19:52:00,19,vespertina (14-22),METEPEC,VALLE TOLUCA,PERSONA TIRADA EN VIA PUBLICA,deceso_dudoso,3.0,19.27065,-99.62678,COORDENADA
TOL26072207045,2026-07-22,19:57:00,19,vespertina (14-22),TOLUCA,VALLE TOLUCA,PERSONA AGRESIVA,rina,1.5,19.30508,-99.59309,COORDENADA
TOL26072207050,2026-07-22,19:57:00,19,vespertina (14-22),SAN FELIPE DEL PROGRESO,VALLE DE BRAVO,PERSONA AGRESIVA,rina,1.5,19.610128,-99.904672,COORDENADA
TOL26072207089,2026-07-22,20:06:00,20,vespertina (14-22),CHAPULTEPEC,VALLE TOLUCA,ROBO DE MOTOCICLETA CON VIOLENCIA,robo_violento,2.0,19.207171,-99.551231,COORDENADA
TOL26072207105,2026-07-22,20:08:00,20,vespertina (14-22),NAUCALPAN,METROPOLITANA,VIOLENCIA CONTRA LAS MUJERES,violencia_genero,2.0,19.44112,-99.29099,COORDENADA
TOL26072207186,2026-07-22,20:17:00,20,vespertina (14-22),ALMOLOYA,VALLE TOLUCA,VIOLENCIA FAMILIAR,violencia_genero,2.0,19.385267,-99.881652,COORDENADA
TOL26072207293,2026-07-22,20:29:00,20,vespertina (14-22),CALIMAYA,IXTAPAN,PERSONA AGRESIVA,rina,1.5,19.192803,-99.585436,COORDENADA
TOL26072207311,2026-07-22,20:31:00,20,vespertina (14-22),ZINACANTEPEC,VALLE TOLUCA,PERSONA AGRESIVA,rina,1.5,19.24621,-99.75748,COORDENADA
TOL26072207396,2026-07-22,20:41:00,20,vespertina (14-22),IXTLAHUACA,ATLACOMULCO,VIOLENCIA FAMILIAR,violencia_genero,2.0,19.591776,-99.780315,COORDENADA
TOL26072207407,2026-07-22,20:43:00,20,vespertina (14-22),TOLUCA,VALLE TOLUCA,PERSONA AGRESIVA,rina,1.5,19.27393,-99.65248,COORDENADA
TOL26072207436,2026-07-22,20:46:00,20,vespertina (14-22),METEPEC,VALLE TOLUCA,PERSONA AGRESIVA,rina,1.5,19.28614,-99.59435,COORDENADA
TOL26072207489,2026-07-22,20:51:00,20,vespertina (14-22),ZINACANTEPEC,VALLE TOLUCA,DETONACION POR ARMA DE FUEGO,arma_fuego,4.0,19.30097,-99.73032,COORDENADA
TOL26072207500,2026-07-22,20:52:00,20,vespertina (14-22),TOLUCA,VALLE TOLUCA,VIOLENCIA CONTRA LAS MUJERES,violencia_genero,2.0,19.344595,-99.64724,COORDENADA
TOL26072207565,2026-07-22,20:59:00,20,vespertina (14-22),TOLUCA,VALLE TOLUCA,VIOLENCIA CONTRA LAS MUJERES,violencia_genero,2.0,19.30458,-99.59733,COORDENADA
TOL26072207582,2026-07-22,21:01:00,21,vespertina (14-22),XALATLACO,VALLE TOLUCA,ALTERACION DEL ORDEN PUBLICO POR PERSONA ALCOHOLIZADA,rina,1.5,19.184187,-99.417692,COORDENADA
TOL26072207619,2026-07-22,21:05:00,21,vespertina (14-22),MALINALCO,IXTAPAN,PORTACION DE ARMA BLANCA,arma_blanca,2.0,18.9427,-99.5012,COORDENADA
TOL26072207628,2026-07-22,21:05:00,21,vespertina (14-22),TOLUCA,VALLE TOLUCA,VIOLENCIA CONTRA LAS MUJERES,violencia_genero,2.0,19.44558,-99.66035,COORDENADA
TOL26072207649,2026-07-22,21:08:00,21,vespertina (14-22),NAUCALPAN,METROPOLITANA,ROBO DE MOTOCICLETA CON VIOLENCIA,robo_violento,2.0,19.49682,-99.28016,COORDENADA
TOL26072207679,2026-07-22,21:12:00,21,vespertina (14-22),NAUCALPAN,METROPOLITANA,PORTACION DE ARMA BLANCA,arma_blanca,2.0,19.4496,-99.25884,COORDENADA
TOL26072207683,2026-07-22,21:13:00,21,vespertina (14-22),TENANGO DEL VALLE,IXTAPAN,PERSONA NO LOCALIZADA O DESAPARECIDA,desaparicion,3.0,19.111223,-99.648774,COORDENADA
TOL26072207704,2026-07-22,21:16:00,21,vespertina (14-22),CALIMAYA,IXTAPAN,VIOLENCIA CONTRA LAS MUJERES,violencia_genero,2.0,19.192803,-99.585436,COORDENADA
TOL26072207878,2026-07-22,21:44:00,21,vespertina (14-22),NAUCALPAN,METROPOLITANA,ROBO A TRANSEUNTE CON VIOLENCIA,robo_violento,2.0,19.4404,-99.26985,COORDENADA
TOL26072207882,2026-07-22,21:45:00,21,vespertina (14-22),NAUCALPAN,METROPOLITANA,ROBO A TRANSEUNTE CON VIOLENCIA,robo_violento,2.0,19.440432,-99.269735,COORDENADA
TOL26072207893,2026-07-22,21:46:00,21,vespertina (14-22),SAN ANTONIO LA ISLA,SIN CATALOGAR,RIÑA,rina,1.5,19.158416,-99.569577,COORDENADA
TOL26072207934,2026-07-22,21:52:00,21,vespertina (14-22),TOLUCA,VALLE TOLUCA,RIÑA,rina,1.5,19.28523,-99.66256,COORDENADA
TOL26072207944,2026-07-22,21:53:00,21,vespertina (14-22),TOLUCA,VALLE TOLUCA,ALTERACION DEL ORDEN PUBLICO POR PERSONA ALCOHOLIZADA,rina,1.5,19.280545,-99.62339,COORDENADA
TOL26072207987,2026-07-22,21:58:00,21,vespertina (14-22),IXTLAHUACA,ATLACOMULCO,PERSONA AGRESIVA,rina,1.5,,,MEDIA
TOL26072208003,2026-07-22,22:00:00,22,nocturna (22-06),NAUCALPAN,METROPOLITANA,PERSONA TIRADA EN VIA PUBLICA,deceso_dudoso,3.0,19.43479,-99.276801,COORDENADA
TOL26072208038,2026-07-22,22:06:00,22,nocturna (22-06),IXTLAHUACA,ATLACOMULCO,ROBO A TRANSEUNTE CON VIOLENCIA,robo_violento,2.0,19.633129,-99.727774,COORDENADA
TOL26072208058,2026-07-22,22:11:00,22,nocturna (22-06),TOLUCA,VALLE TOLUCA,PORTACION DE ARMA BLANCA,arma_blanca,2.0,19.31264,-99.577205,COORDENADA
TOL26072208070,2026-07-22,22:12:00,22,nocturna (22-06),TOLUCA,VALLE TOLUCA,VIOLENCIA CONTRA LAS MUJERES,violencia_genero,2.0,19.277785,-99.67612,COORDENADA
TOL26072208080,2026-07-22,22:15:00,22,nocturna (22-06),ATLACOMULCO,ATLACOMULCO,ALTERACION DEL ORDEN PUBLICO POR PERSONA ALCOHOLIZADA,rina,1.5,19.79867,-99.87382,COORDENADA
TOL26072208081,2026-07-22,22:15:00,22,nocturna (22-06),NAUCALPAN,METROPOLITANA,VIOLENCIA CONTRA LAS MUJERES,violencia_genero,2.0,19.448436,-99.252208,COORDENADA
TOL26072208082,2026-07-22,22:15:00,22,nocturna (22-06),CAPULHUAC,SIN CATALOGAR,PERSONA AGRESIVA,rina,1.5,19.220663,-99.461253,COORDENADA
TOL26072208097,2026-07-22,22:20:00,22,nocturna (22-06),TOLUCA,VALLE TOLUCA,VIOLENCIA CONTRA LAS MUJERES,violencia_genero,2.0,19.27782,-99.67529,COORDENADA
TOL26072208125,2026-07-22,22:23:00,22,nocturna (22-06),SOYANIQUILPAN,ATLACOMULCO,ROBO A TRANSEUNTE CON VIOLENCIA,robo_violento,2.0,20.016673,-99.528811,COORDENADA
TOL26072208143,2026-07-22,22:25:00,22,nocturna (22-06),ZINACANTEPEC,VALLE TOLUCA,PORTACION DE ARMAS DE FUEGO O CARTUCHOS,arma_fuego,3.0,19.273293,-99.736391,COORDENADA
TOL26072208161,2026-07-22,22:28:00,22,nocturna (22-06),TENANCINGO,IXTAPAN,PERSONA LESIONADA POR ARMA BLANCA,arma_blanca,3.0,18.964039,-99.58119,COORDENADA
TOL26072208178,2026-07-22,22:32:00,22,nocturna (22-06),OTZOLOTEPEC,VALLE TOLUCA,VIOLENCIA FAMILIAR,violencia_genero,2.0,19.452424,-99.553237,COORDENADA
TOL26072208190,2026-07-22,22:35:00,22,nocturna (22-06),TOLUCA,VALLE TOLUCA,DETONACION POR ARMA DE FUEGO,arma_fuego,4.0,19.33097,-99.63659,COORDENADA
TOL26072208216,2026-07-22,22:39:00,22,nocturna (22-06),TOLUCA,VALLE TOLUCA,ALTERACION DEL ORDEN PUBLICO POR PERSONA ALCOHOLIZADA,rina,1.5,19.27934,-99.69311,COORDENADA
TOL26072208224,2026-07-22,22:41:00,22,nocturna (22-06),NAUCALPAN,METROPOLITANA,ROBO DE VEHICULO PARTICULAR CON VIOLENCIA,robo_violento,2.0,19.49674,-99.232275,COORDENADA
TOL26072208246,2026-07-22,22:44:00,22,nocturna (22-06),TOLUCA,VALLE TOLUCA,PERSONA AGRESIVA,rina,1.5,19.28018,-99.67034,COORDENADA
TOL26072208287,2026-07-22,22:52:00,22,nocturna (22-06),TOLUCA,VALLE TOLUCA,VIOLENCIA FAMILIAR,violencia_genero,2.0,19.32728,-99.6246,COORDENADA
TOL26072208340,2026-07-22,23:00:00,23,nocturna (22-06),SAN MATEO ATENCO,VALLE TOLUCA,PERSONA NO LOCALIZADA O DESAPARECIDA,desaparicion,3.0,19.27711,-99.56075,COORDENADA
TOL26072208341,2026-07-22,23:00:00,23,nocturna (22-06),METEPEC,VALLE TOLUCA,VIOLENCIA FAMILIAR,violencia_genero,2.0,19.247354,-99.551623,COORDENADA
TOL26072208354,2026-07-22,23:02:00,23,nocturna (22-06),ATLACOMULCO,ATLACOMULCO,VIOLENCIA FAMILIAR,violencia_genero,2.0,19.82028,-99.90931,COORDENADA
TOL26072208419,2026-07-22,23:14:00,23,nocturna (22-06),NAUCALPAN,METROPOLITANA,ALTERACION DEL ORDEN PUBLICO POR PERSONA ALCOHOLIZADA,rina,1.5,19.437523,-99.24784,COORDENADA
TOL26072208445,2026-07-22,23:17:00,23,nocturna (22-06),TENANGO DEL VALLE,IXTAPAN,ALTERACION DEL ORDEN PUBLICO POR PERSONA ALCOHOLIZADA,rina,1.5,19.106358,-99.653405,COORDENADA
TOL26072208477,2026-07-22,23:23:00,23,nocturna (22-06),NAUCALPAN,METROPOLITANA,PERSONA NO LOCALIZADA O DESAPARECIDA,desaparicion,3.0,19.490085,-99.281685,COORDENADA
TOL26072208514,2026-07-22,23:30:00,23,nocturna (22-06),TOLUCA,VALLE TOLUCA,VIOLENCIA CONTRA LAS MUJERES,violencia_genero,2.0,19.285205,-99.662544,COORDENADA
TOL26072208539,2026-07-22,23:35:00,23,nocturna (22-06),METEPEC,VALLE TOLUCA,PERSONA AGRESIVA,rina,1.5,19.26681,-99.59726,COORDENADA
TOL26072208566,2026-07-22,23:39:00,23,nocturna (22-06),METEPEC,VALLE TOLUCA,ROBO A TRANSEUNTE CON VIOLENCIA,robo_violento,2.0,19.26376,-99.594695,COORDENADA
TOL26072208574,2026-07-22,23:40:00,23,nocturna (22-06),MALINALCO,IXTAPAN,DETONACION POR ARMA DE FUEGO,arma_fuego,4.0,,,MEDIA
TOL26072208586,2026-07-22,23:42:00,23,nocturna (22-06),TOLUCA,VALLE TOLUCA,ROBO A TRANSEUNTE CON VIOLENCIA,robo_violento,2.0,19.30996,-99.624065,COORDENADA
TOL26072208603,2026-07-22,23:44:00,23,nocturna (22-06),OCOYOACAC,VALLE TOLUCA,ALTERACION DEL ORDEN PUBLICO POR PERSONA ALCOHOLIZADA,rina,1.5,19.26537,-99.45742,COORDENADA
ECA26072205326,2026-07-22,15:03:00,15,vespertina (14-22),CHALCO,CHALCO,PERSONA AGRESIVA,rina,1.5,19.262595,-98.89674,COORDENADA
ECA26072205330,2026-07-22,15:05:00,15,vespertina (14-22),ECATEPEC,ECATEPEC,RIÑA,rina,1.5,19.535135,-99.018035,COORDENADA
ECA26072205387,2026-07-22,15:10:00,15,vespertina (14-22),LA PAZ,ORIENTE,VIOLENCIA CONTRA LAS MUJERES,violencia_genero,2.0,19.382255,-98.93676,COORDENADA
ECA26072205393,2026-07-22,15:11:00,15,vespertina (14-22),ECATEPEC,ECATEPEC,VIOLENCIA CONTRA LAS MUJERES,violencia_genero,2.0,19.52386,-99.061415,COORDENADA
ECA26072205400,2026-07-22,15:11:00,15,vespertina (14-22),CHICOLOAPAN,SIN CATALOGAR,PERSONA AGRESIVA,rina,1.5,19.40824,-98.88268,COORDENADA
ECA26072205420,2026-07-22,15:13:00,15,vespertina (14-22),CHIMALHUACAN,ORIENTE,VIOLENCIA CONTRA LAS MUJERES,violencia_genero,2.0,19.439255,-98.95544,COORDENADA
ECA26072205440,2026-07-22,15:16:00,15,vespertina (14-22),TULTITLAN,METROPOLITANA,VIOLENCIA CONTRA LAS MUJERES,violencia_genero,2.0,19.665215,-99.094465,COORDENADA
ECA26072205500,2026-07-22,15:22:00,15,vespertina (14-22),ECATEPEC,ECATEPEC,PERSONA AGRESIVA,rina,1.5,19.553385,-99.075095,COORDENADA
ECA26072205511,2026-07-22,15:23:00,15,vespertina (14-22),CHIMALHUACAN,ORIENTE,PERSONA AGRESIVA,rina,1.5,19.422275,-98.977965,COORDENADA
ECA26072205516,2026-07-22,15:24:00,15,vespertina (14-22),NICOLAS ROMERO,METROPOLITANA,VIOLENCIA CONTRA LAS MUJERES,violencia_genero,2.0,19.64203,-99.30979,COORDENADA
ECA26072205518,2026-07-22,15:24:00,15,vespertina (14-22),HUEHUETOCA,ECATEPEC,PERSONA AGRESIVA,rina,1.5,19.885018,-99.203253,COORDENADA
ECA26072205541,2026-07-22,15:27:00,15,vespertina (14-22),ECATEPEC,ECATEPEC,PERSONA AGRESIVA,rina,1.5,19.508935,-99.059445,COORDENADA
ECA26072205549,2026-07-22,15:28:00,15,vespertina (14-22),ECATEPEC,ECATEPEC,VIOLENCIA FAMILIAR,violencia_genero,2.0,19.64298,-99.001505,COORDENADA
ECA26072205558,2026-07-22,15:29:00,15,vespertina (14-22),CHICOLOAPAN,SIN CATALOGAR,VIOLENCIA DE PAREJA,violencia_genero,2.0,19.412165,-98.90422,COORDENADA
ECA26072205580,2026-07-22,15:32:00,15,vespertina (14-22),VALLE DE CHALCO,CHALCO,ROBO A TRANSEUNTE CON VIOLENCIA,robo_violento,2.0,19.26825,-98.958405,COORDENADA
ECA26072205588,2026-07-22,15:33:00,15,vespertina (14-22),VALLE DE CHALCO,CHALCO,ROBO A TRANSEUNTE CON VIOLENCIA,robo_violento,2.0,19.26825,-98.958405,COORDENADA
ECA26072205589,2026-07-22,15:33:00,15,vespertina (14-22),TULTITLAN,METROPOLITANA,PERSONA AGRESIVA,rina,1.5,19.663925,-99.080435,COORDENADA
ECA26072205599,2026-07-22,15:35:00,15,vespertina (14-22),VALLE DE CHALCO,CHALCO,ROBO A TRANSEUNTE CON VIOLENCIA,robo_violento,2.0,19.26825,-98.958405,COORDENADA
ECA26072205623,2026-07-22,15:38:00,15,vespertina (14-22),CUAUTITLAN IZCALLI,METROPOLITANA,PERSONA AGRESIVA,rina,1.5,19.65523,-99.21083,COORDENADA
ECA26072205713,2026-07-22,15:53:00,15,vespertina (14-22),IXTLAHUACA,ATLACOMULCO,PERSONA AGRESIVA,rina,1.5,19.585273,-99.752889,COORDENADA
ECA26072205798,2026-07-22,16:04:00,16,vespertina (14-22),CHICOLOAPAN,SIN CATALOGAR,VIOLENCIA CONTRA LAS MUJERES,violencia_genero,2.0,,,MEDIA
ECA26072205828,2026-07-22,16:06:00,16,vespertina (14-22),IXTAPALUCA,CHALCO,ALTERACION DEL ORDEN PUBLICO POR PERSONA ALCOHOLIZADA,rina,1.5,19.33645,-98.91746,COORDENADA
ECA26072205835,2026-07-22,16:07:00,16,vespertina (14-22),ZUMPANGO,ECATEPEC,VIOLENCIA CONTRA LAS MUJERES,violencia_genero,2.0,,,ALTA
ECA26072205857,2026-07-22,16:09:00,16,vespertina (14-22),NICOLAS ROMERO,METROPOLITANA,PERSONA AGRESIVA,rina,1.5,19.611242,-99.3006,COORDENADA
ECA26072205870,2026-07-22,16:11:00,16,vespertina (14-22),CUAUTITLAN IZCALLI,METROPOLITANA,ALTERACION DEL ORDEN PUBLICO POR PERSONA ALCOHOLIZADA,rina,1.5,19.683195,-99.214765,COORDENADA
ECA26072205894,2026-07-22,16:13:00,16,vespertina (14-22),ECATEPEC,ECATEPEC,PERSONA AGRESIVA,rina,1.5,19.51623,-99.03222,COORDENADA
ECA26072205929,2026-07-22,16:16:00,16,vespertina (14-22),TLALNEPANTLA,METROPOLITANA,ROBO DE VEHICULO PARTICULAR CON VIOLENCIA,robo_violento,2.0,19.52333,-99.231565,COORDENADA
ECA26072205940,2026-07-22,16:17:00,16,vespertina (14-22),HUEHUETOCA,ECATEPEC,ALTERACION DEL ORDEN PUBLICO POR PERSONA DROGADA,rina,1.5,19.846515,-99.206472,COORDENADA
ECA26072205990,2026-07-22,16:22:00,16,vespertina (14-22),COACALCO DE BERRIOZABAL,ECATEPEC,VIOLENCIA DE PAREJA,violencia_genero,2.0,19.6558,-99.08583,COORDENADA
ECA26072206007,2026-07-22,16:24:00,16,vespertina (14-22),ECATEPEC,ECATEPEC,ROBO A NEGOCIO CON VIOLENCIA,robo_violento,2.0,19.57764,-99.058985,COORDENADA
ECA26072206019,2026-07-22,16:26:00,16,vespertina (14-22),ECATEPEC,ECATEPEC,PERSONA AGRESIVA,rina,1.5,19.544825,-99.017525,COORDENADA
ECA26072206036,2026-07-22,16:28:00,16,vespertina (14-22),VALLE DE CHALCO,CHALCO,PERSONA AGRESIVA,rina,1.5,19.279905,-98.92129,COORDENADA
ECA26072206045,2026-07-22,16:29:00,16,vespertina (14-22),TECAMAC,ECATEPEC,TENTATIVA DE SUICIDIO,deceso_dudoso,3.0,19.64507,-99.0178,COORDENADA
ECA26072206050,2026-07-22,16:29:00,16,vespertina (14-22),TLALNEPANTLA,METROPOLITANA,DETONACION POR ARMA DE FUEGO,arma_fuego,4.0,19.51961,-99.193235,COORDENADA
ECA26072206060,2026-07-22,16:30:00,16,vespertina (14-22),COACALCO DE BERRIOZABAL,ECATEPEC,VIOLENCIA CONTRA LAS MUJERES,violencia_genero,2.0,19.635305,-99.09689,COORDENADA
ECA26072206100,2026-07-22,16:34:00,16,vespertina (14-22),COACALCO DE BERRIOZABAL,ECATEPEC,VIOLENCIA CONTRA LAS MUJERES,violencia_genero,2.0,19.63177,-99.09524,COORDENADA
ECA26072206154,2026-07-22,16:39:00,16,vespertina (14-22),CUAUTITLAN,METROPOLITANA,EXTORSION TELEFONICA,alta_incidencia,4.0,19.66218,-99.1533,COORDENADA
ECA26072206156,2026-07-22,16:39:00,16,vespertina (14-22),NEZAHUALCOYOTL,ORIENTE,PERSONA AGRESIVA,rina,1.5,19.4152,-99.0039,COORDENADA
ECA26072206160,2026-07-22,16:39:00,16,vespertina (14-22),TEXCOCO,ORIENTE,ALTERACION DEL ORDEN PUBLICO POR PERSONA ALCOHOLIZADA,rina,1.5,19.44809,-98.883285,COORDENADA
ECA26072206172,2026-07-22,16:41:00,16,vespertina (14-22),CHICOLOAPAN,SIN CATALOGAR,ROBO DE MOTOCICLETA CON VIOLENCIA,robo_violento,2.0,19.42137,-99.02672,COORDENADA
ECA26072206227,2026-07-22,16:49:00,16,vespertina (14-22),SAN MARTIN DE LAS PIRAMIDES,ORIENTE,VIOLENCIA CONTRA LAS MUJERES,violencia_genero,2.0,19.71292,-98.78765,COORDENADA
ECA26072206243,2026-07-22,16:51:00,16,vespertina (14-22),CUAUTITLAN IZCALLI,METROPOLITANA,RIÑA,rina,1.5,19.65523,-99.21083,COORDENADA
ECA26072206245,2026-07-22,16:51:00,16,vespertina (14-22),TECAMAC,ECATEPEC,ROBO A NEGOCIO CON VIOLENCIA,robo_violento,2.0,19.622015,-99.040695,COORDENADA
ECA26072206272,2026-07-22,16:53:00,16,vespertina (14-22),CUAUTITLAN,METROPOLITANA,RIÑA,rina,1.5,19.67494,-99.15467,COORDENADA
ECA26072206283,2026-07-22,16:55:00,16,vespertina (14-22),COACALCO DE BERRIOZABAL,ECATEPEC,VIOLENCIA CONTRA LAS MUJERES,violencia_genero,2.0,19.63621,-99.12452,COORDENADA
ECA26072206295,2026-07-22,16:56:00,16,vespertina (14-22),TULTITLAN,METROPOLITANA,PORTACION DE ARMAS DE FUEGO O CARTUCHOS,arma_fuego,3.0,19.632145,-99.14125,COORDENADA
ECA26072206338,2026-07-22,17:00:00,17,vespertina (14-22),TEOLOYUCAN,SIN CATALOGAR,PERSONA TIRADA EN LA VIA PUBLICA CON HUELLAS DE VIOLENCIA,letal,5.0,19.75827,-99.157745,COORDENADA
ECA26072206354,2026-07-22,17:02:00,17,vespertina (14-22),NICOLAS ROMERO,METROPOLITANA,PERSONA NO LOCALIZADA O DESAPARECIDA,desaparicion,3.0,19.611242,-99.3006,COORDENADA
ECA26072206493,2026-07-22,17:22:00,17,vespertina (14-22),ECATEPEC,ECATEPEC,ALTERACION DEL ORDEN PUBLICO POR PERSONA DROGADA,rina,1.5,19.61048,-99.05533,COORDENADA
ECA26072206514,2026-07-22,17:25:00,17,vespertina (14-22),ZUMPANGO,ECATEPEC,PERSONA AGRESIVA,rina,1.5,19.780135,-99.06175,COORDENADA
ECA26072206562,2026-07-22,17:32:00,17,vespertina (14-22),NOPALTEPEC,SIN CATALOGAR,ROBO DE VEHICULO PARTICULAR CON VIOLENCIA,robo_violento,2.0,19.803661,-98.699042,COORDENADA
ECA26072206602,2026-07-22,17:39:00,17,vespertina (14-22),TEOLOYUCAN,SIN CATALOGAR,ALTERACION DEL ORDEN PUBLICO POR PERSONA ALCOHOLIZADA,rina,1.5,19.74061,-99.17018,COORDENADA
ECA26072206621,2026-07-22,17:42:00,17,vespertina (14-22),ZUMPANGO,ECATEPEC,PERSONA AGRESIVA,rina,1.5,19.81376,-99.10991,COORDENADA
ECA26072206662,2026-07-22,17:46:00,17,vespertina (14-22),ECATEPEC,ECATEPEC,ALTERACION DEL ORDEN PUBLICO POR PERSONA DROGADA,rina,1.5,19.61048,-99.05533,COORDENADA
ECA26072206678,2026-07-22,17:48:00,17,vespertina (14-22),TEOLOYUCAN,SIN CATALOGAR,PERSONA TIRADA EN VIA PUBLICA,deceso_dudoso,3.0,19.74691,-99.168775,COORDENADA
ECA26072206732,2026-07-22,17:54:00,17,vespertina (14-22),TECAMAC,ECATEPEC,RIÑA,rina,1.5,19.766405,-98.964295,COORDENADA
ECA26072206763,2026-07-22,17:57:00,17,vespertina (14-22),CUAUTITLAN IZCALLI,METROPOLITANA,PERSONA AGRESIVA,rina,1.5,19.65523,-99.21083,COORDENADA
ECA26072206801,2026-07-22,18:00:00,18,vespertina (14-22),CHALCO,CHALCO,PERSONA AGRESIVA,rina,1.5,19.2597,-98.85866,COORDENADA
ECA26072206805,2026-07-22,18:00:00,18,vespertina (14-22),TEXCOCO,ORIENTE,PERSONA AGRESIVA,rina,1.5,19.511765,-98.85996,COORDENADA
ECA26072206806,2026-07-22,18:01:00,18,vespertina (14-22),TULTITLAN,METROPOLITANA,VIOLENCIA FAMILIAR,violencia_genero,2.0,19.61414,-99.185185,COORDENADA
ECA26072206834,2026-07-22,18:04:00,18,vespertina (14-22),ATIZAPAN,METROPOLITANA,DETONACION POR ARMA DE FUEGO,arma_fuego,4.0,19.59299,-99.228345,COORDENADA
ECA26072206863,2026-07-22,18:07:00,18,vespertina (14-22),NICOLAS ROMERO,METROPOLITANA,PERSONA AGRESIVA,rina,1.5,19.611242,-99.3006,COORDENADA
ECA26072206872,2026-07-22,18:10:00,18,vespertina (14-22),ECATEPEC,ECATEPEC,VIOLENCIA CONTRA LAS MUJERES,violencia_genero,2.0,19.597555,-99.029795,COORDENADA
ECA26072206924,2026-07-22,18:18:00,18,vespertina (14-22),LA PAZ,ORIENTE,ROBO A TRANSEUNTE CON VIOLENCIA,robo_violento,2.0,19.365475,-98.97206,COORDENADA
ECA26072206947,2026-07-22,18:20:00,18,vespertina (14-22),ATIZAPAN,METROPOLITANA,RIÑA,rina,1.5,19.561295,-99.266495,COORDENADA
ECA26072206959,2026-07-22,18:22:00,18,vespertina (14-22),TULTITLAN,METROPOLITANA,EXTORSION TELEFONICA,alta_incidencia,4.0,19.62533,-99.13515,COORDENADA
ECA26072206964,2026-07-22,18:22:00,18,vespertina (14-22),SAN MARTIN DE LAS PIRAMIDES,ORIENTE,PERSONA AGRESIVA,rina,1.5,19.71796,-98.855205,COORDENADA
ECA26072206979,2026-07-22,18:23:00,18,vespertina (14-22),TLALNEPANTLA,METROPOLITANA,VIOLENCIA CONTRA LAS MUJERES,violencia_genero,2.0,19.539185,-99.199485,COORDENADA
ECA26072207075,2026-07-22,18:32:00,18,vespertina (14-22),CUAUTITLAN IZCALLI,METROPOLITANA,DETONACION POR ARMA DE FUEGO,arma_fuego,4.0,19.680215,-99.223165,COORDENADA
ECA26072207110,2026-07-22,18:34:00,18,vespertina (14-22),NEZAHUALCOYOTL,ORIENTE,PERSONA AGRESIVA,rina,1.5,19.41392,-99.04192,COORDENADA
ECA26072207113,2026-07-22,18:35:00,18,vespertina (14-22),TLALNEPANTLA,METROPOLITANA,PERSONA AGRESIVA,rina,1.5,19.539185,-99.199485,COORDENADA
ECA26072207117,2026-07-22,18:35:00,18,vespertina (14-22),ZUMPANGO,ECATEPEC,DETONACION POR ARMA DE FUEGO,arma_fuego,4.0,19.791577,-99.431944,COORDENADA
ECA26072207171,2026-07-22,18:41:00,18,vespertina (14-22),CHIMALHUACAN,ORIENTE,VIOLENCIA CONTRA LAS MUJERES,violencia_genero,2.0,,,ALTA
ECA26072207257,2026-07-22,18:51:00,18,vespertina (14-22),TULTITLAN,METROPOLITANA,ALTERACION DEL ORDEN PUBLICO POR PERSONA DROGADA,rina,1.5,19.665215,-99.094465,COORDENADA
ECA26072207261,2026-07-22,18:51:00,18,vespertina (14-22),TULTITLAN,METROPOLITANA,VIOLENCIA FAMILIAR,violencia_genero,2.0,19.634065,-99.130745,COORDENADA
ECA26072207266,2026-07-22,18:52:00,18,vespertina (14-22),LA PAZ,ORIENTE,ROBO A NEGOCIO CON VIOLENCIA,robo_violento,2.0,19.35604,-98.974235,COORDENADA
ECA26072207326,2026-07-22,18:56:00,18,vespertina (14-22),ECATEPEC,ECATEPEC,RIÑA,rina,1.5,19.529175,-99.045595,COORDENADA
ECA26072207352,2026-07-22,18:58:00,18,vespertina (14-22),ZUMPANGO,ECATEPEC,RIÑA,rina,1.5,19.780135,-99.06175,COORDENADA
ECA26072207409,2026-07-22,19:04:00,19,vespertina (14-22),CHALCO,CHALCO,ROBO DE MOTOCICLETA CON VIOLENCIA,robo_violento,2.0,19.273235,-98.913275,COORDENADA
ECA26072207411,2026-07-22,19:04:00,19,vespertina (14-22),ECATEPEC,ECATEPEC,PERSONA AGRESIVA,rina,1.5,19.62323,-99.0659,COORDENADA
ECA26072207438,2026-07-22,19:07:00,19,vespertina (14-22),TULTITLAN,METROPOLITANA,VIOLENCIA CONTRA LAS MUJERES,violencia_genero,2.0,19.60545,-99.16631,COORDENADA
ECA26072207460,2026-07-22,19:12:00,19,vespertina (14-22),TLALMANALCO,CHALCO,PERSONA AGRESIVA,rina,1.5,19.20375,-98.75718,COORDENADA
ECA26072207491,2026-07-22,19:14:00,19,vespertina (14-22),ECATEPEC,ECATEPEC,DETONACION POR ARMA DE FUEGO,arma_fuego,4.0,19.64298,-99.001505,COORDENADA
ECA26072207516,2026-07-22,19:18:00,19,vespertina (14-22),CUAUTITLAN IZCALLI,METROPOLITANA,PERSONA NO LOCALIZADA O DESAPARECIDA,desaparicion,3.0,19.65523,-99.21083,COORDENADA
ECA26072207535,2026-07-22,19:20:00,19,vespertina (14-22),NICOLAS ROMERO,METROPOLITANA,ROBO A TRANSEUNTE CON VIOLENCIA,robo_violento,2.0,19.608385,-99.283165,COORDENADA
ECA26072207541,2026-07-22,19:21:00,19,vespertina (14-22),ECATEPEC,ECATEPEC,ALTERACION DEL ORDEN PUBLICO POR PERSONA DROGADA,rina,1.5,19.61048,-99.05533,COORDENADA
ECA26072207559,2026-07-22,19:22:00,19,vespertina (14-22),CHIMALHUACAN,ORIENTE,ALTERACION DEL ORDEN PUBLICO POR PERSONA ALCOHOLIZADA,rina,1.5,19.448525,-98.96812,COORDENADA
ECA26072207609,2026-07-22,19:31:00,19,vespertina (14-22),TLALNEPANTLA,METROPOLITANA,PERSONA AGRESIVA,rina,1.5,19.529765,-99.22266,COORDENADA
ECA26072207630,2026-07-22,19:33:00,19,vespertina (14-22),TEOTIHUACAN,ORIENTE,ROBO DE VEHICULO PARTICULAR CON VIOLENCIA,robo_violento,2.0,19.69002,-98.83588,COORDENADA
ECA26072207639,2026-07-22,19:34:00,19,vespertina (14-22),CUAUTITLAN IZCALLI,METROPOLITANA,PERSONA AGRESIVA,rina,1.5,19.67596,-99.20338,COORDENADA
ECA26072207654,2026-07-22,19:35:00,19,vespertina (14-22),TECAMAC,ECATEPEC,VIOLENCIA CONTRA LAS MUJERES,violencia_genero,2.0,19.77152,-98.99132,COORDENADA
ECA26072207657,2026-07-22,19:36:00,19,vespertina (14-22),TECAMAC,ECATEPEC,VIOLENCIA FAMILIAR,violencia_genero,2.0,19.78417,-98.9825,COORDENADA
ECA26072207681,2026-07-22,19:39:00,19,vespertina (14-22),ECATEPEC,ECATEPEC,RIÑA,rina,1.5,19.49575,-99.03723,COORDENADA
ECA26072207708,2026-07-22,19:42:00,19,vespertina (14-22),TEZOYUCA,ORIENTE,DETONACION POR ARMA DE FUEGO,arma_fuego,4.0,19.602166,-98.959152,COORDENADA
ECA26072207716,2026-07-22,19:43:00,19,vespertina (14-22),IXTAPALUCA,CHALCO,PERSONA AGRESIVA,rina,1.5,19.300535,-98.906195,COORDENADA
ECA26072207747,2026-07-22,19:46:00,19,vespertina (14-22),CHIMALHUACAN,ORIENTE,PERSONA AGRESIVA,rina,1.5,19.41155,-98.92691,COORDENADA
ECA26072207757,2026-07-22,19:47:00,19,vespertina (14-22),ACOLMAN,ECATEPEC,PORTACION DE ARMAS DE FUEGO O CARTUCHOS,arma_fuego,3.0,19.62813,-98.88645,COORDENADA
ECA26072207768,2026-07-22,19:49:00,19,vespertina (14-22),HUEHUETOCA,ECATEPEC,PERSONA AGRESIVA,rina,1.5,19.820205,-99.184148,COORDENADA
ECA26072207785,2026-07-22,19:56:00,19,vespertina (14-22),ATIZAPAN,METROPOLITANA,ROBO A TRANSEUNTE CON VIOLENCIA,robo_violento,2.0,19.56575,-99.25772,COORDENADA
ECA26072207814,2026-07-22,20:02:00,20,vespertina (14-22),HUEHUETOCA,ECATEPEC,VIOLENCIA DE PAREJA,violencia_genero,2.0,19.885052,-99.209852,COORDENADA
ECA26072207815,2026-07-22,20:03:00,20,vespertina (14-22),ZUMPANGO,ECATEPEC,PERSONA NO LOCALIZADA O DESAPARECIDA,desaparicion,3.0,,,ALTA
ECA26072207828,2026-07-22,20:05:00,20,vespertina (14-22),CHIMALHUACAN,ORIENTE,TENTATIVA DE SUICIDIO,deceso_dudoso,3.0,19.417556,-98.98537,COORDENADA
ECA26072207848,2026-07-22,20:08:00,20,vespertina (14-22),TONANITLA,ECATEPEC,VIOLENCIA FAMILIAR,violencia_genero,2.0,,,MEDIA
ECA26072207873,2026-07-22,20:12:00,20,vespertina (14-22),CUAUTITLAN IZCALLI,METROPOLITANA,ROBO A NEGOCIO CON VIOLENCIA,robo_violento,2.0,19.65523,-99.21083,COORDENADA
ECA26072207895,2026-07-22,20:14:00,20,vespertina (14-22),ZUMPANGO,ECATEPEC,VIOLENCIA CONTRA LAS MUJERES,violencia_genero,2.0,19.83163,-99.081725,COORDENADA
ECA26072207929,2026-07-22,20:20:00,20,vespertina (14-22),CUAUTITLAN IZCALLI,METROPOLITANA,RIÑA,rina,1.5,19.65523,-99.21083,COORDENADA
ECA26072207941,2026-07-22,20:20:00,20,vespertina (14-22),ECATEPEC,ECATEPEC,ALTERACION DEL ORDEN PUBLICO POR PERSONA ALCOHOLIZADA,rina,1.5,19.61048,-99.05533,COORDENADA
ECA26072207944,2026-07-22,20:21:00,20,vespertina (14-22),CUAUTITLAN IZCALLI,METROPOLITANA,RIÑA,rina,1.5,19.65523,-99.21083,COORDENADA
ECA26072207958,2026-07-22,20:23:00,20,vespertina (14-22),CUAUTITLAN IZCALLI,METROPOLITANA,VIOLENCIA CONTRA LAS MUJERES,violencia_genero,2.0,19.67199,-99.22173,COORDENADA
ECA26072207968,2026-07-22,20:23:00,20,vespertina (14-22),ECATEPEC,ECATEPEC,PORTACION DE ARMAS DE FUEGO O CARTUCHOS,arma_fuego,3.0,19.51558,-99.039765,COORDENADA
ECA26072208004,2026-07-22,20:27:00,20,vespertina (14-22),VALLE DE CHALCO,CHALCO,PERSONA AGRESIVA,rina,1.5,19.29072,-98.92858,COORDENADA
ECA26072208013,2026-07-22,20:28:00,20,vespertina (14-22),TULTITLAN,METROPOLITANA,RIÑA,rina,1.5,19.66759,-99.0921,COORDENADA
ECA26072208029,2026-07-22,20:31:00,20,vespertina (14-22),IXTAPALUCA,CHALCO,VIOLENCIA CONTRA LAS MUJERES,violencia_genero,2.0,19.307935,-98.861405,COORDENADA
ECA26072208056,2026-07-22,20:34:00,20,vespertina (14-22),CUAUTITLAN IZCALLI,METROPOLITANA,ROBO A TRANSEUNTE CON VIOLENCIA,robo_violento,2.0,19.64487,-99.25731,COORDENADA
ECA26072208058,2026-07-22,20:35:00,20,vespertina (14-22),ZUMPANGO,ECATEPEC,PERSONA AGRESIVA,rina,1.5,19.7965,-99.10231,COORDENADA
ECA26072208078,2026-07-22,20:38:00,20,vespertina (14-22),CUAUTITLAN IZCALLI,METROPOLITANA,PERSONA AGRESIVA,rina,1.5,19.68211,-99.17936,COORDENADA
ECA26072208087,2026-07-22,20:39:00,20,vespertina (14-22),ZUMPANGO,ECATEPEC,PERSONA AGRESIVA,rina,1.5,,,MEDIA
ECA26072208156,2026-07-22,20:47:00,20,vespertina (14-22),TULTEPEC,ECATEPEC,PORTACION DE ARMAS DE FUEGO O CARTUCHOS,arma_fuego,3.0,19.698,-99.11215,COORDENADA
ECA26072208196,2026-07-22,20:52:00,20,vespertina (14-22),CHIMALHUACAN,ORIENTE,PORTACION DE ARMA BLANCA,arma_blanca,2.0,19.38328,-98.96306,COORDENADA
ECA26072208207,2026-07-22,20:54:00,20,vespertina (14-22),COACALCO DE BERRIOZABAL,ECATEPEC,PERSONA AGRESIVA,rina,1.5,19.63111,-99.09417,COORDENADA
ECA26072208224,2026-07-22,20:56:00,20,vespertina (14-22),CHIMALHUACAN,ORIENTE,VIOLENCIA CONTRA LAS MUJERES,violencia_genero,2.0,19.44076,-98.95088,COORDENADA
ECA26072208229,2026-07-22,20:56:00,20,vespertina (14-22),CHICOLOAPAN,SIN CATALOGAR,PORTACION DE ARMA BLANCA,arma_blanca,2.0,19.41759,-98.88158,COORDENADA
ECA26072208250,2026-07-22,20:58:00,20,vespertina (14-22),ECATEPEC,ECATEPEC,VIOLENCIA CONTRA LAS MUJERES,violencia_genero,2.0,19.527755,-99.024335,COORDENADA
ECA26072208251,2026-07-22,20:58:00,20,vespertina (14-22),IXTAPALUCA,CHALCO,PERSONA AGRESIVA,rina,1.5,,,MEDIA
ECA26072208256,2026-07-22,20:59:00,20,vespertina (14-22),ATIZAPAN,METROPOLITANA,ALTERACION DEL ORDEN PUBLICO POR PERSONA ALCOHOLIZADA,rina,1.5,19.59095,-99.249385,COORDENADA
ECA26072208263,2026-07-22,21:00:00,21,vespertina (14-22),ECATEPEC,ECATEPEC,RIÑA,rina,1.5,19.52817,-99.02397,COORDENADA
ECA26072208287,2026-07-22,21:04:00,21,vespertina (14-22),CHICOLOAPAN,SIN CATALOGAR,ROBO DE MOTOCICLETA CON VIOLENCIA,robo_violento,2.0,19.554735,-99.03746,COORDENADA
ECA26072208304,2026-07-22,21:07:00,21,vespertina (14-22),TEXCOCO,ORIENTE,VIOLENCIA CONTRA LAS MUJERES,violencia_genero,2.0,19.521085,-98.89999,COORDENADA
ECA26072208327,2026-07-22,21:10:00,21,vespertina (14-22),VALLE DE CHALCO,CHALCO,DETONACION POR ARMA DE FUEGO,arma_fuego,4.0,19.283635,-98.953855,COORDENADA
ECA26072208358,2026-07-22,21:14:00,21,vespertina (14-22),TEOLOYUCAN,SIN CATALOGAR,ALTERACION DEL ORDEN PUBLICO POR PERSONA ALCOHOLIZADA,rina,1.5,19.74039,-99.184595,COORDENADA
ECA26072208360,2026-07-22,21:14:00,21,vespertina (14-22),VALLE DE CHALCO,CHALCO,DETONACION POR ARMA DE FUEGO,arma_fuego,4.0,19.275595,-98.94367,COORDENADA
ECA26072208370,2026-07-22,21:15:00,21,vespertina (14-22),TECAMAC,ECATEPEC,PERSONA NO LOCALIZADA O DESAPARECIDA,desaparicion,3.0,19.670255,-98.958145,COORDENADA
ECA26072208374,2026-07-22,21:16:00,21,vespertina (14-22),IXTAPALUCA,CHALCO,VIOLENCIA CONTRA LAS MUJERES,violencia_genero,2.0,19.31224,-98.85351,COORDENADA
ECA26072208377,2026-07-22,21:16:00,21,vespertina (14-22),CHICOLOAPAN,SIN CATALOGAR,DETONACION POR ARMA DE FUEGO,arma_fuego,4.0,19.413295,-98.89776,COORDENADA
ECA26072208381,2026-07-22,21:17:00,21,vespertina (14-22),CUAUTITLAN IZCALLI,METROPOLITANA,ALTERACION DEL ORDEN PUBLICO POR PERSONA DROGADA,rina,1.5,19.67214,-99.22384,COORDENADA
ECA26072208385,2026-07-22,21:18:00,21,vespertina (14-22),CHALCO,CHALCO,ROBO DE VEHICULO PARTICULAR CON VIOLENCIA,robo_violento,2.0,19.20856,-98.92298,COORDENADA
ECA26072208394,2026-07-22,21:20:00,21,vespertina (14-22),ATENCO,SIN CATALOGAR,VIOLENCIA DE PAREJA,violencia_genero,2.0,19.52802,-98.91507,COORDENADA
ECA26072208410,2026-07-22,21:23:00,21,vespertina (14-22),ZUMPANGO,ECATEPEC,VIOLENCIA CONTRA LAS MUJERES,violencia_genero,2.0,19.81708,-99.00058,COORDENADA
ECA26072208424,2026-07-22,21:24:00,21,vespertina (14-22),ECATEPEC,ECATEPEC,PERSONA AGRESIVA,rina,1.5,19.50121,-99.0418,COORDENADA
ECA26072208426,2026-07-22,21:24:00,21,vespertina (14-22),TLALMANALCO,CHALCO,RIÑA,rina,1.5,19.201325,-98.781185,COORDENADA
ECA26072208433,2026-07-22,21:25:00,21,vespertina (14-22),ECATEPEC,ECATEPEC,PERSONA AGRESIVA,rina,1.5,19.51851,-99.03174,COORDENADA
ECA26072208482,2026-07-22,21:33:00,21,vespertina (14-22),TECAMAC,ECATEPEC,ROBO DE VEHICULO PARTICULAR CON VIOLENCIA,robo_violento,2.0,19.71903,-98.964065,COORDENADA
ECA26072208487,2026-07-22,21:34:00,21,vespertina (14-22),ECATEPEC,ECATEPEC,RIÑA,rina,1.5,19.50484,-99.01821,COORDENADA
ECA26072208488,2026-07-22,21:34:00,21,vespertina (14-22),MELCHOR OCAMPO,SIN CATALOGAR,PERSONA AGRESIVA,rina,1.5,19.698293,-99.136105,COORDENADA
ECA26072208518,2026-07-22,21:38:00,21,vespertina (14-22),ACOLMAN,ECATEPEC,VIOLENCIA CONTRA LAS MUJERES,violencia_genero,2.0,19.627825,-98.93537,COORDENADA
ECA26072208520,2026-07-22,21:38:00,21,vespertina (14-22),ZUMPANGO,ECATEPEC,PERSONA NO LOCALIZADA O DESAPARECIDA,desaparicion,3.0,,,MEDIA
ECA26072208534,2026-07-22,21:40:00,21,vespertina (14-22),TECAMAC,ECATEPEC,PERSONA NO LOCALIZADA O DESAPARECIDA,desaparicion,3.0,19.670255,-98.958145,COORDENADA
ECA26072208541,2026-07-22,21:41:00,21,vespertina (14-22),ECATEPEC,ECATEPEC,ROBO DE VEHICULO PARTICULAR CON VIOLENCIA,robo_violento,2.0,19.533265,-99.077495,COORDENADA
ECA26072208546,2026-07-22,21:42:00,21,vespertina (14-22),CHICOLOAPAN,SIN CATALOGAR,PERSONA AGRESIVA,rina,1.5,19.41145,-98.90883,COORDENADA
ECA26072208574,2026-07-22,21:48:00,21,vespertina (14-22),ECATEPEC,ECATEPEC,ROBO A NEGOCIO CON VIOLENCIA,robo_violento,2.0,19.53896,-99.076,COORDENADA
ECA26072208579,2026-07-22,21:48:00,21,vespertina (14-22),NICOLAS ROMERO,METROPOLITANA,PERSONA AGRESIVA,rina,1.5,19.626155,-99.293205,COORDENADA
ECA26072208607,2026-07-22,21:52:00,21,vespertina (14-22),ECATEPEC,ECATEPEC,ROBO DE VEHICULO PARTICULAR CON VIOLENCIA,robo_violento,2.0,19.494065,-99.02601,COORDENADA
ECA26072208634,2026-07-22,21:56:00,21,vespertina (14-22),LA PAZ,ORIENTE,PERSONA LESIONADA DURANTE ALTERACION DEL ORDEN PUBLICO O POR RIÑA,rina,1.5,19.365475,-98.97206,COORDENADA
ECA26072208643,2026-07-22,21:59:00,21,vespertina (14-22),ECATEPEC,ECATEPEC,PERSONA AGRESIVA,rina,1.5,19.557735,-99.01653,COORDENADA
ECA26072208655,2026-07-22,22:02:00,22,nocturna (22-06),ECATEPEC,ECATEPEC,PORTACION DE ARMA BLANCA,arma_blanca,2.0,19.597215,-99.04991,COORDENADA
ECA26072208657,2026-07-22,22:02:00,22,nocturna (22-06),CUAUTITLAN IZCALLI,METROPOLITANA,PERSONA AGRESIVA,rina,1.5,19.65523,-99.21083,COORDENADA
ECA26072208683,2026-07-22,22:09:00,22,nocturna (22-06),ECATEPEC,ECATEPEC,PERSONA LESIONADA POR PROYECTIL DE ARMA DE FUEGO,arma_fuego,6.0,19.51359,-99.02562,COORDENADA
ECA26072208686,2026-07-22,22:09:00,22,nocturna (22-06),ECATEPEC,ECATEPEC,PERSONA LESIONADA POR PROYECTIL DE ARMA DE FUEGO,arma_fuego,6.0,19.51342,-99.0252,COORDENADA
ECA26072208699,2026-07-22,22:12:00,22,nocturna (22-06),COACALCO DE BERRIOZABAL,ECATEPEC,EXTORSION O INTENTO DE EXTORSION (NO TELEFONICA),alta_incidencia,4.0,19.646145,-99.08029,COORDENADA
ECA26072208704,2026-07-22,22:13:00,22,nocturna (22-06),TLALNEPANTLA,METROPOLITANA,PERSONA AGRESIVA,rina,1.5,19.52309,-99.219835,COORDENADA
ECA26072208710,2026-07-22,22:15:00,22,nocturna (22-06),TEXCOCO,ORIENTE,PERSONA AGRESIVA,rina,1.5,19.5333,-98.87659,COORDENADA
ECA26072208722,2026-07-22,22:18:00,22,nocturna (22-06),TEXCOCO,ORIENTE,PERSONA AGRESIVA,rina,1.5,19.53438,-98.86686,COORDENADA
ECA26072208728,2026-07-22,22:19:00,22,nocturna (22-06),ATIZAPAN,METROPOLITANA,VIOLENCIA DE PAREJA,violencia_genero,2.0,19.59095,-99.249385,COORDENADA
ECA26072208733,2026-07-22,22:19:00,22,nocturna (22-06),NICOLAS ROMERO,METROPOLITANA,PERSONA AGRESIVA,rina,1.5,19.59453,-99.28607,COORDENADA
ECA26072208784,2026-07-22,22:28:00,22,nocturna (22-06),TULTITLAN,METROPOLITANA,RIÑA,rina,1.5,19.580535,-99.187755,COORDENADA
ECA26072208795,2026-07-22,22:30:00,22,nocturna (22-06),CHIMALHUACAN,ORIENTE,DETONACION POR ARMA DE FUEGO,arma_fuego,4.0,19.426845,-98.95706,COORDENADA
ECA26072208801,2026-07-22,22:30:00,22,nocturna (22-06),CUAUTITLAN IZCALLI,METROPOLITANA,RIÑA,rina,1.5,19.67999,-99.20862,COORDENADA
ECA26072208824,2026-07-22,22:33:00,22,nocturna (22-06),ECATEPEC,ECATEPEC,ALTERACION DEL ORDEN PUBLICO POR PERSONA ALCOHOLIZADA,rina,1.5,19.561197,-99.09404,COORDENADA
ECA26072208833,2026-07-22,22:35:00,22,nocturna (22-06),TECAMAC,ECATEPEC,PERSONA AGRESIVA,rina,1.5,19.6239,-99.02625,COORDENADA
ECA26072208853,2026-07-22,22:39:00,22,nocturna (22-06),ECATEPEC,ECATEPEC,DETONACION POR ARMA DE FUEGO,arma_fuego,4.0,19.51359,-99.02562,COORDENADA
ECA26072208858,2026-07-22,22:39:00,22,nocturna (22-06),ATIZAPAN,METROPOLITANA,PERSONA AGRESIVA,rina,1.5,19.594955,-99.261325,COORDENADA
ECA26072208873,2026-07-22,22:42:00,22,nocturna (22-06),TLALNEPANTLA,METROPOLITANA,PERSONA AGRESIVA,rina,1.5,19.537615,-99.11883,COORDENADA
ECA26072208878,2026-07-22,22:43:00,22,nocturna (22-06),CHIMALHUACAN,ORIENTE,ROBO DE VEHICULO PARTICULAR CON VIOLENCIA,robo_violento,2.0,19.41778,-98.94505,COORDENADA
ECA26072208889,2026-07-22,22:45:00,22,nocturna (22-06),ECATEPEC,ECATEPEC,RIÑA,rina,1.5,19.629605,-99.008895,COORDENADA
ECA26072208922,2026-07-22,22:51:00,22,nocturna (22-06),TECAMAC,ECATEPEC,RIÑA,rina,1.5,,,MEDIA
ECA26072208930,2026-07-22,22:52:00,22,nocturna (22-06),TECAMAC,ECATEPEC,RIÑA,rina,1.5,19.676145,-98.99458,COORDENADA
ECA26072208959,2026-07-22,22:59:00,22,nocturna (22-06),ATIZAPAN,METROPOLITANA,ALTERACION DEL ORDEN PUBLICO POR PERSONA ALCOHOLIZADA,rina,1.5,19.594235,-99.271015,COORDENADA
ECA26072208966,2026-07-22,23:00:00,23,nocturna (22-06),AMECAMECA,CHALCO,PERSONA TIRADA EN VIA PUBLICA,deceso_dudoso,3.0,19.136375,-98.76711,COORDENADA
ECA26072208967,2026-07-22,23:00:00,23,nocturna (22-06),ATIZAPAN,METROPOLITANA,RIÑA,rina,1.5,19.596465,-99.265215,COORDENADA
ECA26072208973,2026-07-22,23:01:00,23,nocturna (22-06),IXTAPALUCA,CHALCO,VIOLENCIA CONTRA LAS MUJERES,violencia_genero,2.0,19.32816,-98.88472,COORDENADA
ECA26072208992,2026-07-22,23:06:00,23,nocturna (22-06),TLALNEPANTLA,METROPOLITANA,VIOLENCIA FAMILIAR,violencia_genero,2.0,19.52905,-99.08553,COORDENADA
ECA26072208994,2026-07-22,23:06:00,23,nocturna (22-06),TEOLOYUCAN,SIN CATALOGAR,AMENAZA DE SUICIDIO,deceso_dudoso,3.0,,,MEDIA
ECA26072209027,2026-07-22,23:11:00,23,nocturna (22-06),TEZOYUCA,ORIENTE,ALTERACION DEL ORDEN PUBLICO POR PERSONA ALCOHOLIZADA,rina,1.5,19.602166,-98.959152,COORDENADA
ECA26072209036,2026-07-22,23:12:00,23,nocturna (22-06),ATIZAPAN,METROPOLITANA,PERSONA LESIONADA DURANTE ALTERACION DEL ORDEN PUBLICO O POR RIÑA,rina,1.5,19.59535,-99.273605,COORDENADA
ECA26072209063,2026-07-22,23:16:00,23,nocturna (22-06),TECAMAC,ECATEPEC,PERSONA AGRESIVA,rina,1.5,,,ALTA
ECA26072209067,2026-07-22,23:17:00,23,nocturna (22-06),VALLE DE CHALCO,CHALCO,VIOLENCIA CONTRA LAS MUJERES,violencia_genero,2.0,19.294035,-98.94555,COORDENADA
ECA26072209071,2026-07-22,23:18:00,23,nocturna (22-06),ECATEPEC,ECATEPEC,PERSONA LESIONADA POR PROYECTIL DE ARMA DE FUEGO,arma_fuego,6.0,19.61048,-99.05533,COORDENADA
ECA26072209080,2026-07-22,23:19:00,23,nocturna (22-06),COACALCO DE BERRIOZABAL,ECATEPEC,ROBO DE MOTOCICLETA CON VIOLENCIA,robo_violento,2.0,19.649245,-99.096565,COORDENADA
ECA26072209095,2026-07-22,23:20:00,23,nocturna (22-06),TECAMAC,ECATEPEC,DETONACION POR ARMA DE FUEGO,arma_fuego,4.0,19.67663,-98.98546,COORDENADA
ECA26072209115,2026-07-22,23:24:00,23,nocturna (22-06),ECATEPEC,ECATEPEC,ALTERACION DEL ORDEN PUBLICO POR PERSONA DROGADA,rina,1.5,19.49997,-99.027635,COORDENADA
ECA26072209156,2026-07-22,23:34:00,23,nocturna (22-06),CHIMALHUACAN,ORIENTE,PERSONA AGRESIVA,rina,1.5,19.433555,-98.97245,COORDENADA
ECA26072209167,2026-07-22,23:35:00,23,nocturna (22-06),IXTAPALUCA,CHALCO,DETONACION POR ARMA DE FUEGO,arma_fuego,4.0,19.335975,-98.932655,COORDENADA
ECA26072209169,2026-07-22,23:35:00,23,nocturna (22-06),VALLE DE CHALCO,CHALCO,VIOLENCIA DE PAREJA,violencia_genero,2.0,19.274675,-98.92894,COORDENADA
ECA26072209175,2026-07-22,23:35:00,23,nocturna (22-06),IXTAPALUCA,CHALCO,PERSONA AGRESIVA,rina,1.5,19.2938,-98.84806,COORDENADA
ECA26072209185,2026-07-22,23:37:00,23,nocturna (22-06),IXTAPALUCA,CHALCO,DETONACION POR ARMA DE FUEGO,arma_fuego,4.0,19.335975,-98.932655,COORDENADA
ECA26072209198,2026-07-22,23:39:00,23,nocturna (22-06),TULTITLAN,METROPOLITANA,PERSONA AGRESIVA,rina,1.5,19.612865,-99.16402,COORDENADA
ECA26072209222,2026-07-22,23:41:00,23,nocturna (22-06),ECATEPEC,ECATEPEC,VIOLENCIA CONTRA LAS MUJERES,violencia_genero,2.0,19.61048,-99.05533,COORDENADA
ECA26072209241,2026-07-22,23:44:00,23,nocturna (22-06),LA PAZ,ORIENTE,VIOLENCIA FAMILIAR,violencia_genero,2.0,19.365475,-98.97206,COORDENADA
ECA26072209248,2026-07-22,23:46:00,23,nocturna (22-06),IXTAPALUCA,CHALCO,VIOLENCIA CONTRA LAS MUJERES,violencia_genero,2.0,19.2938,-98.84806,COORDENADA
ECA26072209250,2026-07-22,23:46:00,23,nocturna (22-06),NEXTLALPAN,SIN CATALOGAR,PERSONA AGRESIVA,rina,1.5,19.722359,-99.084269,COORDENADA
ECA26072209267,2026-07-22,23:48:00,23,nocturna (22-06),TULTEPEC,ECATEPEC,VIOLENCIA CONTRA LAS MUJERES,violencia_genero,2.0,19.65453,-99.11464,COORDENADA
ECA26072209271,2026-07-22,23:48:00,23,nocturna (22-06),CUAUTITLAN,METROPOLITANA,ROBO DE VEHICULO PARTICULAR CON VIOLENCIA,robo_violento,2.0,19.68559,-99.18854,COORDENADA
ECA26072209301,2026-07-22,23:52:00,23,nocturna (22-06),CUAUTITLAN IZCALLI,METROPOLITANA,VIOLENCIA CONTRA LAS MUJERES,violencia_genero,2.0,19.661645,-99.248145,COORDENADA
ECA26072209303,2026-07-22,23:53:00,23,nocturna (22-06),CHIMALHUACAN,ORIENTE,RIÑA,rina,1.5,19.444285,-98.943535,COORDENADA
ECA26072209308,2026-07-22,23:54:00,23,nocturna (22-06),CHALCO,CHALCO,RIÑA,rina,1.5,19.28001,-98.88533,COORDENADA
ECA26072209310,2026-07-22,23:54:00,23,nocturna (22-06),TLALNEPANTLA,METROPOLITANA,DETONACION POR ARMA DE FUEGO,arma_fuego,4.0,19.54827,-99.18075,COORDENADA
ECA26072209342,2026-07-22,23:59:00,23,nocturna (22-06),VALLE DE CHALCO,CHALCO,VIOLENCIA DE PAREJA,violencia_genero,2.0,19.28388,-98.92343,COORDENADA
TOL26072300012,2026-07-23,00:02:00,0,nocturna (22-06),TOLUCA,VALLE TOLUCA,VIOLENCIA DE PAREJA,violencia_genero,2.0,19.262207,-99.651587,COORDENADA
TOL26072300030,2026-07-23,00:07:00,0,nocturna (22-06),SAN MATEO ATENCO,VALLE TOLUCA,VIOLENCIA DE PAREJA,violencia_genero,2.0,19.28201,-99.53347,COORDENADA
TOL26072300032,2026-07-23,00:07:00,0,nocturna (22-06),IXTLAHUACA,ATLACOMULCO,VIOLENCIA FAMILIAR,violencia_genero,2.0,,,MEDIA
TOL26072300045,2026-07-23,00:11:00,0,nocturna (22-06),NAUCALPAN,METROPOLITANA,ROBO DE VEHICULO PARTICULAR CON VIOLENCIA,robo_violento,2.0,19.440555,-99.27394,COORDENADA
TOL26072300060,2026-07-23,00:14:00,0,nocturna (22-06),NAUCALPAN,METROPOLITANA,VIOLENCIA CONTRA LAS MUJERES,violencia_genero,2.0,19.46089,-99.26406,COORDENADA
TOL26072300095,2026-07-23,00:24:00,0,nocturna (22-06),NAUCALPAN,METROPOLITANA,PERSONA AGRESIVA,rina,1.5,19.47038,-99.22647,COORDENADA
TOL26072300101,2026-07-23,00:25:00,0,nocturna (22-06),TOLUCA,VALLE TOLUCA,DETONACION POR ARMA DE FUEGO,arma_fuego,4.0,19.344595,-99.64724,COORDENADA
TOL26072300103,2026-07-23,00:25:00,0,nocturna (22-06),IXTLAHUACA,ATLACOMULCO,PERSONA AGRESIVA,rina,1.5,,,MEDIA
TOL26072300154,2026-07-23,00:41:00,0,nocturna (22-06),NAUCALPAN,METROPOLITANA,PERSONA AGRESIVA,rina,1.5,19.4439,-99.24608,COORDENADA
TOL26072300168,2026-07-23,00:44:00,0,nocturna (22-06),ZINACANTEPEC,VALLE TOLUCA,VIOLENCIA CONTRA LAS MUJERES,violencia_genero,2.0,19.29992,-99.734765,COORDENADA
TOL26072300179,2026-07-23,00:45:00,0,nocturna (22-06),TOLUCA,VALLE TOLUCA,PORTACION DE ARMAS DE FUEGO O CARTUCHOS,arma_fuego,3.0,19.29986,-99.67238,COORDENADA
TOL26072300226,2026-07-23,01:01:00,1,nocturna (22-06),CAPULHUAC,SIN CATALOGAR,PORTACION DE ARMAS DE FUEGO O CARTUCHOS,arma_fuego,3.0,19.187447,-99.469338,COORDENADA
TOL26072300234,2026-07-23,01:03:00,1,nocturna (22-06),CAPULHUAC,SIN CATALOGAR,PORTACION DE ARMAS DE FUEGO O CARTUCHOS,arma_fuego,3.0,19.186687,-99.469386,COORDENADA
TOL26072300255,2026-07-23,01:08:00,1,nocturna (22-06),LERMA,SIN CATALOGAR,PERSONA AGRESIVA,rina,1.5,19.30516,-99.53735,COORDENADA
TOL26072300257,2026-07-23,01:08:00,1,nocturna (22-06),CAPULHUAC,SIN CATALOGAR,ALTERACION DEL ORDEN PUBLICO POR PERSONA ALCOHOLIZADA,rina,1.5,19.21062,-99.442381,COORDENADA
TOL26072300316,2026-07-23,01:33:00,1,nocturna (22-06),NAUCALPAN,METROPOLITANA,PERSONA AGRESIVA,rina,1.5,19.509418,-99.219484,COORDENADA
TOL26072300349,2026-07-23,01:47:00,1,nocturna (22-06),TOLUCA,VALLE TOLUCA,VIOLENCIA CONTRA LAS MUJERES,violencia_genero,2.0,19.280545,-99.62339,COORDENADA
TOL26072300373,2026-07-23,01:57:00,1,nocturna (22-06),METEPEC,VALLE TOLUCA,ALTERACION DEL ORDEN PUBLICO POR PERSONA ALCOHOLIZADA,rina,1.5,19.26376,-99.594695,COORDENADA
TOL26072300417,2026-07-23,02:27:00,2,nocturna (22-06),TOLUCA,VALLE TOLUCA,PERSONA AGRESIVA,rina,1.5,19.269035,-99.63883,COORDENADA
TOL26072300425,2026-07-23,02:31:00,2,nocturna (22-06),OCOYOACAC,VALLE TOLUCA,PERSONA AGRESIVA,rina,1.5,19.27119,-99.45106,COORDENADA
TOL26072604639,2026-07-26,15:06:00,15,vespertina (14-22),TOLUCA,VALLE TOLUCA,ALTERACION DEL ORDEN PUBLICO POR PERSONA ALCOHOLIZADA,rina,1.5,19.27098,-99.6824,COORDENADA
TOL26072604678,2026-07-26,15:11:00,15,vespertina (14-22),HUIXQUILUCAN,METROPOLITANA,VIOLENCIA FAMILIAR,violencia_genero,2.0,19.3488,-99.3363,COORDENADA
TOL26072604682,2026-07-26,15:12:00,15,vespertina (14-22),TOLUCA,VALLE TOLUCA,PERSONA AGRESIVA,rina,1.5,19.344595,-99.64724,COORDENADA
TOL26072604688,2026-07-26,15:12:00,15,vespertina (14-22),TOLUCA,VALLE TOLUCA,ALTERACION DEL ORDEN PUBLICO POR PERSONA ALCOHOLIZADA,rina,1.5,,,ALTA
TOL26072604769,2026-07-26,15:23:00,15,vespertina (14-22),LERMA,SIN CATALOGAR,PERSONA AGRESIVA,rina,1.5,19.28484,-99.49113,COORDENADA
TOL26072604780,2026-07-26,15:24:00,15,vespertina (14-22),ZINACANTEPEC,VALLE TOLUCA,PERSONA AGRESIVA,rina,1.5,19.26899,-99.749585,COORDENADA
TOL26072604796,2026-07-26,15:26:00,15,vespertina (14-22),ZINACANTEPEC,VALLE TOLUCA,ALTERACION DEL ORDEN PUBLICO POR PERSONA DROGADA,rina,1.5,19.287445,-99.724,COORDENADA
TOL26072604798,2026-07-26,15:27:00,15,vespertina (14-22),TENANCINGO,IXTAPAN,ROBO A TRANSEUNTE CON VIOLENCIA,robo_violento,2.0,18.957875,-99.597562,COORDENADA
TOL26072604803,2026-07-26,15:27:00,15,vespertina (14-22),NAUCALPAN,METROPOLITANA,DETONACION POR ARMA DE FUEGO,arma_fuego,4.0,19.443949,-99.254583,COORDENADA
TOL26072604804,2026-07-26,15:27:00,15,vespertina (14-22),NAUCALPAN,METROPOLITANA,PERSONA LESIONADA POR PROYECTIL DE ARMA DE FUEGO,arma_fuego,6.0,19.444105,-99.255825,COORDENADA
TOL26072604808,2026-07-26,15:27:00,15,vespertina (14-22),OCOYOACAC,VALLE TOLUCA,VIOLENCIA FAMILIAR,violencia_genero,2.0,19.26451,-99.4574,COORDENADA
TOL26072604815,2026-07-26,15:28:00,15,vespertina (14-22),NAUCALPAN,METROPOLITANA,PERSONA LESIONADA POR PROYECTIL DE ARMA DE FUEGO,arma_fuego,6.0,19.443974,-99.254407,COORDENADA
TOL26072604832,2026-07-26,15:30:00,15,vespertina (14-22),OCOYOACAC,VALLE TOLUCA,VIOLENCIA FAMILIAR,violencia_genero,2.0,19.26451,-99.4574,COORDENADA
TOL26072604844,2026-07-26,15:32:00,15,vespertina (14-22),NAUCALPAN,METROPOLITANA,PERSONA LESIONADA POR PROYECTIL DE ARMA DE FUEGO,arma_fuego,6.0,19.443949,-99.254583,COORDENADA
TOL26072604856,2026-07-26,15:33:00,15,vespertina (14-22),NAUCALPAN,METROPOLITANA,PERSONA LESIONADA POR PROYECTIL DE ARMA DE FUEGO,arma_fuego,6.0,19.444105,-99.255825,COORDENADA
TOL26072604885,2026-07-26,15:36:00,15,vespertina (14-22),NAUCALPAN,METROPOLITANA,PERSONA AGRESIVA,rina,1.5,,,ALTA
TOL26072604931,2026-07-26,15:40:00,15,vespertina (14-22),TOLUCA,VALLE TOLUCA,VIOLENCIA CONTRA LAS MUJERES,violencia_genero,2.0,19.29005,-99.58639,COORDENADA
TOL26072604939,2026-07-26,15:41:00,15,vespertina (14-22),OCOYOACAC,VALLE TOLUCA,PERSONA LESIONADA POR OBJETO CONTUNDENTE,rina,1.5,19.267475,-99.46487,COORDENADA
TOL26072604944,2026-07-26,15:41:00,15,vespertina (14-22),MALINALCO,IXTAPAN,PERSONA AGRESIVA,rina,1.5,18.94712,-99.49301,COORDENADA
TOL26072605030,2026-07-26,15:51:00,15,vespertina (14-22),ALMOLOYA,VALLE TOLUCA,PORTACION DE ARMAS DE FUEGO O CARTUCHOS,arma_fuego,3.0,19.329024,-99.832136,COORDENADA
TOL26072605123,2026-07-26,16:03:00,16,vespertina (14-22),TOLUCA,VALLE TOLUCA,ALTERACION DEL ORDEN PUBLICO POR PERSONA ALCOHOLIZADA,rina,1.5,19.249725,-99.69428,COORDENADA
TOL26072605211,2026-07-26,16:16:00,16,vespertina (14-22),TOLUCA,VALLE TOLUCA,PERSONA TIRADA EN VIA PUBLICA,deceso_dudoso,3.0,19.249725,-99.69428,COORDENADA
TOL26072605238,2026-07-26,16:21:00,16,vespertina (14-22),TOLUCA,VALLE TOLUCA,VIOLENCIA DE PAREJA,violencia_genero,2.0,19.330154,-99.60853,COORDENADA
TOL26072605311,2026-07-26,16:32:00,16,vespertina (14-22),ZINACANTEPEC,VALLE TOLUCA,VIOLENCIA FAMILIAR,violencia_genero,2.0,19.24855,-99.72698,COORDENADA
TOL26072605337,2026-07-26,16:36:00,16,vespertina (14-22),METEPEC,VALLE TOLUCA,VIOLENCIA CONTRA LAS MUJERES,violencia_genero,2.0,19.2585,-99.62437,COORDENADA
TOL26072605374,2026-07-26,16:40:00,16,vespertina (14-22),ALMOLOYA,VALLE TOLUCA,DETONACION POR ARMA DE FUEGO,arma_fuego,4.0,19.294713,-99.769683,COORDENADA
TOL26072605380,2026-07-26,16:41:00,16,vespertina (14-22),NAUCALPAN,METROPOLITANA,PERSONA AGRESIVA,rina,1.5,19.43007,-99.25017,COORDENADA
TOL26072605467,2026-07-26,16:52:00,16,vespertina (14-22),TENANCINGO,IXTAPAN,RIÑA,rina,1.5,18.962061,-99.591605,COORDENADA
TOL26072605534,2026-07-26,17:02:00,17,vespertina (14-22),LERMA,SIN CATALOGAR,PERSONA TIRADA EN VIA PUBLICA,deceso_dudoso,3.0,19.299305,-99.50738,COORDENADA
TOL26072605541,2026-07-26,17:03:00,17,vespertina (14-22),NAUCALPAN,METROPOLITANA,PERSONA AGRESIVA,rina,1.5,19.461895,-99.239235,COORDENADA
TOL26072605551,2026-07-26,17:06:00,17,vespertina (14-22),TOLUCA,VALLE TOLUCA,VIOLENCIA CONTRA LAS MUJERES,violencia_genero,2.0,19.263749,-99.654598,COORDENADA
TOL26072605622,2026-07-26,17:14:00,17,vespertina (14-22),TOLUCA,VALLE TOLUCA,VIOLENCIA FAMILIAR,violencia_genero,2.0,19.29794,-99.66035,COORDENADA
TOL26072605639,2026-07-26,17:15:00,17,vespertina (14-22),LERMA,SIN CATALOGAR,ALTERACION DEL ORDEN PUBLICO POR PERSONA ALCOHOLIZADA,rina,1.5,19.287965,-99.51201,COORDENADA
TOL26072605676,2026-07-26,17:20:00,17,vespertina (14-22),TOLUCA,VALLE TOLUCA,PERSONA AGRESIVA,rina,1.5,19.30802,-99.59325,COORDENADA
TOL26072605706,2026-07-26,17:24:00,17,vespertina (14-22),NAUCALPAN,METROPOLITANA,DETONACION POR ARMA DE FUEGO,arma_fuego,4.0,19.43667,-99.26599,COORDENADA
TOL26072605713,2026-07-26,17:26:00,17,vespertina (14-22),NAUCALPAN,METROPOLITANA,DETONACION POR ARMA DE FUEGO,arma_fuego,4.0,19.43667,-99.26599,COORDENADA
TOL26072605717,2026-07-26,17:26:00,17,vespertina (14-22),TOLUCA,VALLE TOLUCA,PORTACION DE ARMA BLANCA,arma_blanca,2.0,19.26974,-99.669345,COORDENADA
TOL26072605805,2026-07-26,17:38:00,17,vespertina (14-22),TOLUCA,VALLE TOLUCA,RIÑA,rina,1.5,19.36187,-99.62779,COORDENADA
TOL26072605854,2026-07-26,17:43:00,17,vespertina (14-22),LERMA,SIN CATALOGAR,DETONACION POR ARMA DE FUEGO,arma_fuego,4.0,19.29671,-99.50743,COORDENADA
TOL26072605862,2026-07-26,17:45:00,17,vespertina (14-22),NAUCALPAN,METROPOLITANA,ALTERACION DEL ORDEN PUBLICO POR PERSONA ALCOHOLIZADA,rina,1.5,19.461895,-99.239235,COORDENADA
TOL26072605880,2026-07-26,17:48:00,17,vespertina (14-22),NAUCALPAN,METROPOLITANA,PERSONA AGRESIVA,rina,1.5,19.45428,-99.268605,COORDENADA
TOL26072605888,2026-07-26,17:50:00,17,vespertina (14-22),TOLUCA,VALLE TOLUCA,PORTACION DE ARMA BLANCA,arma_blanca,2.0,19.39693,-99.64621,COORDENADA
TOL26072605916,2026-07-26,17:52:00,17,vespertina (14-22),TOLUCA,VALLE TOLUCA,PORTACION DE ARMA BLANCA,arma_blanca,2.0,,,ALTA
TOL26072605919,2026-07-26,17:53:00,17,vespertina (14-22),TOLUCA,VALLE TOLUCA,ALTERACION DEL ORDEN PUBLICO POR PERSONA ALCOHOLIZADA,rina,1.5,19.37171,-99.62606,COORDENADA
TOL26072605968,2026-07-26,17:59:00,17,vespertina (14-22),ATLACOMULCO,ATLACOMULCO,PERSONA AGRESIVA,rina,1.5,19.80855,-99.880155,COORDENADA
TOL26072605997,2026-07-26,18:02:00,18,vespertina (14-22),OTZOLOTEPEC,VALLE TOLUCA,ALTERACION DEL ORDEN PUBLICO POR PERSONA ALCOHOLIZADA,rina,1.5,19.411402,-99.5586,COORDENADA
TOL26072606038,2026-07-26,18:07:00,18,vespertina (14-22),TOLUCA,VALLE TOLUCA,ROBO A TRANSEUNTE CON VIOLENCIA,robo_violento,2.0,19.26339,-99.659575,COORDENADA
TOL26072606080,2026-07-26,18:12:00,18,vespertina (14-22),TOLUCA,VALLE TOLUCA,ALTERACION DEL ORDEN PUBLICO POR PERSONA ALCOHOLIZADA,rina,1.5,,,ALTA
TOL26072606112,2026-07-26,18:18:00,18,vespertina (14-22),TOLUCA,VALLE TOLUCA,PERSONA AGRESIVA,rina,1.5,19.264995,-99.65297,COORDENADA
TOL26072606124,2026-07-26,18:20:00,18,vespertina (14-22),TOLUCA,VALLE TOLUCA,PERSONA AGRESIVA,rina,1.5,19.249725,-99.69428,COORDENADA
TOL26072606132,2026-07-26,18:22:00,18,vespertina (14-22),TOLUCA,VALLE TOLUCA,PERSONA TIRADA EN VIA PUBLICA,deceso_dudoso,3.0,19.32438,-99.62164,COORDENADA
TOL26072606160,2026-07-26,18:26:00,18,vespertina (14-22),OCOYOACAC,VALLE TOLUCA,ALTERACION DEL ORDEN PUBLICO POR PERSONA ALCOHOLIZADA,rina,1.5,19.26291,-99.484455,COORDENADA
TOL26072606161,2026-07-26,18:26:00,18,vespertina (14-22),JIQUIPILCO,ATLACOMULCO,RIÑA,rina,1.5,19.685538,-99.656743,COORDENADA
TOL26072606164,2026-07-26,18:27:00,18,vespertina (14-22),HUIXQUILUCAN,METROPOLITANA,PERSONA AGRESIVA,rina,1.5,19.41433,-99.32947,COORDENADA
TOL26072606174,2026-07-26,18:28:00,18,vespertina (14-22),JOCOTITLAN,ATLACOMULCO,RIÑA,rina,1.5,19.751567,-99.924624,COORDENADA
TOL26072606182,2026-07-26,18:29:00,18,vespertina (14-22),TOLUCA,VALLE TOLUCA,VIOLENCIA CONTRA LAS MUJERES,violencia_genero,2.0,19.283135,-99.669325,COORDENADA
TOL26072606193,2026-07-26,18:31:00,18,vespertina (14-22),TOLUCA,VALLE TOLUCA,ROBO A NEGOCIO CON VIOLENCIA,robo_violento,2.0,19.34674,-99.58935,COORDENADA
TOL26072606194,2026-07-26,18:31:00,18,vespertina (14-22),TOLUCA,VALLE TOLUCA,PERSONA TIRADA EN VIA PUBLICA,deceso_dudoso,3.0,19.32067,-99.62587,COORDENADA
TOL26072606212,2026-07-26,18:34:00,18,vespertina (14-22),TOLUCA,VALLE TOLUCA,PERSONA AGRESIVA,rina,1.5,19.249725,-99.69428,COORDENADA
TOL26072606215,2026-07-26,18:34:00,18,vespertina (14-22),JILOTEPEC,ATLACOMULCO,PERSONA TIRADA EN VIA PUBLICA,deceso_dudoso,3.0,20.058882,-99.637558,COORDENADA
TOL26072606241,2026-07-26,18:39:00,18,vespertina (14-22),TOLUCA,VALLE TOLUCA,ROBO DE VEHICULO PARTICULAR CON VIOLENCIA,robo_violento,2.0,19.344595,-99.64724,COORDENADA
TOL26072606264,2026-07-26,18:42:00,18,vespertina (14-22),TOLUCA,VALLE TOLUCA,ALTERACION DEL ORDEN PUBLICO POR PERSONA DROGADA,rina,1.5,19.27033,-99.66051,COORDENADA
TOL26072606291,2026-07-26,18:47:00,18,vespertina (14-22),TOLUCA,VALLE TOLUCA,PERSONA AGRESIVA,rina,1.5,19.269005,-99.64757,COORDENADA
TOL26072606295,2026-07-26,18:48:00,18,vespertina (14-22),OTZOLOTEPEC,VALLE TOLUCA,PERSONA AGRESIVA,rina,1.5,19.410774,-99.558292,COORDENADA
TOL26072606303,2026-07-26,18:50:00,18,vespertina (14-22),TENANCINGO,IXTAPAN,PERSONA AGRESIVA,rina,1.5,18.960243,-99.591398,COORDENADA
TOL26072606338,2026-07-26,18:56:00,18,vespertina (14-22),ALMOLOYA,VALLE TOLUCA,VIOLENCIA CONTRA LAS MUJERES,violencia_genero,2.0,19.341193,-99.790125,COORDENADA
TOL26072606339,2026-07-26,18:56:00,18,vespertina (14-22),NAUCALPAN,METROPOLITANA,ROBO A CASA HABITACION CON VIOLENCIA,robo_violento,2.0,19.50987,-99.240175,COORDENADA
TOL26072606353,2026-07-26,18:58:00,18,vespertina (14-22),NAUCALPAN,METROPOLITANA,ALTERACION DEL ORDEN PUBLICO POR PERSONA ALCOHOLIZADA,rina,1.5,19.461895,-99.239235,COORDENADA
TOL26072606370,2026-07-26,19:01:00,19,vespertina (14-22),HUIXQUILUCAN,METROPOLITANA,PORTACION DE ARMAS DE FUEGO O CARTUCHOS,arma_fuego,3.0,19.4152,-99.32438,COORDENADA
TOL26072606417,2026-07-26,19:07:00,19,vespertina (14-22),NAUCALPAN,METROPOLITANA,PERSONA AGRESIVA,rina,1.5,19.46886,-99.21432,COORDENADA
TOL26072606425,2026-07-26,19:08:00,19,vespertina (14-22),TOLUCA,VALLE TOLUCA,VIOLENCIA DE PAREJA,violencia_genero,2.0,19.30996,-99.624065,COORDENADA
TOL26072606483,2026-07-26,19:18:00,19,vespertina (14-22),TEMOAYA,VALLE TOLUCA,PERSONA AGRESIVA,rina,1.5,19.433867,-99.577729,COORDENADA
TOL26072606497,2026-07-26,19:19:00,19,vespertina (14-22),CALIMAYA,IXTAPAN,ALTERACION DEL ORDEN PUBLICO POR PERSONA ALCOHOLIZADA,rina,1.5,19.148122,-99.646762,COORDENADA
TOL26072606503,2026-07-26,19:19:00,19,vespertina (14-22),VILLA DEL CARBON,ATLACOMULCO,RIÑA,rina,1.5,19.674531,-99.616109,COORDENADA
TOL26072606507,2026-07-26,19:19:00,19,vespertina (14-22),ALMOLOYA,VALLE TOLUCA,PERSONA LESIONADA POR PROYECTIL DE ARMA DE FUEGO,arma_fuego,6.0,19.443001,-99.852996,COORDENADA
TOL26072606517,2026-07-26,19:21:00,19,vespertina (14-22),SAN MATEO ATENCO,VALLE TOLUCA,PERSONA AGRESIVA,rina,1.5,19.279785,-99.533915,COORDENADA
TOL26072606523,2026-07-26,19:22:00,19,vespertina (14-22),ALMOLOYA,VALLE TOLUCA,PERSONA AGRESIVA,rina,1.5,19.343069,-99.756165,COORDENADA
TOL26072606524,2026-07-26,19:22:00,19,vespertina (14-22),ALMOLOYA,VALLE TOLUCA,DETONACION POR ARMA DE FUEGO,arma_fuego,4.0,19.452533,-99.875406,COORDENADA
TOL26072606531,2026-07-26,19:24:00,19,vespertina (14-22),ALMOLOYA,VALLE TOLUCA,VIOLENCIA CONTRA LAS MUJERES,violencia_genero,2.0,19.296497,-99.766803,COORDENADA
TOL26072606559,2026-07-26,19:28:00,19,vespertina (14-22),TOLUCA,VALLE TOLUCA,VIOLENCIA FAMILIAR,violencia_genero,2.0,19.36792,-99.61162,COORDENADA
TOL26072606566,2026-07-26,19:30:00,19,vespertina (14-22),NAUCALPAN,METROPOLITANA,PERSONA AGRESIVA,rina,1.5,19.51429,-99.27039,COORDENADA
TOL26072606569,2026-07-26,19:31:00,19,vespertina (14-22),ALMOLOYA,VALLE TOLUCA,PERSONA LESIONADA POR PROYECTIL DE ARMA DE FUEGO,arma_fuego,6.0,19.452533,-99.875406,COORDENADA
TOL26072606589,2026-07-26,19:37:00,19,vespertina (14-22),TOLUCA,VALLE TOLUCA,PERSONA AGRESIVA,rina,1.5,19.31905,-99.53889,COORDENADA
TOL26072606591,2026-07-26,19:37:00,19,vespertina (14-22),NAUCALPAN,METROPOLITANA,PERSONA AGRESIVA,rina,1.5,19.459022,-99.252201,COORDENADA
TOL26072606624,2026-07-26,19:45:00,19,vespertina (14-22),NAUCALPAN,METROPOLITANA,VIOLENCIA FAMILIAR,violencia_genero,2.0,19.45333,-99.24257,COORDENADA
TOL26072606638,2026-07-26,19:49:00,19,vespertina (14-22),TOLUCA,VALLE TOLUCA,ALTERACION DEL ORDEN PUBLICO POR PERSONA DROGADA,rina,1.5,19.2708,-99.67488,COORDENADA
TOL26072606663,2026-07-26,19:53:00,19,vespertina (14-22),TOLUCA,VALLE TOLUCA,VIOLENCIA FAMILIAR,violencia_genero,2.0,19.3374,-99.69209,COORDENADA
TOL26072606665,2026-07-26,19:53:00,19,vespertina (14-22),JIQUIPILCO,ATLACOMULCO,RIÑA,rina,1.5,19.609069,-99.649356,COORDENADA
TOL26072606677,2026-07-26,19:56:00,19,vespertina (14-22),SAN MATEO ATENCO,VALLE TOLUCA,VIOLENCIA FAMILIAR,violencia_genero,2.0,19.26977,-99.5454,COORDENADA
TOL26072606689,2026-07-26,19:58:00,19,vespertina (14-22),DONATO GUERRA,VALLE DE BRAVO,ALTERACION DEL ORDEN PUBLICO POR PERSONA ALCOHOLIZADA,rina,1.5,19.290533,-100.083877,COORDENADA
TOL26072606697,2026-07-26,19:59:00,19,vespertina (14-22),TOLUCA,VALLE TOLUCA,PERSONA AGRESIVA,rina,1.5,19.29939,-99.64117,COORDENADA
TOL26072606714,2026-07-26,20:05:00,20,vespertina (14-22),METEPEC,VALLE TOLUCA,PERSONA AGRESIVA,rina,1.5,19.25934,-99.55717,COORDENADA
TOL26072606719,2026-07-26,20:06:00,20,vespertina (14-22),JIQUIPILCO,ATLACOMULCO,RIÑA,rina,1.5,19.608098,-99.651588,COORDENADA
TOL26072606729,2026-07-26,20:08:00,20,vespertina (14-22),TOLUCA,VALLE TOLUCA,ALTERACION DEL ORDEN PUBLICO POR PERSONA ALCOHOLIZADA,rina,1.5,19.29939,-99.64117,COORDENADA
TOL26072606730,2026-07-26,20:08:00,20,vespertina (14-22),TOLUCA,VALLE TOLUCA,VIOLENCIA CONTRA LAS MUJERES,violencia_genero,2.0,19.2708,-99.67488,COORDENADA
TOL26072606744,2026-07-26,20:08:00,20,vespertina (14-22),TOLUCA,VALLE TOLUCA,VIOLENCIA CONTRA LAS MUJERES,violencia_genero,2.0,19.27457,-99.67003,COORDENADA
TOL26072606752,2026-07-26,20:09:00,20,vespertina (14-22),NAUCALPAN,METROPOLITANA,RIÑA,rina,1.5,19.44241,-99.34481,COORDENADA
TOL26072606774,2026-07-26,20:11:00,20,vespertina (14-22),METEPEC,VALLE TOLUCA,PORTACION DE ARMA BLANCA,arma_blanca,2.0,19.23493,-99.62337,COORDENADA
TOL26072606777,2026-07-26,20:11:00,20,vespertina (14-22),TOLUCA,VALLE TOLUCA,VIOLENCIA CONTRA LAS MUJERES,violencia_genero,2.0,19.27457,-99.67003,COORDENADA
TOL26072606798,2026-07-26,20:14:00,20,vespertina (14-22),TIANGUISTENCO,VALLE TOLUCA,PERSONA AGRESIVA,rina,1.5,19.198313,-99.502795,COORDENADA
TOL26072606817,2026-07-26,20:16:00,20,vespertina (14-22),TOLUCA,VALLE TOLUCA,VIOLENCIA CONTRA LAS MUJERES,violencia_genero,2.0,19.27457,-99.67003,COORDENADA
TOL26072606842,2026-07-26,20:17:00,20,vespertina (14-22),TOLUCA,VALLE TOLUCA,PERSONA AGRESIVA,rina,1.5,19.360615,-99.583265,COORDENADA
TOL26072606849,2026-07-26,20:18:00,20,vespertina (14-22),NAUCALPAN,METROPOLITANA,VIOLENCIA CONTRA LAS MUJERES,violencia_genero,2.0,19.494675,-99.255475,COORDENADA
TOL26072606933,2026-07-26,20:24:00,20,vespertina (14-22),NAUCALPAN,METROPOLITANA,VIOLENCIA FAMILIAR,violencia_genero,2.0,19.44418,-99.27499,COORDENADA
TOL26072606937,2026-07-26,20:25:00,20,vespertina (14-22),TOLUCA,VALLE TOLUCA,VIOLENCIA CONTRA LAS MUJERES,violencia_genero,2.0,19.39302,-99.70069,COORDENADA
TOL26072606944,2026-07-26,20:25:00,20,vespertina (14-22),TOLUCA,VALLE TOLUCA,VIOLENCIA FAMILIAR,violencia_genero,2.0,19.36213,-99.58736,COORDENADA
TOL26072606954,2026-07-26,20:26:00,20,vespertina (14-22),TENANGO DEL VALLE,IXTAPAN,PORTACION DE ARMA BLANCA,arma_blanca,2.0,19.079469,-99.64662,COORDENADA
TOL26072606957,2026-07-26,20:26:00,20,vespertina (14-22),ALMOLOYA,VALLE TOLUCA,VIOLENCIA CONTRA LAS MUJERES,violencia_genero,2.0,19.361036,-99.769411,COORDENADA
TOL26072607034,2026-07-26,20:33:00,20,vespertina (14-22),LERMA,SIN CATALOGAR,RIÑA,rina,1.5,19.29495,-99.516075,COORDENADA
TOL26072607038,2026-07-26,20:33:00,20,vespertina (14-22),NAUCALPAN,METROPOLITANA,RIÑA,rina,1.5,19.44241,-99.34481,COORDENADA
TOL26072607082,2026-07-26,20:37:00,20,vespertina (14-22),MORELOS,ATLACOMULCO,ALTERACION DEL ORDEN PUBLICO POR PERSONA ALCOHOLIZADA,rina,1.5,19.648803,-99.612682,COORDENADA
TOL26072607101,2026-07-26,20:39:00,20,vespertina (14-22),VALLE DE BRAVO,VALLE DE BRAVO,PORTACION DE ARMAS DE FUEGO O CARTUCHOS,arma_fuego,3.0,19.185143,-100.216704,COORDENADA
TOL26072607137,2026-07-26,20:42:00,20,vespertina (14-22),,SIN CATALOGAR,VIOLENCIA FAMILIAR,violencia_genero,2.0,,,NULA
TOL26072607138,2026-07-26,20:42:00,20,vespertina (14-22),HUIXQUILUCAN,METROPOLITANA,VIOLENCIA CONTRA LAS MUJERES,violencia_genero,2.0,19.38384,-99.28233,COORDENADA
TOL26072607156,2026-07-26,20:44:00,20,vespertina (14-22),TENANCINGO,IXTAPAN,VIOLENCIA CONTRA LAS MUJERES,violencia_genero,2.0,18.949465,-99.566252,COORDENADA
TOL26072607170,2026-07-26,20:45:00,20,vespertina (14-22),LERMA,SIN CATALOGAR,RIÑA,rina,1.5,19.305575,-99.45961,COORDENADA
TOL26072607173,2026-07-26,20:45:00,20,vespertina (14-22),TOLUCA,VALLE TOLUCA,VIOLENCIA DE PAREJA,violencia_genero,2.0,19.32255,-99.62268,COORDENADA
TOL26072607177,2026-07-26,20:46:00,20,vespertina (14-22),LERMA,SIN CATALOGAR,RIÑA,rina,1.5,19.30195,-99.460628,COORDENADA
TOL26072607182,2026-07-26,20:46:00,20,vespertina (14-22),SAN MATEO ATENCO,VALLE TOLUCA,VIOLENCIA CONTRA LAS MUJERES,violencia_genero,2.0,,,ALTA
TOL26072607232,2026-07-26,20:51:00,20,vespertina (14-22),ALMOLOYA,VALLE TOLUCA,PERSONA AGRESIVA,rina,1.5,19.329024,-99.832136,COORDENADA
TOL26072607270,2026-07-26,20:54:00,20,vespertina (14-22),TOLUCA,VALLE TOLUCA,PERSONA AGRESIVA,rina,1.5,19.36056,-99.68188,COORDENADA
TOL26072607275,2026-07-26,20:55:00,20,vespertina (14-22),HUIXQUILUCAN,METROPOLITANA,VIOLENCIA DE PAREJA,violencia_genero,2.0,19.36093,-99.326024,COORDENADA
TOL26072607299,2026-07-26,20:57:00,20,vespertina (14-22),TEMOAYA,VALLE TOLUCA,VIOLENCIA FAMILIAR,violencia_genero,2.0,19.489897,-99.574161,COORDENADA
TOL26072607452,2026-07-26,21:11:00,21,vespertina (14-22),XALATLACO,VALLE TOLUCA,PERSONA AGRESIVA,rina,1.5,19.175305,-99.400518,COORDENADA
TOL26072607478,2026-07-26,21:13:00,21,vespertina (14-22),NAUCALPAN,METROPOLITANA,DETONACION POR ARMA DE FUEGO,arma_fuego,4.0,19.445389,-99.285354,COORDENADA
TOL26072607490,2026-07-26,21:15:00,21,vespertina (14-22),TOLUCA,VALLE TOLUCA,PORTACION DE ARMA BLANCA,arma_blanca,2.0,19.284503,-99.627532,COORDENADA
TOL26072607541,2026-07-26,21:21:00,21,vespertina (14-22),TOLUCA,VALLE TOLUCA,VIOLENCIA DE PAREJA,violencia_genero,2.0,19.31909,-99.665005,COORDENADA
TOL26072607596,2026-07-26,21:28:00,21,vespertina (14-22),TOLUCA,VALLE TOLUCA,VIOLENCIA CONTRA LAS MUJERES,violencia_genero,2.0,19.39302,-99.70069,COORDENADA
TOL26072607604,2026-07-26,21:29:00,21,vespertina (14-22),TENANGO DEL VALLE,IXTAPAN,PERSONA AGRESIVA,rina,1.5,,,ALTA
TOL26072607608,2026-07-26,21:29:00,21,vespertina (14-22),SAN FELIPE DEL PROGRESO,VALLE DE BRAVO,RIÑA,rina,1.5,19.704042,-99.941395,COORDENADA
TOL26072607626,2026-07-26,21:31:00,21,vespertina (14-22),CAPULHUAC,SIN CATALOGAR,VIOLENCIA CONTRA LAS MUJERES,violencia_genero,2.0,19.217256,-99.471513,COORDENADA
TOL26072607628,2026-07-26,21:31:00,21,vespertina (14-22),TOLUCA,VALLE TOLUCA,VIOLENCIA CONTRA LAS MUJERES,violencia_genero,2.0,19.21831,-99.68623,COORDENADA
TOL26072607640,2026-07-26,21:32:00,21,vespertina (14-22),TENANGO DEL VALLE,IXTAPAN,PERSONA AGRESIVA,rina,1.5,19.059909,-99.651275,COORDENADA
TOL26072607681,2026-07-26,21:37:00,21,vespertina (14-22),METEPEC,VALLE TOLUCA,VIOLENCIA CONTRA LAS MUJERES,violencia_genero,2.0,19.246172,-99.617649,COORDENADA
TOL26072607688,2026-07-26,21:38:00,21,vespertina (14-22),NAUCALPAN,METROPOLITANA,DETONACION POR ARMA DE FUEGO,arma_fuego,4.0,19.446685,-99.281855,COORDENADA
TOL26072607735,2026-07-26,21:45:00,21,vespertina (14-22),TOLUCA,VALLE TOLUCA,VIOLENCIA FAMILIAR,violencia_genero,2.0,19.34842,-99.62921,COORDENADA
TOL26072607756,2026-07-26,21:46:00,21,vespertina (14-22),NAUCALPAN,METROPOLITANA,VIOLENCIA CONTRA LAS MUJERES,violencia_genero,2.0,19.448069,-99.247279,COORDENADA
TOL26072607757,2026-07-26,21:47:00,21,vespertina (14-22),NAUCALPAN,METROPOLITANA,PERSONA AGRESIVA,rina,1.5,19.46231,-99.2382,COORDENADA
TOL26072607774,2026-07-26,21:48:00,21,vespertina (14-22),TOLUCA,VALLE TOLUCA,PERSONA LESIONADA POR OBJETO CONTUNDENTE,rina,1.5,19.334328,-99.689903,COORDENADA
TOL26072607802,2026-07-26,21:50:00,21,vespertina (14-22),OTZOLOTEPEC,VALLE TOLUCA,PERSONA AGRESIVA,rina,1.5,19.470092,-99.52608,COORDENADA
TOL26072607898,2026-07-26,22:03:00,22,nocturna (22-06),NAUCALPAN,METROPOLITANA,PERSONA AGRESIVA,rina,1.5,19.510779,-99.251195,COORDENADA
TOL26072607924,2026-07-26,22:05:00,22,nocturna (22-06),VILLA DEL CARBON,ATLACOMULCO,DETONACION DE ARMA DE FUEGO EN ESCUELA,arma_fuego,4.0,19.696002,-99.446725,COORDENADA
TOL26072607936,2026-07-26,22:06:00,22,nocturna (22-06),NAUCALPAN,METROPOLITANA,PERSONA AGRESIVA,rina,1.5,19.45356,-99.23922,COORDENADA
TOL26072607958,2026-07-26,22:08:00,22,nocturna (22-06),TOLUCA,VALLE TOLUCA,PERSONA AGRESIVA,rina,1.5,19.28055,-99.63308,COORDENADA
TOL26072607968,2026-07-26,22:08:00,22,nocturna (22-06),HUIXQUILUCAN,METROPOLITANA,RIÑA,rina,1.5,19.382886,-99.304135,COORDENADA
TOL26072607989,2026-07-26,22:11:00,22,nocturna (22-06),NAUCALPAN,METROPOLITANA,PERSONA AGRESIVA,rina,1.5,19.45356,-99.23922,COORDENADA
TOL26072607997,2026-07-26,22:12:00,22,nocturna (22-06),TOLUCA,VALLE TOLUCA,PERSONA AGRESIVA,rina,1.5,19.23127,-99.670315,COORDENADA
TOL26072608002,2026-07-26,22:12:00,22,nocturna (22-06),OCUILAN,IXTAPAN,HOMICIDIO,letal,10.0,19.022025,-99.463792,COORDENADA
TOL26072608018,2026-07-26,22:14:00,22,nocturna (22-06),IXTLAHUACA,ATLACOMULCO,VIOLENCIA CONTRA LAS MUJERES,violencia_genero,2.0,19.670525,-99.80958,COORDENADA
TOL26072608065,2026-07-26,22:19:00,22,nocturna (22-06),ALMOLOYA,VALLE TOLUCA,VIOLENCIA CONTRA LAS MUJERES,violencia_genero,2.0,19.454406,-99.7671,COORDENADA
TOL26072608066,2026-07-26,22:19:00,22,nocturna (22-06),ALMOLOYA,VALLE TOLUCA,PERSONA AGRESIVA,rina,1.5,19.356148,-99.802911,COORDENADA
TOL26072608070,2026-07-26,22:19:00,22,nocturna (22-06),VILLA VICTORIA,VALLE DE BRAVO,VIOLENCIA CONTRA LAS MUJERES,violencia_genero,2.0,19.435321,-99.993291,COORDENADA
TOL26072608086,2026-07-26,22:21:00,22,nocturna (22-06),TOLUCA,VALLE TOLUCA,PERSONA AGRESIVA,rina,1.5,19.29398,-99.63797,COORDENADA
TOL26072608129,2026-07-26,22:25:00,22,nocturna (22-06),NAUCALPAN,METROPOLITANA,ALTERACION DEL ORDEN PUBLICO POR PERSONA ALCOHOLIZADA,rina,1.5,19.447928,-99.267423,COORDENADA
TOL26072608153,2026-07-26,22:27:00,22,nocturna (22-06),NAUCALPAN,METROPOLITANA,VIOLENCIA FAMILIAR,violencia_genero,2.0,19.459415,-99.276155,COORDENADA
TOL26072608158,2026-07-26,22:28:00,22,nocturna (22-06),TOLUCA,VALLE TOLUCA,PERSONA AGRESIVA,rina,1.5,19.33599,-99.68246,COORDENADA
TOL26072608178,2026-07-26,22:31:00,22,nocturna (22-06),OCOYOACAC,VALLE TOLUCA,VIOLENCIA FAMILIAR,violencia_genero,2.0,19.25534,-99.46951,COORDENADA
TOL26072608181,2026-07-26,22:31:00,22,nocturna (22-06),OCOYOACAC,VALLE TOLUCA,PERSONA AGRESIVA,rina,1.5,19.25535,-99.46826,COORDENADA
TOL26072608192,2026-07-26,22:32:00,22,nocturna (22-06),NAUCALPAN,METROPOLITANA,PERSONA AGRESIVA,rina,1.5,19.440905,-99.286568,COORDENADA
TOL26072608196,2026-07-26,22:33:00,22,nocturna (22-06),XALATLACO,VALLE TOLUCA,PERSONA AGRESIVA,rina,1.5,19.182397,-99.41347,COORDENADA
TOL26072608214,2026-07-26,22:35:00,22,nocturna (22-06),CALIMAYA,IXTAPAN,VIOLENCIA FAMILIAR,violencia_genero,2.0,19.181977,-99.554032,COORDENADA
TOL26072608227,2026-07-26,22:37:00,22,nocturna (22-06),TOLUCA,VALLE TOLUCA,PERSONA TIRADA EN VIA PUBLICA,deceso_dudoso,3.0,19.344595,-99.64724,COORDENADA
TOL26072608253,2026-07-26,22:40:00,22,nocturna (22-06),TOLUCA,VALLE TOLUCA,PERSONA AGRESIVA,rina,1.5,19.23548,-99.64651,COORDENADA
TOL26072608258,2026-07-26,22:41:00,22,nocturna (22-06),TOLUCA,VALLE TOLUCA,PERSONA TIRADA EN LA VIA PUBLICA CON HUELLAS DE VIOLENCIA,letal,5.0,19.3371,-99.63759,COORDENADA
TOL26072608262,2026-07-26,22:41:00,22,nocturna (22-06),ZINACANTEPEC,VALLE TOLUCA,PERSONA AGRESIVA,rina,1.5,19.245915,-99.75803,COORDENADA
TOL26072608286,2026-07-26,22:43:00,22,nocturna (22-06),TEMASCALCINGO,ATLACOMULCO,PORTACION DE ARMA BLANCA,arma_blanca,2.0,19.831971,-100.003663,COORDENADA
TOL26072608298,2026-07-26,22:45:00,22,nocturna (22-06),OCOYOACAC,VALLE TOLUCA,VIOLENCIA FAMILIAR,violencia_genero,2.0,19.25534,-99.46951,COORDENADA
TOL26072608311,2026-07-26,22:47:00,22,nocturna (22-06),METEPEC,VALLE TOLUCA,PERSONA AGRESIVA,rina,1.5,19.273495,-99.61556,COORDENADA
TOL26072608319,2026-07-26,22:47:00,22,nocturna (22-06),IXTLAHUACA,ATLACOMULCO,PERSONA AGRESIVA,rina,1.5,19.59201,-99.743658,COORDENADA
TOL26072608401,2026-07-26,22:59:00,22,nocturna (22-06),TOLUCA,VALLE TOLUCA,DETONACION POR ARMA DE FUEGO,arma_fuego,4.0,19.31864,-99.64757,COORDENADA
TOL26072608403,2026-07-26,22:59:00,22,nocturna (22-06),TOLUCA,VALLE TOLUCA,PERSONA LESIONADA POR PROYECTIL DE ARMA DE FUEGO,arma_fuego,6.0,19.31864,-99.64757,COORDENADA
TOL26072608404,2026-07-26,22:59:00,22,nocturna (22-06),TOLUCA,VALLE TOLUCA,PORTACION DE ARMAS DE FUEGO O CARTUCHOS,arma_fuego,3.0,19.31829,-99.6465,COORDENADA
TOL26072608437,2026-07-26,23:02:00,23,nocturna (22-06),TEMASCALTEPEC,SIN CATALOGAR,VIOLENCIA CONTRA LAS MUJERES,violencia_genero,2.0,19.046695,-100.04157,COORDENADA
TOL26072608441,2026-07-26,23:03:00,23,nocturna (22-06),TOLUCA,VALLE TOLUCA,PERSONA AGRESIVA,rina,1.5,19.252866,-99.706333,COORDENADA
TOL26072608466,2026-07-26,23:06:00,23,nocturna (22-06),TEMASCALTEPEC,SIN CATALOGAR,VIOLENCIA CONTRA LAS MUJERES,violencia_genero,2.0,19.046695,-100.04157,COORDENADA
TOL26072608472,2026-07-26,23:07:00,23,nocturna (22-06),OCOYOACAC,VALLE TOLUCA,VIOLENCIA FAMILIAR,violencia_genero,2.0,19.267475,-99.46487,COORDENADA
TOL26072608482,2026-07-26,23:08:00,23,nocturna (22-06),IXTAPAN DE LA SAL,IXTAPAN,PERSONA AGRESIVA,rina,1.5,18.843022,-99.679351,COORDENADA
TOL26072608492,2026-07-26,23:09:00,23,nocturna (22-06),TOLUCA,VALLE TOLUCA,PERSONA AGRESIVA,rina,1.5,19.31426,-99.61401,COORDENADA
TOL26072608495,2026-07-26,23:10:00,23,nocturna (22-06),NAUCALPAN,METROPOLITANA,RIÑA,rina,1.5,19.45262,-99.258015,COORDENADA
TOL26072608507,2026-07-26,23:11:00,23,nocturna (22-06),TEMASCALCINGO,ATLACOMULCO,PERSONA LESIONADA DURANTE ALTERACION DEL ORDEN PUBLICO O POR RIÑA,rina,1.5,19.846033,-99.998747,COORDENADA
TOL26072608520,2026-07-26,23:13:00,23,nocturna (22-06),TEMASCALTEPEC,SIN CATALOGAR,VIOLENCIA CONTRA LAS MUJERES,violencia_genero,2.0,19.04458,-100.04242,COORDENADA
TOL26072608533,2026-07-26,23:16:00,23,nocturna (22-06),ALMOLOYA DEL RIO,SIN CATALOGAR,VIOLENCIA CONTRA LAS MUJERES,violencia_genero,2.0,19.154698,-99.49029,COORDENADA
TOL26072608536,2026-07-26,23:16:00,23,nocturna (22-06),SAN MATEO ATENCO,VALLE TOLUCA,VIOLENCIA CONTRA LAS MUJERES,violencia_genero,2.0,19.26606,-99.53382,COORDENADA
TOL26072608547,2026-07-26,23:18:00,23,nocturna (22-06),EL ORO,VALLE DE BRAVO,PERSONA AGRESIVA,rina,1.5,19.825689,-100.089397,COORDENADA
TOL26072608553,2026-07-26,23:18:00,23,nocturna (22-06),VILLA DEL CARBON,ATLACOMULCO,DETONACION POR ARMA DE FUEGO,arma_fuego,4.0,19.695258,-99.447734,COORDENADA
TOL26072608573,2026-07-26,23:22:00,23,nocturna (22-06),NAUCALPAN,METROPOLITANA,PERSONA AGRESIVA,rina,1.5,19.461895,-99.239235,COORDENADA
TOL26072608575,2026-07-26,23:22:00,23,nocturna (22-06),NAUCALPAN,METROPOLITANA,ALTERACION DEL ORDEN PUBLICO POR PERSONA ALCOHOLIZADA,rina,1.5,19.437523,-99.24784,COORDENADA
TOL26072608645,2026-07-26,23:36:00,23,nocturna (22-06),NAUCALPAN,METROPOLITANA,ALTERACION DEL ORDEN PUBLICO POR PERSONA ALCOHOLIZADA,rina,1.5,19.45908,-99.2469,COORDENADA
TOL26072608653,2026-07-26,23:37:00,23,nocturna (22-06),NAUCALPAN,METROPOLITANA,ALTERACION DEL ORDEN PUBLICO POR PERSONA ALCOHOLIZADA,rina,1.5,19.440555,-99.27394,COORDENADA
TOL26072608663,2026-07-26,23:39:00,23,nocturna (22-06),TOLUCA,VALLE TOLUCA,PORTACION DE ARMAS DE FUEGO O CARTUCHOS,arma_fuego,3.0,19.369555,-99.55857,COORDENADA
TOL26072608671,2026-07-26,23:40:00,23,nocturna (22-06),TOLUCA,VALLE TOLUCA,ROBO A TRANSEUNTE CON VIOLENCIA,robo_violento,2.0,19.32029,-99.62683,COORDENADA
TOL26072608675,2026-07-26,23:41:00,23,nocturna (22-06),NAUCALPAN,METROPOLITANA,PERSONA AGRESIVA,rina,1.5,19.48456,-99.224985,COORDENADA
TOL26072608682,2026-07-26,23:41:00,23,nocturna (22-06),TOLUCA,VALLE TOLUCA,PERSONA AGRESIVA,rina,1.5,19.23127,-99.670315,COORDENADA
TOL26072608696,2026-07-26,23:43:00,23,nocturna (22-06),TOLUCA,VALLE TOLUCA,ALTERACION DEL ORDEN PUBLICO POR PERSONA ALCOHOLIZADA,rina,1.5,19.28009,-99.63239,COORDENADA
TOL26072608698,2026-07-26,23:43:00,23,nocturna (22-06),NAUCALPAN,METROPOLITANA,ROBO A CASA HABITACION CON VIOLENCIA,robo_violento,2.0,19.46465,-99.238615,COORDENADA
TOL26072608707,2026-07-26,23:45:00,23,nocturna (22-06),TIANGUISTENCO,VALLE TOLUCA,VIOLENCIA CONTRA LAS MUJERES,violencia_genero,2.0,19.138268,-99.426803,COORDENADA
TOL26072608710,2026-07-26,23:45:00,23,nocturna (22-06),TOLUCA,VALLE TOLUCA,PERSONA AGRESIVA,rina,1.5,19.27146,-99.68751,COORDENADA
TOL26072608719,2026-07-26,23:46:00,23,nocturna (22-06),ZINACANTEPEC,VALLE TOLUCA,ALTERACION DEL ORDEN PUBLICO POR PERSONA ALCOHOLIZADA,rina,1.5,19.279333,-99.773553,COORDENADA
TOL26072608722,2026-07-26,23:47:00,23,nocturna (22-06),TOLUCA,VALLE TOLUCA,PERSONA AGRESIVA,rina,1.5,19.2921,-99.6569,COORDENADA
TOL26072608724,2026-07-26,23:47:00,23,nocturna (22-06),NAUCALPAN,METROPOLITANA,VIOLENCIA CONTRA LAS MUJERES,violencia_genero,2.0,19.424065,-99.39678,COORDENADA
TOL26072608743,2026-07-26,23:50:00,23,nocturna (22-06),METEPEC,VALLE TOLUCA,PERSONA AGRESIVA,rina,1.5,19.25437,-99.62815,COORDENADA
TOL26072608755,2026-07-26,23:54:00,23,nocturna (22-06),TOLUCA,VALLE TOLUCA,VIOLENCIA CONTRA LAS MUJERES,violencia_genero,2.0,19.369555,-99.55857,COORDENADA
TOL26072608759,2026-07-26,23:54:00,23,nocturna (22-06),TIANGUISTENCO,VALLE TOLUCA,TENTATIVA DE PRIVACION DE LA LIBERTAD,alta_incidencia,4.0,19.136656,-99.431907,COORDENADA
TOL26072608761,2026-07-26,23:54:00,23,nocturna (22-06),ACAMBAY,ATLACOMULCO,VIOLENCIA CONTRA LAS MUJERES,violencia_genero,2.0,19.949624,-99.849794,COORDENADA
TOL26072608765,2026-07-26,23:55:00,23,nocturna (22-06),TOLUCA,VALLE TOLUCA,VIOLENCIA FAMILIAR,violencia_genero,2.0,19.33802,-99.69384,COORDENADA
TOL26072700002,2026-07-27,00:00:00,0,nocturna (22-06),TIANGUISTENCO,VALLE TOLUCA,ROBO A TRANSEUNTE CON VIOLENCIA,robo_violento,2.0,19.08958,-99.40599,COORDENADA
TOL26072700005,2026-07-27,00:00:00,0,nocturna (22-06),TOLUCA,VALLE TOLUCA,PERSONA AGRESIVA,rina,1.5,19.34216,-99.59261,COORDENADA
TOL26072700018,2026-07-27,00:03:00,0,nocturna (22-06),TOLUCA,VALLE TOLUCA,ROBO A CASA HABITACION CON VIOLENCIA,robo_violento,2.0,19.23926,-99.650125,COORDENADA
TOL26072700031,2026-07-27,00:06:00,0,nocturna (22-06),NAUCALPAN,METROPOLITANA,VIOLENCIA CONTRA LAS MUJERES,violencia_genero,2.0,19.463461,-99.274486,COORDENADA
TOL26072700035,2026-07-27,00:06:00,0,nocturna (22-06),TOLUCA,VALLE TOLUCA,ALTERACION DEL ORDEN PUBLICO POR PERSONA ALCOHOLIZADA,rina,1.5,19.30847,-99.60563,COORDENADA
TOL26072700036,2026-07-27,00:06:00,0,nocturna (22-06),TIANGUISTENCO,VALLE TOLUCA,PERSONA AGRESIVA,rina,1.5,19.199504,-99.502541,COORDENADA
TOL26072700059,2026-07-27,00:11:00,0,nocturna (22-06),EL ORO,VALLE DE BRAVO,VIOLENCIA CONTRA LAS MUJERES,violencia_genero,2.0,19.78233,-100.121025,COORDENADA
TOL26072700067,2026-07-27,00:12:00,0,nocturna (22-06),TIANGUISTENCO,VALLE TOLUCA,PERSONA AGRESIVA,rina,1.5,19.199209,-99.500906,COORDENADA
TOL26072700089,2026-07-27,00:16:00,0,nocturna (22-06),SOYANIQUILPAN,ATLACOMULCO,VIOLENCIA CONTRA LAS MUJERES,violencia_genero,2.0,20.016889,-99.543038,COORDENADA
TOL26072700090,2026-07-27,00:16:00,0,nocturna (22-06),TOLUCA,VALLE TOLUCA,RIÑA,rina,1.5,19.279582,-99.627367,COORDENADA
TOL26072700110,2026-07-27,00:20:00,0,nocturna (22-06),TOLUCA,VALLE TOLUCA,PERSONA AGRESIVA,rina,1.5,19.36417,-99.673265,COORDENADA
TOL26072700118,2026-07-27,00:25:00,0,nocturna (22-06),TOLUCA,VALLE TOLUCA,ALTERACION DEL ORDEN PUBLICO POR PERSONA ALCOHOLIZADA,rina,1.5,19.27244,-99.63879,COORDENADA
TOL26072700124,2026-07-27,00:27:00,0,nocturna (22-06),HUIXQUILUCAN,METROPOLITANA,PERSONA TIRADA EN VIA PUBLICA,deceso_dudoso,3.0,19.388107,-99.278843,COORDENADA
TOL26072700138,2026-07-27,00:29:00,0,nocturna (22-06),ZINACANTEPEC,VALLE TOLUCA,RIÑA,rina,1.5,19.28308,-99.72947,COORDENADA
TOL26072700148,2026-07-27,00:32:00,0,nocturna (22-06),ATLACOMULCO,ATLACOMULCO,VIOLENCIA CONTRA LAS MUJERES,violencia_genero,2.0,19.84075,-99.9256,COORDENADA
TOL26072700150,2026-07-27,00:33:00,0,nocturna (22-06),METEPEC,VALLE TOLUCA,PERSONA AGRESIVA,rina,1.5,19.25437,-99.62815,COORDENADA
TOL26072700152,2026-07-27,00:33:00,0,nocturna (22-06),JIQUIPILCO,ATLACOMULCO,ALTERACION DEL ORDEN PUBLICO POR PERSONA ALCOHOLIZADA,rina,1.5,19.556094,-99.607331,COORDENADA
TOL26072700164,2026-07-27,00:35:00,0,nocturna (22-06),CAPULHUAC,SIN CATALOGAR,PORTACION DE ARMA BLANCA,arma_blanca,2.0,19.199568,-99.469361,COORDENADA
TOL26072700167,2026-07-27,00:36:00,0,nocturna (22-06),OTZOLOTEPEC,VALLE TOLUCA,PERSONA TIRADA EN VIA PUBLICA,deceso_dudoso,3.0,19.429523,-99.511174,COORDENADA
TOL26072700168,2026-07-27,00:37:00,0,nocturna (22-06),TOLUCA,VALLE TOLUCA,VIOLENCIA CONTRA LAS MUJERES,violencia_genero,2.0,19.344595,-99.64724,COORDENADA
TOL26072700186,2026-07-27,00:40:00,0,nocturna (22-06),JIQUIPILCO,ATLACOMULCO,ALTERACION DEL ORDEN PUBLICO POR PERSONA ALCOHOLIZADA,rina,1.5,19.554913,-99.607781,COORDENADA
TOL26072700215,2026-07-27,00:47:00,0,nocturna (22-06),JIQUIPILCO,ATLACOMULCO,PERSONA AGRESIVA,rina,1.5,19.575385,-99.723681,COORDENADA
TOL26072700223,2026-07-27,00:49:00,0,nocturna (22-06),JIQUIPILCO,ATLACOMULCO,ALTERACION DEL ORDEN PUBLICO POR PERSONA ALCOHOLIZADA,rina,1.5,19.549585,-99.609337,COORDENADA
TOL26072700236,2026-07-27,00:52:00,0,nocturna (22-06),TOLUCA,VALLE TOLUCA,ROBO A CASA HABITACION CON VIOLENCIA,robo_violento,2.0,19.33066,-99.63356,COORDENADA
TOL26072700248,2026-07-27,00:56:00,0,nocturna (22-06),NAUCALPAN,METROPOLITANA,DETONACION POR ARMA DE FUEGO,arma_fuego,4.0,19.45602,-99.253395,COORDENADA
TOL26072700271,2026-07-27,01:04:00,1,nocturna (22-06),OTZOLOTEPEC,VALLE TOLUCA,PERSONA TIRADA EN VIA PUBLICA,deceso_dudoso,3.0,19.451975,-99.487294,COORDENADA
TOL26072700290,2026-07-27,01:15:00,1,nocturna (22-06),TIANGUISTENCO,VALLE TOLUCA,VIOLENCIA CONTRA LAS MUJERES,violencia_genero,2.0,19.189253,-99.490001,COORDENADA
TOL26072700303,2026-07-27,01:25:00,1,nocturna (22-06),TEMOAYA,VALLE TOLUCA,PERSONA AGRESIVA,rina,1.5,19.404583,-99.618805,COORDENADA
TOL26072700304,2026-07-27,01:26:00,1,nocturna (22-06),METEPEC,VALLE TOLUCA,ALTERACION DEL ORDEN PUBLICO POR PERSONA ALCOHOLIZADA,rina,1.5,19.22821,-99.63253,COORDENADA
TOL26072700330,2026-07-27,01:34:00,1,nocturna (22-06),NAUCALPAN,METROPOLITANA,VIOLENCIA CONTRA LAS MUJERES,violencia_genero,2.0,19.500017,-99.256565,COORDENADA
TOL26072700332,2026-07-27,01:34:00,1,nocturna (22-06),XALATLACO,VALLE TOLUCA,PERSONA AGRESIVA,rina,1.5,19.179635,-99.423505,COORDENADA
TOL26072700341,2026-07-27,01:36:00,1,nocturna (22-06),TOLUCA,VALLE TOLUCA,PERSONA AGRESIVA,rina,1.5,19.27019,-99.64464,COORDENADA
TOL26072700360,2026-07-27,01:39:00,1,nocturna (22-06),TEMOAYA,VALLE TOLUCA,RIÑA,rina,1.5,19.467707,-99.591764,COORDENADA
TOL26072700393,2026-07-27,01:49:00,1,nocturna (22-06),TOLUCA,VALLE TOLUCA,ALTERACION DEL ORDEN PUBLICO POR PERSONA ALCOHOLIZADA,rina,1.5,19.33026,-99.68416,COORDENADA
TOL26072700398,2026-07-27,01:50:00,1,nocturna (22-06),TOLUCA,VALLE TOLUCA,VIOLENCIA FAMILIAR,violencia_genero,2.0,19.35673,-99.63063,COORDENADA
TOL26072700456,2026-07-27,02:08:00,2,nocturna (22-06),TOLUCA,VALLE TOLUCA,PERSONA LESIONADA POR PROYECTIL DE ARMA DE FUEGO,arma_fuego,6.0,19.344595,-99.64724,COORDENADA
TOL26072700467,2026-07-27,02:09:00,2,nocturna (22-06),TOLUCA,VALLE TOLUCA,PERSONA AGRESIVA,rina,1.5,19.27904,-99.63159,COORDENADA
TOL26072700490,2026-07-27,02:15:00,2,nocturna (22-06),TOLUCA,VALLE TOLUCA,PERSONA AGRESIVA,rina,1.5,19.348035,-99.600465,COORDENADA
TOL26072700494,2026-07-27,02:16:00,2,nocturna (22-06),TOLUCA,VALLE TOLUCA,VIOLENCIA DE PAREJA,violencia_genero,2.0,19.35649,-99.629946,COORDENADA
TOL26072700504,2026-07-27,02:18:00,2,nocturna (22-06),TOLUCA,VALLE TOLUCA,ALTERACION DEL ORDEN PUBLICO POR PERSONA ALCOHOLIZADA,rina,1.5,19.30808,-99.652765,COORDENADA
TOL26072700512,2026-07-27,02:20:00,2,nocturna (22-06),TOLUCA,VALLE TOLUCA,PERSONA LESIONADA POR PROYECTIL DE ARMA DE FUEGO,arma_fuego,6.0,19.33838,-99.63759,COORDENADA
TOL26072700536,2026-07-27,02:25:00,2,nocturna (22-06),TOLUCA,VALLE TOLUCA,VIOLENCIA CONTRA LAS MUJERES,violencia_genero,2.0,19.341448,-99.652867,COORDENADA
TOL26072700560,2026-07-27,02:29:00,2,nocturna (22-06),TIANGUISTENCO,VALLE TOLUCA,VIOLENCIA CONTRA LAS MUJERES,violencia_genero,2.0,19.198701,-99.499447,COORDENADA
TOL26072700565,2026-07-27,02:30:00,2,nocturna (22-06),XALATLACO,VALLE TOLUCA,ALTERACION DEL ORDEN PUBLICO POR PERSONA ALCOHOLIZADA,rina,1.5,19.158252,-99.447978,COORDENADA
TOL26072700575,2026-07-27,02:31:00,2,nocturna (22-06),TOLUCA,VALLE TOLUCA,VIOLENCIA CONTRA LAS MUJERES,violencia_genero,2.0,19.27128,-99.67948,COORDENADA
TOL26072700593,2026-07-27,02:36:00,2,nocturna (22-06),SAN MATEO ATENCO,VALLE TOLUCA,PERSONA NO LOCALIZADA O DESAPARECIDA,desaparicion,3.0,19.26309,-99.52157,COORDENADA
TOL26072700601,2026-07-27,02:40:00,2,nocturna (22-06),ZINACANTEPEC,VALLE TOLUCA,PERSONA AGRESIVA,rina,1.5,19.27838,-99.7379,COORDENADA
TOL26072700607,2026-07-27,02:42:00,2,nocturna (22-06),NAUCALPAN,METROPOLITANA,DETONACION POR ARMA DE FUEGO,arma_fuego,4.0,19.46358,-99.27502,COORDENADA
TOL26072700647,2026-07-27,02:55:00,2,nocturna (22-06),TOLUCA,VALLE TOLUCA,PERSONA AGRESIVA,rina,1.5,19.24363,-99.680275,COORDENADA
ECA26072605849,2026-07-26,15:05:00,15,vespertina (14-22),CHICOLOAPAN,SIN CATALOGAR,RIÑA,rina,1.5,19.4163,-98.91567,COORDENADA
ECA26072605866,2026-07-26,15:07:00,15,vespertina (14-22),ZUMPANGO,ECATEPEC,ROBO DE VEHICULO PARTICULAR CON VIOLENCIA,robo_violento,2.0,19.803605,-99.090715,COORDENADA
ECA26072605915,2026-07-26,15:12:00,15,vespertina (14-22),ECATEPEC,ECATEPEC,PERSONA AGRESIVA,rina,1.5,19.508935,-99.059445,COORDENADA
ECA26072605951,2026-07-26,15:17:00,15,vespertina (14-22),CHALCO,CHALCO,PERSONA AGRESIVA,rina,1.5,19.2777,-98.84504,COORDENADA
ECA26072605988,2026-07-26,15:22:00,15,vespertina (14-22),TULTITLAN,METROPOLITANA,PERSONA AGRESIVA,rina,1.5,19.668737,-99.080755,COORDENADA
ECA26072605991,2026-07-26,15:22:00,15,vespertina (14-22),ECATEPEC,ECATEPEC,VIOLENCIA DE PAREJA,violencia_genero,2.0,19.64345,-98.99471,COORDENADA
ECA26072606061,2026-07-26,15:28:00,15,vespertina (14-22),TEMASCALAPA,SIN CATALOGAR,ROBO A TRANSEUNTE CON VIOLENCIA,robo_violento,2.0,,,ALTA
ECA26072606075,2026-07-26,15:30:00,15,vespertina (14-22),TECAMAC,ECATEPEC,VIOLENCIA CONTRA LAS MUJERES,violencia_genero,2.0,19.6495,-99.03819,COORDENADA
ECA26072606157,2026-07-26,15:39:00,15,vespertina (14-22),ATIZAPAN,METROPOLITANA,PERSONA AGRESIVA,rina,1.5,19.5764,-99.23843,COORDENADA
ECA26072606192,2026-07-26,15:43:00,15,vespertina (14-22),ECATEPEC,ECATEPEC,PERSONA AGRESIVA,rina,1.5,19.50303,-99.03244,COORDENADA
ECA26072606218,2026-07-26,15:47:00,15,vespertina (14-22),IXTAPALUCA,CHALCO,PERSONA NO LOCALIZADA O DESAPARECIDA,desaparicion,3.0,19.38394,-98.844455,COORDENADA
ECA26072606234,2026-07-26,15:49:00,15,vespertina (14-22),ECATEPEC,ECATEPEC,PORTACION DE ARMA BLANCA,arma_blanca,2.0,19.61048,-99.05533,COORDENADA
ECA26072606268,2026-07-26,15:55:00,15,vespertina (14-22),LA PAZ,ORIENTE,EXTORSION O INTENTO DE EXTORSION (NO TELEFONICA),alta_incidencia,4.0,19.361795,-98.969155,COORDENADA
ECA26072606294,2026-07-26,15:59:00,15,vespertina (14-22),CHIMALHUACAN,ORIENTE,PERSONA AGRESIVA,rina,1.5,19.43498,-98.93226,COORDENADA
ECA26072606318,2026-07-26,16:01:00,16,vespertina (14-22),HUEHUETOCA,ECATEPEC,ALTERACION DEL ORDEN PUBLICO POR PERSONA DROGADA,rina,1.5,19.833608,-99.20898,COORDENADA
ECA26072606319,2026-07-26,16:01:00,16,vespertina (14-22),IXTAPALUCA,CHALCO,PERSONA AGRESIVA,rina,1.5,19.31609,-98.928275,COORDENADA
ECA26072606325,2026-07-26,16:03:00,16,vespertina (14-22),IXTAPALUCA,CHALCO,PERSONA AGRESIVA,rina,1.5,19.313695,-98.92338,COORDENADA
ECA26072606380,2026-07-26,16:09:00,16,vespertina (14-22),LA PAZ,ORIENTE,VIOLENCIA CONTRA LAS MUJERES,violencia_genero,2.0,19.371455,-98.96885,COORDENADA
ECA26072606398,2026-07-26,16:12:00,16,vespertina (14-22),TECAMAC,ECATEPEC,VIOLENCIA CONTRA LAS MUJERES,violencia_genero,2.0,19.63415,-99.04761,COORDENADA
ECA26072606416,2026-07-26,16:16:00,16,vespertina (14-22),CUAUTITLAN IZCALLI,METROPOLITANA,PERSONA AGRESIVA,rina,1.5,19.62562,-99.22248,COORDENADA
ECA26072606466,2026-07-26,16:25:00,16,vespertina (14-22),COACALCO DE BERRIOZABAL,ECATEPEC,PERSONA AGRESIVA,rina,1.5,19.6387,-99.10484,COORDENADA
ECA26072606477,2026-07-26,16:27:00,16,vespertina (14-22),NEXTLALPAN,SIN CATALOGAR,PERSONA AGRESIVA,rina,1.5,19.737832,-99.078562,COORDENADA
ECA26072606501,2026-07-26,16:28:00,16,vespertina (14-22),ECATEPEC,ECATEPEC,VIOLENCIA CONTRA LAS MUJERES,violencia_genero,2.0,19.560235,-99.062675,COORDENADA
ECA26072606509,2026-07-26,16:29:00,16,vespertina (14-22),TECAMAC,ECATEPEC,PERSONA AGRESIVA,rina,1.5,19.65392,-98.99578,COORDENADA
ECA26072606510,2026-07-26,16:29:00,16,vespertina (14-22),NEXTLALPAN,SIN CATALOGAR,ROBO A ESCUELA CON VIOLENCIA,robo_violento,2.0,19.735704,-99.072101,COORDENADA
ECA26072606526,2026-07-26,16:30:00,16,vespertina (14-22),NICOLAS ROMERO,METROPOLITANA,PERSONA AGRESIVA,rina,1.5,19.59307,-99.28776,COORDENADA
ECA26072606531,2026-07-26,16:31:00,16,vespertina (14-22),CHALCO,CHALCO,PERSONA AGRESIVA,rina,1.5,19.29269,-98.87001,COORDENADA
ECA26072606544,2026-07-26,16:33:00,16,vespertina (14-22),TLALNEPANTLA,METROPOLITANA,ROBO A TRANSPORTISTA O VEHICULO COMERCIAL CON VIOLENCIA,robo_violento,2.0,19.584515,-99.198015,COORDENADA
ECA26072606607,2026-07-26,16:40:00,16,vespertina (14-22),ECATEPEC,ECATEPEC,ROBO A TRANSEUNTE CON VIOLENCIA,robo_violento,2.0,19.49931,-99.04712,COORDENADA
ECA26072606610,2026-07-26,16:41:00,16,vespertina (14-22),ISIDRO FABELA,METROPOLITANA,PERSONA AGRESIVA,rina,1.5,19.557923,-99.416843,COORDENADA
ECA26072606614,2026-07-26,16:41:00,16,vespertina (14-22),LA PAZ,ORIENTE,PERSONA TIRADA EN VIA PUBLICA,deceso_dudoso,3.0,19.36471,-98.9745,COORDENADA
ECA26072606633,2026-07-26,16:43:00,16,vespertina (14-22),ECATEPEC,ECATEPEC,VIOLENCIA CONTRA LAS MUJERES,violencia_genero,2.0,19.5647,-99.08897,COORDENADA
ECA26072606639,2026-07-26,16:44:00,16,vespertina (14-22),CHICOLOAPAN,SIN CATALOGAR,PERSONA AGRESIVA,rina,1.5,19.42125,-98.90146,COORDENADA
ECA26072606640,2026-07-26,16:44:00,16,vespertina (14-22),CHALCO,CHALCO,ROBO A TRANSPORTISTA O VEHICULO COMERCIAL CON VIOLENCIA,robo_violento,2.0,,,ALTA
ECA26072606654,2026-07-26,16:47:00,16,vespertina (14-22),ECATEPEC,ECATEPEC,PERSONA AGRESIVA,rina,1.5,19.5413,-99.06147,COORDENADA
ECA26072606675,2026-07-26,16:50:00,16,vespertina (14-22),COYOTEPEC,ECATEPEC,PORTACION DE ARMA BLANCA,arma_blanca,2.0,19.765479,-99.207404,COORDENADA
ECA26072606685,2026-07-26,16:53:00,16,vespertina (14-22),CUAUTITLAN IZCALLI,METROPOLITANA,VIOLENCIA CONTRA LAS MUJERES,violencia_genero,2.0,19.631945,-99.225125,COORDENADA
ECA26072606692,2026-07-26,16:54:00,16,vespertina (14-22),ECATEPEC,ECATEPEC,VIOLENCIA CONTRA LAS MUJERES,violencia_genero,2.0,19.61745,-99.017525,COORDENADA
ECA26072606722,2026-07-26,16:57:00,16,vespertina (14-22),CHALCO,CHALCO,ROBO DE VEHICULO PARTICULAR CON VIOLENCIA,robo_violento,2.0,19.257545,-98.816155,COORDENADA
ECA26072606727,2026-07-26,16:58:00,16,vespertina (14-22),LA PAZ,ORIENTE,DETONACION POR ARMA DE FUEGO,arma_fuego,4.0,19.370185,-98.96004,COORDENADA
ECA26072606728,2026-07-26,16:58:00,16,vespertina (14-22),ECATEPEC,ECATEPEC,PERSONA AGRESIVA,rina,1.5,19.53824,-99.078995,COORDENADA
ECA26072606742,2026-07-26,17:00:00,17,vespertina (14-22),TULTEPEC,ECATEPEC,VIOLENCIA CONTRA LAS MUJERES,violencia_genero,2.0,19.69338,-99.108615,COORDENADA
ECA26072606758,2026-07-26,17:02:00,17,vespertina (14-22),TLALNEPANTLA,METROPOLITANA,PERSONA AGRESIVA,rina,1.5,19.516475,-99.174585,COORDENADA
ECA26072606772,2026-07-26,17:04:00,17,vespertina (14-22),,SIN CATALOGAR,DETONACION POR ARMA DE FUEGO,arma_fuego,4.0,,,NULA
ECA26072606783,2026-07-26,17:06:00,17,vespertina (14-22),ECATEPEC,ECATEPEC,VIOLENCIA CONTRA LAS MUJERES,violencia_genero,2.0,19.539095,-99.03962,COORDENADA
ECA26072606799,2026-07-26,17:07:00,17,vespertina (14-22),CUAUTITLAN IZCALLI,METROPOLITANA,VIOLENCIA DE PAREJA,violencia_genero,2.0,19.65523,-99.21083,COORDENADA
ECA26072606817,2026-07-26,17:09:00,17,vespertina (14-22),NEXTLALPAN,SIN CATALOGAR,PERSONA NO LOCALIZADA O DESAPARECIDA,desaparicion,3.0,19.704916,-99.071542,COORDENADA
ECA26072606823,2026-07-26,17:10:00,17,vespertina (14-22),ATENCO,SIN CATALOGAR,PERSONA AGRESIVA,rina,1.5,19.55001,-98.917985,COORDENADA
ECA26072606825,2026-07-26,17:10:00,17,vespertina (14-22),TLALNEPANTLA,METROPOLITANA,VIOLENCIA CONTRA LAS MUJERES,violencia_genero,2.0,19.576035,-99.189315,COORDENADA
ECA26072606851,2026-07-26,17:14:00,17,vespertina (14-22),TEOTIHUACAN,ORIENTE,PERSONA AGRESIVA,rina,1.5,19.68484,-98.890135,COORDENADA
ECA26072606866,2026-07-26,17:15:00,17,vespertina (14-22),TECAMAC,ECATEPEC,PERSONA AGRESIVA,rina,1.5,19.62477,-99.039,COORDENADA
ECA26072606870,2026-07-26,17:16:00,17,vespertina (14-22),TECAMAC,ECATEPEC,VIOLENCIA CONTRA LAS MUJERES,violencia_genero,2.0,19.670255,-98.958145,COORDENADA
ECA26072606895,2026-07-26,17:18:00,17,vespertina (14-22),TLALNEPANTLA,METROPOLITANA,VIOLENCIA DE PAREJA,violencia_genero,2.0,19.57528,-99.18566,COORDENADA
ECA26072606916,2026-07-26,17:20:00,17,vespertina (14-22),TLALNEPANTLA,METROPOLITANA,PORTACION DE ARMAS DE FUEGO O CARTUCHOS,arma_fuego,3.0,19.53751,-99.09007,COORDENADA
ECA26072606942,2026-07-26,17:23:00,17,vespertina (14-22),ECATEPEC,ECATEPEC,PERSONA AGRESIVA,rina,1.5,19.53824,-99.078995,COORDENADA
ECA26072606966,2026-07-26,17:26:00,17,vespertina (14-22),VALLE DE CHALCO,CHALCO,PERSONA AGRESIVA,rina,1.5,19.283635,-98.953855,COORDENADA
ECA26072606970,2026-07-26,17:27:00,17,vespertina (14-22),ECATEPEC,ECATEPEC,ROBO A NEGOCIO CON VIOLENCIA,robo_violento,2.0,19.596075,-99.048555,COORDENADA
ECA26072606992,2026-07-26,17:30:00,17,vespertina (14-22),NEZAHUALCOYOTL,ORIENTE,PERSONA LESIONADA POR PROYECTIL DE ARMA DE FUEGO,arma_fuego,6.0,19.390955,-99.02788,COORDENADA
ECA26072606994,2026-07-26,17:31:00,17,vespertina (14-22),TULTITLAN,METROPOLITANA,VIOLENCIA CONTRA LAS MUJERES,violencia_genero,2.0,19.6088,-99.14753,COORDENADA
ECA26072607039,2026-07-26,17:37:00,17,vespertina (14-22),ECATEPEC,ECATEPEC,PERSONA AGRESIVA,rina,1.5,19.5378,-99.04657,COORDENADA
ECA26072607047,2026-07-26,17:37:00,17,vespertina (14-22),TECAMAC,ECATEPEC,PERSONA AGRESIVA,rina,1.5,19.638,-99.02711,COORDENADA
ECA26072607065,2026-07-26,17:39:00,17,vespertina (14-22),HUEHUETOCA,ECATEPEC,PERSONA AGRESIVA,rina,1.5,19.82917,-99.219942,COORDENADA
ECA26072607081,2026-07-26,17:42:00,17,vespertina (14-22),ACOLMAN,ECATEPEC,VIOLENCIA CONTRA LAS MUJERES,violencia_genero,2.0,19.610315,-98.916775,COORDENADA
ECA26072607105,2026-07-26,17:45:00,17,vespertina (14-22),TLALNEPANTLA,METROPOLITANA,PERSONA AGRESIVA,rina,1.5,19.539185,-99.199485,COORDENADA
ECA26072607112,2026-07-26,17:46:00,17,vespertina (14-22),ATIZAPAN,METROPOLITANA,VIOLENCIA CONTRA LAS MUJERES,violencia_genero,2.0,19.55823,-99.274545,COORDENADA
ECA26072607133,2026-07-26,17:48:00,17,vespertina (14-22),CHICOLOAPAN,SIN CATALOGAR,ROBO DE MOTOCICLETA CON VIOLENCIA,robo_violento,2.0,19.402425,-98.92461,COORDENADA
ECA26072607170,2026-07-26,17:52:00,17,vespertina (14-22),CUAUTITLAN IZCALLI,METROPOLITANA,DETONACION POR ARMA DE FUEGO,arma_fuego,4.0,19.686065,-99.233495,COORDENADA
ECA26072607200,2026-07-26,17:55:00,17,vespertina (14-22),NICOLAS ROMERO,METROPOLITANA,RIÑA,rina,1.5,19.59402,-99.3027,COORDENADA
ECA26072607244,2026-07-26,18:00:00,18,vespertina (14-22),TEZOYUCA,ORIENTE,PORTACION DE ARMA BLANCA,arma_blanca,2.0,19.597932,-98.942202,COORDENADA
ECA26072607251,2026-07-26,18:01:00,18,vespertina (14-22),TEOTIHUACAN,ORIENTE,VIOLENCIA DE PAREJA,violencia_genero,2.0,19.665295,-98.87451,COORDENADA
ECA26072607261,2026-07-26,18:01:00,18,vespertina (14-22),NEZAHUALCOYOTL,ORIENTE,RIÑA,rina,1.5,19.4219,-99.04269,COORDENADA
ECA26072607269,2026-07-26,18:02:00,18,vespertina (14-22),ECATEPEC,ECATEPEC,PERSONA AGRESIVA,rina,1.5,19.59782,-99.00203,COORDENADA
ECA26072607286,2026-07-26,18:04:00,18,vespertina (14-22),IXTAPALUCA,CHALCO,VIOLENCIA CONTRA LAS MUJERES,violencia_genero,2.0,19.29217,-98.90507,COORDENADA
ECA26072607306,2026-07-26,18:06:00,18,vespertina (14-22),TULTITLAN,METROPOLITANA,DETONACION POR ARMA DE FUEGO,arma_fuego,4.0,19.612865,-99.16402,COORDENADA
ECA26072607310,2026-07-26,18:07:00,18,vespertina (14-22),TEXCOCO,ORIENTE,VIOLENCIA CONTRA LAS MUJERES,violencia_genero,2.0,19.528415,-98.865765,COORDENADA
ECA26072607333,2026-07-26,18:09:00,18,vespertina (14-22),LA PAZ,ORIENTE,ROBO A TRANSEUNTE CON VIOLENCIA,robo_violento,2.0,19.365535,-98.94236,COORDENADA
ECA26072607356,2026-07-26,18:12:00,18,vespertina (14-22),NICOLAS ROMERO,METROPOLITANA,ALTERACION DEL ORDEN PUBLICO POR PERSONA ALCOHOLIZADA,rina,1.5,19.62147,-99.314805,COORDENADA
ECA26072607372,2026-07-26,18:14:00,18,vespertina (14-22),NICOLAS ROMERO,METROPOLITANA,VIOLENCIA CONTRA LAS MUJERES,violencia_genero,2.0,19.64135,-99.315715,COORDENADA
ECA26072607378,2026-07-26,18:16:00,18,vespertina (14-22),TECAMAC,ECATEPEC,PERSONA AGRESIVA,rina,1.5,19.622015,-99.040695,COORDENADA
ECA26072607380,2026-07-26,18:16:00,18,vespertina (14-22),HUEHUETOCA,ECATEPEC,TENTATIVA DE PRIVACION DE LA LIBERTAD,alta_incidencia,4.0,19.830567,-99.209787,COORDENADA
ECA26072607384,2026-07-26,18:16:00,18,vespertina (14-22),ZUMPANGO,ECATEPEC,PERSONA AGRESIVA,rina,1.5,19.79593,-99.10256,COORDENADA
ECA26072607387,2026-07-26,18:16:00,18,vespertina (14-22),ACOLMAN,ECATEPEC,VIOLENCIA CONTRA LAS MUJERES,violencia_genero,2.0,19.594795,-98.98841,COORDENADA
ECA26072607388,2026-07-26,18:16:00,18,vespertina (14-22),CHALCO,CHALCO,ALTERACION DEL ORDEN PUBLICO POR PERSONA DROGADA,rina,1.5,19.265695,-98.908225,COORDENADA
ECA26072607407,2026-07-26,18:19:00,18,vespertina (14-22),TULTITLAN,METROPOLITANA,VIOLENCIA FAMILIAR,violencia_genero,2.0,19.634065,-99.130745,COORDENADA
ECA26072607436,2026-07-26,18:21:00,18,vespertina (14-22),NEZAHUALCOYOTL,ORIENTE,ALTERACION DEL ORDEN PUBLICO POR PERSONA ALCOHOLIZADA,rina,1.5,19.47565,-99.05788,COORDENADA
ECA26072607440,2026-07-26,18:21:00,18,vespertina (14-22),NICOLAS ROMERO,METROPOLITANA,SUICIDIO,deceso_dudoso,3.0,19.5997,-99.30424,COORDENADA
ECA26072607452,2026-07-26,18:22:00,18,vespertina (14-22),NEZAHUALCOYOTL,ORIENTE,ALTERACION DEL ORDEN PUBLICO POR PERSONA ALCOHOLIZADA,rina,1.5,19.40598,-99.008605,COORDENADA
ECA26072607541,2026-07-26,18:35:00,18,vespertina (14-22),CUAUTITLAN IZCALLI,METROPOLITANA,PERSONA AGRESIVA,rina,1.5,19.69518,-99.21226,COORDENADA
ECA26072607573,2026-07-26,18:39:00,18,vespertina (14-22),IXTAPALUCA,CHALCO,PERSONA AGRESIVA,rina,1.5,19.300535,-98.906195,COORDENADA
ECA26072607578,2026-07-26,18:41:00,18,vespertina (14-22),ECATEPEC,ECATEPEC,PERSONA AGRESIVA,rina,1.5,19.60564,-99.02273,COORDENADA
ECA26072607588,2026-07-26,18:42:00,18,vespertina (14-22),NEZAHUALCOYOTL,ORIENTE,RIÑA,rina,1.5,19.40598,-99.008605,COORDENADA
ECA26072607596,2026-07-26,18:43:00,18,vespertina (14-22),ECATEPEC,ECATEPEC,VIOLENCIA CONTRA LAS MUJERES,violencia_genero,2.0,19.57549,-99.029125,COORDENADA
ECA26072607622,2026-07-26,18:46:00,18,vespertina (14-22),TECAMAC,ECATEPEC,PERSONA AGRESIVA,rina,1.5,19.62495,-99.01028,COORDENADA
ECA26072607631,2026-07-26,18:47:00,18,vespertina (14-22),TLALNEPANTLA,METROPOLITANA,PERSONA AGRESIVA,rina,1.5,19.509355,-99.17525,COORDENADA
ECA26072607651,2026-07-26,18:49:00,18,vespertina (14-22),TECAMAC,ECATEPEC,PERSONA AGRESIVA,rina,1.5,19.670255,-98.958145,COORDENADA
ECA26072607653,2026-07-26,18:49:00,18,vespertina (14-22),CUAUTITLAN IZCALLI,METROPOLITANA,PERSONA AGRESIVA,rina,1.5,19.64326,-99.22211,COORDENADA
ECA26072607710,2026-07-26,18:58:00,18,vespertina (14-22),ATIZAPAN,METROPOLITANA,PERSONA NO LOCALIZADA O DESAPARECIDA,desaparicion,3.0,,,ALTA
ECA26072607725,2026-07-26,19:00:00,19,vespertina (14-22),NEXTLALPAN,SIN CATALOGAR,ROBO DE VEHICULO PARTICULAR CON VIOLENCIA,robo_violento,2.0,19.736434,-99.095072,COORDENADA
ECA26072607729,2026-07-26,19:00:00,19,vespertina (14-22),TLALNEPANTLA,METROPOLITANA,ROBO A NEGOCIO CON VIOLENCIA,robo_violento,2.0,19.54239,-99.22075,COORDENADA
ECA26072607742,2026-07-26,19:02:00,19,vespertina (14-22),TEOLOYUCAN,SIN CATALOGAR,ALTERACION DEL ORDEN PUBLICO POR PERSONA ALCOHOLIZADA,rina,1.5,19.764775,-99.180335,COORDENADA
ECA26072607745,2026-07-26,19:03:00,19,vespertina (14-22),CHIMALHUACAN,ORIENTE,DETONACION POR ARMA DE FUEGO,arma_fuego,4.0,19.40301,-98.96783,COORDENADA
ECA26072607765,2026-07-26,19:06:00,19,vespertina (14-22),TEZOYUCA,ORIENTE,VIOLENCIA DE PAREJA,violencia_genero,2.0,19.591118,-98.918421,COORDENADA
ECA26072607774,2026-07-26,19:07:00,19,vespertina (14-22),LA PAZ,ORIENTE,ROBO A NEGOCIO CON VIOLENCIA,robo_violento,2.0,19.369235,-98.951855,COORDENADA
ECA26072607779,2026-07-26,19:07:00,19,vespertina (14-22),LA PAZ,ORIENTE,ROBO A NEGOCIO CON VIOLENCIA,robo_violento,2.0,19.35604,-98.974235,COORDENADA
ECA26072607789,2026-07-26,19:09:00,19,vespertina (14-22),LA PAZ,ORIENTE,ROBO A NEGOCIO CON VIOLENCIA,robo_violento,2.0,19.370185,-98.96004,COORDENADA
ECA26072607794,2026-07-26,19:09:00,19,vespertina (14-22),CHALCO,CHALCO,PERSONA LESIONADA POR ARMA BLANCA,arma_blanca,3.0,19.26732,-98.90953,COORDENADA
ECA26072607798,2026-07-26,19:09:00,19,vespertina (14-22),LA PAZ,ORIENTE,ROBO A BANCO CON VIOLENCIA,robo_violento,2.0,19.35604,-98.974235,COORDENADA
ECA26072607806,2026-07-26,19:10:00,19,vespertina (14-22),VALLE DE CHALCO,CHALCO,PERSONA AGRESIVA,rina,1.5,19.274675,-98.92894,COORDENADA
ECA26072607832,2026-07-26,19:13:00,19,vespertina (14-22),NEZAHUALCOYOTL,ORIENTE,PERSONA AGRESIVA,rina,1.5,19.41171,-99.04222,COORDENADA
ECA26072607838,2026-07-26,19:14:00,19,vespertina (14-22),TEXCOCO,ORIENTE,VIOLENCIA CONTRA LAS MUJERES,violencia_genero,2.0,19.52749,-98.8665,COORDENADA
ECA26072607843,2026-07-26,19:14:00,19,vespertina (14-22),ZUMPANGO,ECATEPEC,TENTATIVA DE SUICIDIO,deceso_dudoso,3.0,19.80384,-99.01061,COORDENADA
ECA26072607848,2026-07-26,19:15:00,19,vespertina (14-22),CHIMALHUACAN,ORIENTE,PERSONA AGRESIVA,rina,1.5,19.429385,-98.966335,COORDENADA
ECA26072607863,2026-07-26,19:17:00,19,vespertina (14-22),TLALNEPANTLA,METROPOLITANA,ROBO A NEGOCIO CON VIOLENCIA,robo_violento,2.0,19.584515,-99.198015,COORDENADA
ECA26072607875,2026-07-26,19:18:00,19,vespertina (14-22),VALLE DE CHALCO,CHALCO,PORTACION DE ARMAS DE FUEGO O CARTUCHOS,arma_fuego,3.0,19.323935,-98.952085,COORDENADA
ECA26072607910,2026-07-26,19:21:00,19,vespertina (14-22),ZUMPANGO,ECATEPEC,DETONACION DE ARMA DE FUEGO EN ESCUELA,arma_fuego,4.0,,,ALTA
ECA26072607922,2026-07-26,19:22:00,19,vespertina (14-22),ECATEPEC,ECATEPEC,PERSONA AGRESIVA,rina,1.5,19.572725,-99.026695,COORDENADA
ECA26072607948,2026-07-26,19:24:00,19,vespertina (14-22),ZUMPANGO,ECATEPEC,PERSONA LESIONADA POR ARMA BLANCA,arma_blanca,3.0,19.8001,-99.06009,COORDENADA
ECA26072607952,2026-07-26,19:25:00,19,vespertina (14-22),ECATEPEC,ECATEPEC,PERSONA AGRESIVA,rina,1.5,19.5731,-99.05365,COORDENADA
ECA26072607970,2026-07-26,19:26:00,19,vespertina (14-22),TULTITLAN,METROPOLITANA,ROBO A REPARTIDOR CON VIOLENCIA,robo_violento,2.0,19.612865,-99.16402,COORDENADA
ECA26072607986,2026-07-26,19:28:00,19,vespertina (14-22),CUAUTITLAN IZCALLI,METROPOLITANA,ALTERACION DEL ORDEN PUBLICO POR PERSONA DROGADA,rina,1.5,19.669645,-99.240655,COORDENADA
ECA26072608002,2026-07-26,19:31:00,19,vespertina (14-22),CUAUTITLAN IZCALLI,METROPOLITANA,RIÑA,rina,1.5,19.661645,-99.248145,COORDENADA
ECA26072608022,2026-07-26,19:33:00,19,vespertina (14-22),CUAUTITLAN IZCALLI,METROPOLITANA,VIOLENCIA CONTRA LAS MUJERES,violencia_genero,2.0,19.67183,-99.221635,COORDENADA
ECA26072608033,2026-07-26,19:34:00,19,vespertina (14-22),ECATEPEC,ECATEPEC,ALTERACION DEL ORDEN PUBLICO POR PERSONA ALCOHOLIZADA,rina,1.5,19.61048,-99.05533,COORDENADA
ECA26072608038,2026-07-26,19:35:00,19,vespertina (14-22),CHIMALHUACAN,ORIENTE,PERSONA NO LOCALIZADA O DESAPARECIDA,desaparicion,3.0,19.4176,-98.961915,COORDENADA
ECA26072608043,2026-07-26,19:35:00,19,vespertina (14-22),IXTAPALUCA,CHALCO,PERSONA AGRESIVA,rina,1.5,19.314605,-98.89106,COORDENADA
ECA26072608047,2026-07-26,19:36:00,19,vespertina (14-22),COACALCO DE BERRIOZABAL,ECATEPEC,ALTERACION DEL ORDEN PUBLICO POR PERSONA DROGADA,rina,1.5,19.62266,-99.093915,COORDENADA
ECA26072608082,2026-07-26,19:40:00,19,vespertina (14-22),CHIMALHUACAN,ORIENTE,RIÑA,rina,1.5,19.43762,-98.96033,COORDENADA
ECA26072608086,2026-07-26,19:40:00,19,vespertina (14-22),CUAUTITLAN,METROPOLITANA,PERSONA AGRESIVA,rina,1.5,19.66819,-99.15654,COORDENADA
ECA26072608087,2026-07-26,19:40:00,19,vespertina (14-22),TLALNEPANTLA,METROPOLITANA,PORTACION DE ARMAS DE FUEGO O CARTUCHOS,arma_fuego,3.0,19.51961,-99.193235,COORDENADA
ECA26072608097,2026-07-26,19:43:00,19,vespertina (14-22),NEZAHUALCOYOTL,ORIENTE,RIÑA,rina,1.5,19.41372,-99.03552,COORDENADA
ECA26072608099,2026-07-26,19:43:00,19,vespertina (14-22),AMECAMECA,CHALCO,RIÑA,rina,1.5,19.124655,-98.763335,COORDENADA
ECA26072608102,2026-07-26,19:43:00,19,vespertina (14-22),TEOLOYUCAN,SIN CATALOGAR,PERSONA AGRESIVA,rina,1.5,19.75479,-99.17717,COORDENADA
ECA26072608112,2026-07-26,19:44:00,19,vespertina (14-22),CHALCO,CHALCO,ALTERACION DEL ORDEN PUBLICO POR PERSONA ALCOHOLIZADA,rina,1.5,19.262595,-98.89674,COORDENADA
ECA26072608114,2026-07-26,19:45:00,19,vespertina (14-22),NEZAHUALCOYOTL,ORIENTE,RIÑA,rina,1.5,19.41372,-99.03552,COORDENADA
ECA26072608126,2026-07-26,19:46:00,19,vespertina (14-22),TEOLOYUCAN,SIN CATALOGAR,PERSONA AGRESIVA,rina,1.5,19.764775,-99.180335,COORDENADA
ECA26072608140,2026-07-26,19:47:00,19,vespertina (14-22),ATIZAPAN,METROPOLITANA,RIÑA,rina,1.5,19.59718,-99.25436,COORDENADA
ECA26072608143,2026-07-26,19:47:00,19,vespertina (14-22),NICOLAS ROMERO,METROPOLITANA,VIOLENCIA CONTRA LAS MUJERES,violencia_genero,2.0,19.61158,-99.41374,COORDENADA
ECA26072608147,2026-07-26,19:48:00,19,vespertina (14-22),ZUMPANGO,ECATEPEC,ALTERACION DEL ORDEN PUBLICO POR PERSONA ALCOHOLIZADA,rina,1.5,19.825785,-99.066092,COORDENADA
ECA26072608149,2026-07-26,19:48:00,19,vespertina (14-22),ATIZAPAN,METROPOLITANA,VIOLENCIA CONTRA LAS MUJERES,violencia_genero,2.0,19.604865,-99.250745,COORDENADA
ECA26072608173,2026-07-26,19:50:00,19,vespertina (14-22),ECATEPEC,ECATEPEC,VIOLENCIA CONTRA LAS MUJERES,violencia_genero,2.0,19.51262,-99.08702,COORDENADA
ECA26072608191,2026-07-26,19:53:00,19,vespertina (14-22),CUAUTITLAN IZCALLI,METROPOLITANA,RIÑA,rina,1.5,19.65523,-99.21083,COORDENADA
ECA26072608228,2026-07-26,20:06:00,20,vespertina (14-22),TULTITLAN,METROPOLITANA,PERSONA AGRESIVA,rina,1.5,19.63847,-99.13403,COORDENADA
ECA26072608265,2026-07-26,20:12:00,20,vespertina (14-22),ATIZAPAN,METROPOLITANA,PERSONA AGRESIVA,rina,1.5,19.55086,-99.2296,COORDENADA
ECA26072608266,2026-07-26,20:12:00,20,vespertina (14-22),ATIZAPAN,METROPOLITANA,PORTACION DE ARMA BLANCA,arma_blanca,2.0,,,MEDIA
ECA26072608269,2026-07-26,20:13:00,20,vespertina (14-22),CHALCO,CHALCO,VIOLENCIA CONTRA LAS MUJERES,violencia_genero,2.0,19.2777,-98.84504,COORDENADA
ECA26072608272,2026-07-26,20:13:00,20,vespertina (14-22),ZUMPANGO,ECATEPEC,ROBO A NEGOCIO CON VIOLENCIA,robo_violento,2.0,19.79969,-99.09576,COORDENADA
ECA26072608282,2026-07-26,20:14:00,20,vespertina (14-22),ECATEPEC,ECATEPEC,ROBO A TRANSEUNTE CON VIOLENCIA,robo_violento,2.0,19.49931,-99.04712,COORDENADA
ECA26072608336,2026-07-26,20:19:00,20,vespertina (14-22),LA PAZ,ORIENTE,VIOLENCIA CONTRA LAS MUJERES,violencia_genero,2.0,19.369235,-98.951855,COORDENADA
ECA26072608342,2026-07-26,20:19:00,20,vespertina (14-22),CHIMALHUACAN,ORIENTE,PERSONA AGRESIVA,rina,1.5,,,MEDIA
ECA26072608350,2026-07-26,20:20:00,20,vespertina (14-22),ECATEPEC,ECATEPEC,PERSONA AGRESIVA,rina,1.5,19.612275,-98.987512,COORDENADA
ECA26072608355,2026-07-26,20:21:00,20,vespertina (14-22),TULTITLAN,METROPOLITANA,EXTORSION O INTENTO DE EXTORSION (NO TELEFONICA),alta_incidencia,4.0,19.578675,-99.17121,COORDENADA
ECA26072608381,2026-07-26,20:25:00,20,vespertina (14-22),CHICOLOAPAN,SIN CATALOGAR,VIOLENCIA CONTRA LAS MUJERES,violencia_genero,2.0,19.391295,-98.908425,COORDENADA
ECA26072608382,2026-07-26,20:25:00,20,vespertina (14-22),NEZAHUALCOYOTL,ORIENTE,VIOLENCIA CONTRA LAS MUJERES,violencia_genero,2.0,19.40598,-99.008605,COORDENADA
ECA26072608423,2026-07-26,20:30:00,20,vespertina (14-22),ECATEPEC,ECATEPEC,PERSONA AGRESIVA,rina,1.5,19.538155,-99.027475,COORDENADA
ECA26072608431,2026-07-26,20:31:00,20,vespertina (14-22),LA PAZ,ORIENTE,PORTACION DE ARMA BLANCA,arma_blanca,2.0,19.35604,-98.974235,COORDENADA
ECA26072608462,2026-07-26,20:35:00,20,vespertina (14-22),TECAMAC,ECATEPEC,ROBO A NEGOCIO CON VIOLENCIA,robo_violento,2.0,19.6701,-99.03068,COORDENADA
ECA26072608472,2026-07-26,20:35:00,20,vespertina (14-22),TULTITLAN,METROPOLITANA,RIÑA,rina,1.5,19.68475,-99.092055,COORDENADA
ECA26072608496,2026-07-26,20:38:00,20,vespertina (14-22),NEZAHUALCOYOTL,ORIENTE,DETONACION POR ARMA DE FUEGO,arma_fuego,4.0,19.380105,-99.000125,COORDENADA
ECA26072608510,2026-07-26,20:40:00,20,vespertina (14-22),VALLE DE CHALCO,CHALCO,PERSONA AGRESIVA,rina,1.5,19.26825,-98.958405,COORDENADA
ECA26072608516,2026-07-26,20:41:00,20,vespertina (14-22),IXTAPALUCA,CHALCO,RIÑA,rina,1.5,19.32764,-98.876485,COORDENADA
ECA26072608536,2026-07-26,20:44:00,20,vespertina (14-22),LA PAZ,ORIENTE,ALTERACION DEL ORDEN PUBLICO POR PERSONA ALCOHOLIZADA,rina,1.5,19.36578,-98.98408,COORDENADA
ECA26072608540,2026-07-26,20:45:00,20,vespertina (14-22),ECATEPEC,ECATEPEC,VIOLENCIA CONTRA LAS MUJERES,violencia_genero,2.0,19.5964,-99.026948,COORDENADA
ECA26072608562,2026-07-26,20:48:00,20,vespertina (14-22),COACALCO DE BERRIOZABAL,ECATEPEC,VIOLENCIA CONTRA LAS MUJERES,violencia_genero,2.0,19.61804,-99.085015,COORDENADA
ECA26072608563,2026-07-26,20:48:00,20,vespertina (14-22),CHIMALHUACAN,ORIENTE,RIÑA,rina,1.5,19.422585,-98.96056,COORDENADA
ECA26072608564,2026-07-26,20:48:00,20,vespertina (14-22),AMECAMECA,CHALCO,VIOLENCIA CONTRA LAS MUJERES,violencia_genero,2.0,,,MEDIA
ECA26072608568,2026-07-26,20:48:00,20,vespertina (14-22),ECATEPEC,ECATEPEC,VIOLENCIA CONTRA LAS MUJERES,violencia_genero,2.0,19.49707,-99.01712,COORDENADA
ECA26072608577,2026-07-26,20:49:00,20,vespertina (14-22),TULTITLAN,METROPOLITANA,RIÑA,rina,1.5,19.616215,-99.176365,COORDENADA
ECA26072608585,2026-07-26,20:50:00,20,vespertina (14-22),VALLE DE CHALCO,CHALCO,PORTACION DE ARMAS DE FUEGO O CARTUCHOS,arma_fuego,3.0,19.29072,-98.92858,COORDENADA
ECA26072608592,2026-07-26,20:51:00,20,vespertina (14-22),ECATEPEC,ECATEPEC,PERSONA NO LOCALIZADA O DESAPARECIDA,desaparicion,3.0,19.512875,-99.048975,COORDENADA
ECA26072608598,2026-07-26,20:51:00,20,vespertina (14-22),SAN MARTIN DE LAS PIRAMIDES,ORIENTE,VIOLENCIA CONTRA LAS MUJERES,violencia_genero,2.0,19.73434,-98.87528,COORDENADA
ECA26072608601,2026-07-26,20:52:00,20,vespertina (14-22),CHICOLOAPAN,SIN CATALOGAR,ALTERACION DEL ORDEN PUBLICO POR PERSONA ALCOHOLIZADA,rina,1.5,19.3973,-98.93471,COORDENADA
ECA26072608604,2026-07-26,20:52:00,20,vespertina (14-22),CHIMALHUACAN,ORIENTE,PERSONA AGRESIVA,rina,1.5,19.389845,-98.96006,COORDENADA
ECA26072608605,2026-07-26,20:52:00,20,vespertina (14-22),ECATEPEC,ECATEPEC,VIOLENCIA CONTRA LAS MUJERES,violencia_genero,2.0,19.49707,-99.01712,COORDENADA
ECA26072608618,2026-07-26,20:53:00,20,vespertina (14-22),CHIMALHUACAN,ORIENTE,RIÑA,rina,1.5,19.389845,-98.96006,COORDENADA
ECA26072608647,2026-07-26,20:56:00,20,vespertina (14-22),ECATEPEC,ECATEPEC,VIOLENCIA CONTRA LAS MUJERES,violencia_genero,2.0,19.59062,-99.05353,COORDENADA
ECA26072608656,2026-07-26,20:57:00,20,vespertina (14-22),TLALNEPANTLA,METROPOLITANA,PERSONA AGRESIVA,rina,1.5,19.545845,-99.15825,COORDENADA
ECA26072608669,2026-07-26,20:59:00,20,vespertina (14-22),CHIMALHUACAN,ORIENTE,PERSONA AGRESIVA,rina,1.5,19.38922,-98.9666,COORDENADA
ECA26072608675,2026-07-26,20:59:00,20,vespertina (14-22),LA PAZ,ORIENTE,PERSONA AGRESIVA,rina,1.5,19.365535,-98.94236,COORDENADA
ECA26072608696,2026-07-26,21:02:00,21,vespertina (14-22),LA PAZ,ORIENTE,RIÑA,rina,1.5,19.371455,-98.96885,COORDENADA
ECA26072608700,2026-07-26,21:02:00,21,vespertina (14-22),CUAUTITLAN IZCALLI,METROPOLITANA,DETONACION POR ARMA DE FUEGO,arma_fuego,4.0,19.63498,-99.22865,COORDENADA
ECA26072608701,2026-07-26,21:03:00,21,vespertina (14-22),TLALNEPANTLA,METROPOLITANA,PERSONA AGRESIVA,rina,1.5,19.53861,-99.09422,COORDENADA
ECA26072608712,2026-07-26,21:05:00,21,vespertina (14-22),NICOLAS ROMERO,METROPOLITANA,VIOLENCIA CONTRA LAS MUJERES,violencia_genero,2.0,19.6446,-99.31323,COORDENADA
ECA26072608713,2026-07-26,21:06:00,21,vespertina (14-22),VALLE DE CHALCO,CHALCO,PERSONA AGRESIVA,rina,1.5,19.286505,-98.93651,COORDENADA
ECA26072608730,2026-07-26,21:08:00,21,vespertina (14-22),VALLE DE CHALCO,CHALCO,VIOLENCIA CONTRA LAS MUJERES,violencia_genero,2.0,19.29721,-98.96664,COORDENADA
ECA26072608734,2026-07-26,21:08:00,21,vespertina (14-22),NEXTLALPAN,SIN CATALOGAR,VIOLENCIA CONTRA LAS MUJERES,violencia_genero,2.0,19.737832,-99.078562,COORDENADA
ECA26072608736,2026-07-26,21:09:00,21,vespertina (14-22),ATIZAPAN,METROPOLITANA,PERSONA AGRESIVA,rina,1.5,19.58799,-99.220417,COORDENADA
ECA26072608750,2026-07-26,21:11:00,21,vespertina (14-22),ECATEPEC,ECATEPEC,PERSONA AGRESIVA,rina,1.5,19.54253,-99.03161,COORDENADA
ECA26072608757,2026-07-26,21:12:00,21,vespertina (14-22),ATIZAPAN,METROPOLITANA,RIÑA,rina,1.5,19.53438,-99.245565,COORDENADA
ECA26072608760,2026-07-26,21:12:00,21,vespertina (14-22),ATIZAPAN,METROPOLITANA,RIÑA,rina,1.5,19.5365,-99.239765,COORDENADA
ECA26072608761,2026-07-26,21:12:00,21,vespertina (14-22),HUEHUETOCA,ECATEPEC,PERSONA AGRESIVA,rina,1.5,19.831529,-99.248946,COORDENADA
ECA26072608769,2026-07-26,21:13:00,21,vespertina (14-22),ATIZAPAN,METROPOLITANA,VIOLENCIA CONTRA LAS MUJERES,violencia_genero,2.0,19.59252,-99.24448,COORDENADA
ECA26072608774,2026-07-26,21:14:00,21,vespertina (14-22),LA PAZ,ORIENTE,VIOLENCIA CONTRA LAS MUJERES,violencia_genero,2.0,19.365475,-98.97206,COORDENADA
ECA26072608778,2026-07-26,21:14:00,21,vespertina (14-22),ATIZAPAN,METROPOLITANA,ROBO A NEGOCIO CON VIOLENCIA,robo_violento,2.0,19.58029,-99.22408,COORDENADA
ECA26072608797,2026-07-26,21:16:00,21,vespertina (14-22),NICOLAS ROMERO,METROPOLITANA,RIÑA,rina,1.5,19.61637,-99.29758,COORDENADA
ECA26072608803,2026-07-26,21:17:00,21,vespertina (14-22),VALLE DE CHALCO,CHALCO,PORTACION DE ARMA BLANCA,arma_blanca,2.0,19.283635,-98.953855,COORDENADA
ECA26072608812,2026-07-26,21:17:00,21,vespertina (14-22),CUAUTITLAN IZCALLI,METROPOLITANA,PERSONA AGRESIVA,rina,1.5,19.6457,-99.22158,COORDENADA
ECA26072608821,2026-07-26,21:18:00,21,vespertina (14-22),HUEHUETOCA,ECATEPEC,PERSONA AGRESIVA,rina,1.5,19.864191,-99.232498,COORDENADA
ECA26072608823,2026-07-26,21:18:00,21,vespertina (14-22),CHIMALHUACAN,ORIENTE,PERSONA AGRESIVA,rina,1.5,19.437185,-98.92834,COORDENADA
ECA26072608833,2026-07-26,21:20:00,21,vespertina (14-22),CHALCO,CHALCO,VIOLENCIA CONTRA LAS MUJERES,violencia_genero,2.0,19.262595,-98.89674,COORDENADA
ECA26072608834,2026-07-26,21:20:00,21,vespertina (14-22),TEPOTZOTLAN,METROPOLITANA,PERSONA AGRESIVA,rina,1.5,19.68312,-99.28632,COORDENADA
ECA26072608835,2026-07-26,21:20:00,21,vespertina (14-22),CUAUTITLAN IZCALLI,METROPOLITANA,PERSONA AGRESIVA,rina,1.5,19.614135,-99.19258,COORDENADA
ECA26072608847,2026-07-26,21:21:00,21,vespertina (14-22),VALLE DE CHALCO,CHALCO,PERSONA AGRESIVA,rina,1.5,19.279905,-98.92129,COORDENADA
ECA26072608849,2026-07-26,21:22:00,21,vespertina (14-22),ECATEPEC,ECATEPEC,VIOLENCIA CONTRA LAS MUJERES,violencia_genero,2.0,19.531965,-99.04224,COORDENADA
ECA26072608856,2026-07-26,21:22:00,21,vespertina (14-22),NEZAHUALCOYOTL,ORIENTE,ALTERACION DEL ORDEN PUBLICO POR PERSONA ALCOHOLIZADA,rina,1.5,19.40598,-99.008605,COORDENADA
ECA26072608882,2026-07-26,21:26:00,21,vespertina (14-22),TLALNEPANTLA,METROPOLITANA,PERSONA AGRESIVA,rina,1.5,,,MEDIA
ECA26072608888,2026-07-26,21:27:00,21,vespertina (14-22),CUAUTITLAN IZCALLI,METROPOLITANA,ROBO A NEGOCIO CON VIOLENCIA,robo_violento,2.0,19.6203,-99.20804,COORDENADA
ECA26072608892,2026-07-26,21:28:00,21,vespertina (14-22),ATIZAPAN,METROPOLITANA,RIÑA,rina,1.5,19.53438,-99.245565,COORDENADA
ECA26072608895,2026-07-26,21:29:00,21,vespertina (14-22),ATIZAPAN,METROPOLITANA,RIÑA,rina,1.5,19.5365,-99.239765,COORDENADA
ECA26072608914,2026-07-26,21:33:00,21,vespertina (14-22),ZUMPANGO,ECATEPEC,PORTACION DE ARMAS DE FUEGO O CARTUCHOS,arma_fuego,3.0,,,ALTA
ECA26072608916,2026-07-26,21:33:00,21,vespertina (14-22),CUAUTITLAN,METROPOLITANA,VIOLENCIA CONTRA LAS MUJERES,violencia_genero,2.0,19.67595,-99.1548,COORDENADA
ECA26072608923,2026-07-26,21:35:00,21,vespertina (14-22),CHIMALHUACAN,ORIENTE,VIOLENCIA DE PAREJA,violencia_genero,2.0,19.38591,-98.96624,COORDENADA
ECA26072608932,2026-07-26,21:36:00,21,vespertina (14-22),COACALCO DE BERRIOZABAL,ECATEPEC,EXTORSION TELEFONICA,alta_incidencia,4.0,19.632535,-99.083258,COORDENADA
ECA26072608947,2026-07-26,21:40:00,21,vespertina (14-22),LA PAZ,ORIENTE,PORTACION DE ARMAS DE FUEGO O CARTUCHOS,arma_fuego,3.0,19.36958,-98.9744,COORDENADA
ECA26072608966,2026-07-26,21:43:00,21,vespertina (14-22),MELCHOR OCAMPO,SIN CATALOGAR,VIOLENCIA CONTRA LAS MUJERES,violencia_genero,2.0,19.698369,-99.137571,COORDENADA
ECA26072608973,2026-07-26,21:44:00,21,vespertina (14-22),LA PAZ,ORIENTE,ROBO DE VEHICULO PARTICULAR CON VIOLENCIA,robo_violento,2.0,19.381995,-98.933825,COORDENADA
ECA26072608982,2026-07-26,21:45:00,21,vespertina (14-22),IXTAPALUCA,CHALCO,PERSONA AGRESIVA,rina,1.5,19.32764,-98.876485,COORDENADA
ECA26072608988,2026-07-26,21:46:00,21,vespertina (14-22),TLALMANALCO,CHALCO,PERSONA TIRADA EN LA VIA PUBLICA CON HUELLAS DE VIOLENCIA,letal,5.0,19.201325,-98.781185,COORDENADA
ECA26072608998,2026-07-26,21:47:00,21,vespertina (14-22),HUEHUETOCA,ECATEPEC,VIOLENCIA FAMILIAR,violencia_genero,2.0,19.824861,-99.253292,COORDENADA
ECA26072609003,2026-07-26,21:48:00,21,vespertina (14-22),LA PAZ,ORIENTE,PERSONA AGRESIVA,rina,1.5,19.37733,-98.93279,COORDENADA
ECA26072609005,2026-07-26,21:48:00,21,vespertina (14-22),CHALCO,CHALCO,RIÑA,rina,1.5,19.21891,-98.90314,COORDENADA
ECA26072609021,2026-07-26,21:50:00,21,vespertina (14-22),ACOLMAN,ECATEPEC,ROBO A NEGOCIO CON VIOLENCIA,robo_violento,2.0,19.60623,-98.97363,COORDENADA
ECA26072609028,2026-07-26,21:51:00,21,vespertina (14-22),CHIMALHUACAN,ORIENTE,ALTERACION DEL ORDEN PUBLICO POR PERSONA ALCOHOLIZADA,rina,1.5,19.42913,-98.96249,COORDENADA
ECA26072609031,2026-07-26,21:52:00,21,vespertina (14-22),CUAUTITLAN IZCALLI,METROPOLITANA,PERSONA AGRESIVA,rina,1.5,19.62692,-99.222635,COORDENADA
ECA26072609034,2026-07-26,21:52:00,21,vespertina (14-22),TLALNEPANTLA,METROPOLITANA,PERSONA AGRESIVA,rina,1.5,19.54032,-99.09225,COORDENADA
ECA26072609042,2026-07-26,21:53:00,21,vespertina (14-22),CHIMALHUACAN,ORIENTE,ALTERACION DEL ORDEN PUBLICO POR PERSONA DROGADA,rina,1.5,19.44725,-98.94657,COORDENADA
ECA26072609043,2026-07-26,21:53:00,21,vespertina (14-22),HUEHUETOCA,ECATEPEC,VIOLENCIA FAMILIAR,violencia_genero,2.0,19.864836,-99.230515,COORDENADA
ECA26072609050,2026-07-26,21:54:00,21,vespertina (14-22),ECATEPEC,ECATEPEC,VIOLENCIA CONTRA LAS MUJERES,violencia_genero,2.0,19.51057,-99.083625,COORDENADA
ECA26072609062,2026-07-26,21:55:00,21,vespertina (14-22),LA PAZ,ORIENTE,RIÑA,rina,1.5,19.36578,-98.98408,COORDENADA
ECA26072609068,2026-07-26,21:55:00,21,vespertina (14-22),VALLE DE CHALCO,CHALCO,ROBO DE MOTOCICLETA CON VIOLENCIA,robo_violento,2.0,19.286505,-98.93651,COORDENADA
ECA26072609072,2026-07-26,21:55:00,21,vespertina (14-22),CUAUTITLAN,METROPOLITANA,VIOLENCIA CONTRA LAS MUJERES,violencia_genero,2.0,,,ALTA
ECA26072609077,2026-07-26,21:56:00,21,vespertina (14-22),NEZAHUALCOYOTL,ORIENTE,VIOLENCIA CONTRA LAS MUJERES,violencia_genero,2.0,19.491915,-99.063575,COORDENADA
ECA26072609083,2026-07-26,21:57:00,21,vespertina (14-22),TLALNEPANTLA,METROPOLITANA,PERSONA NO LOCALIZADA O DESAPARECIDA,desaparicion,3.0,19.535585,-99.233145,COORDENADA
ECA26072609101,2026-07-26,22:00:00,22,nocturna (22-06),CHIMALHUACAN,ORIENTE,RIÑA,rina,1.5,19.437185,-98.92834,COORDENADA
ECA26072609117,2026-07-26,22:03:00,22,nocturna (22-06),IXTAPALUCA,CHALCO,PERSONA AGRESIVA,rina,1.5,19.30051,-98.87959,COORDENADA
ECA26072609120,2026-07-26,22:03:00,22,nocturna (22-06),ATIZAPAN,METROPOLITANA,PERSONA AGRESIVA,rina,1.5,19.546055,-99.2355,COORDENADA
ECA26072609140,2026-07-26,22:08:00,22,nocturna (22-06),VALLE DE CHALCO,CHALCO,PERSONA LESIONADA POR ARMA BLANCA,arma_blanca,3.0,19.28052,-98.95511,COORDENADA
ECA26072609162,2026-07-26,22:11:00,22,nocturna (22-06),CHIMALHUACAN,ORIENTE,RIÑA,rina,1.5,19.437965,-98.93407,COORDENADA
ECA26072609175,2026-07-26,22:12:00,22,nocturna (22-06),COACALCO DE BERRIOZABAL,ECATEPEC,VIOLENCIA FAMILIAR,violencia_genero,2.0,19.64144,-99.1125,COORDENADA
ECA26072609196,2026-07-26,22:16:00,22,nocturna (22-06),ECATEPEC,ECATEPEC,ROBO A NEGOCIO CON VIOLENCIA,robo_violento,2.0,19.61847,-98.9888,COORDENADA
ECA26072609209,2026-07-26,22:18:00,22,nocturna (22-06),ECATEPEC,ECATEPEC,PERSONA AGRESIVA,rina,1.5,19.60106,-99.03363,COORDENADA
ECA26072609210,2026-07-26,22:18:00,22,nocturna (22-06),NICOLAS ROMERO,METROPOLITANA,VIOLENCIA CONTRA LAS MUJERES,violencia_genero,2.0,19.62251,-99.31606,COORDENADA
ECA26072609218,2026-07-26,22:19:00,22,nocturna (22-06),TEPOTZOTLAN,METROPOLITANA,VIOLENCIA CONTRA LAS MUJERES,violencia_genero,2.0,,,ALTA
ECA26072609228,2026-07-26,22:21:00,22,nocturna (22-06),ATIZAPAN,METROPOLITANA,PORTACION DE ARMAS DE FUEGO O CARTUCHOS,arma_fuego,3.0,19.58141,-99.2335,COORDENADA
ECA26072609239,2026-07-26,22:23:00,22,nocturna (22-06),COACALCO DE BERRIOZABAL,ECATEPEC,VIOLENCIA CONTRA LAS MUJERES,violencia_genero,2.0,19.63115,-99.102545,COORDENADA
ECA26072609253,2026-07-26,22:24:00,22,nocturna (22-06),VALLE DE CHALCO,CHALCO,PERSONA AGRESIVA,rina,1.5,19.29072,-98.92858,COORDENADA
ECA26072609270,2026-07-26,22:26:00,22,nocturna (22-06),TECAMAC,ECATEPEC,PERSONA AGRESIVA,rina,1.5,19.670255,-98.958145,COORDENADA
ECA26072609278,2026-07-26,22:27:00,22,nocturna (22-06),NEZAHUALCOYOTL,ORIENTE,ALTERACION DEL ORDEN PUBLICO POR PERSONA ALCOHOLIZADA,rina,1.5,19.40598,-99.008605,COORDENADA
ECA26072609291,2026-07-26,22:30:00,22,nocturna (22-06),CHALCO,CHALCO,PERSONA NO LOCALIZADA O DESAPARECIDA,desaparicion,3.0,19.262595,-98.89674,COORDENADA
ECA26072609292,2026-07-26,22:30:00,22,nocturna (22-06),ZUMPANGO,ECATEPEC,ROBO DE VEHICULO PARTICULAR CON VIOLENCIA,robo_violento,2.0,,,ALTA
ECA26072609304,2026-07-26,22:32:00,22,nocturna (22-06),CHICOLOAPAN,SIN CATALOGAR,VIOLENCIA CONTRA LAS MUJERES,violencia_genero,2.0,19.437003,-98.942753,COORDENADA
ECA26072609312,2026-07-26,22:33:00,22,nocturna (22-06),TLALNEPANTLA,METROPOLITANA,PERSONA AGRESIVA,rina,1.5,,,MEDIA
ECA26072609315,2026-07-26,22:33:00,22,nocturna (22-06),TLALNEPANTLA,METROPOLITANA,DETONACION POR ARMA DE FUEGO,arma_fuego,4.0,19.538,-99.189275,COORDENADA
ECA26072609326,2026-07-26,22:36:00,22,nocturna (22-06),ECATEPEC,ECATEPEC,VIOLENCIA CONTRA LAS MUJERES,violencia_genero,2.0,19.57375,-99.05516,COORDENADA
ECA26072609334,2026-07-26,22:38:00,22,nocturna (22-06),ECATEPEC,ECATEPEC,ALTERACION DEL ORDEN PUBLICO POR PERSONA ALCOHOLIZADA,rina,1.5,19.64298,-99.001505,COORDENADA
ECA26072609342,2026-07-26,22:40:00,22,nocturna (22-06),TLALNEPANTLA,METROPOLITANA,AMENAZA DE SUICIDIO,deceso_dudoso,3.0,19.53537,-99.173315,COORDENADA
ECA26072609353,2026-07-26,22:43:00,22,nocturna (22-06),ECATEPEC,ECATEPEC,ALTERACION DEL ORDEN PUBLICO POR PERSONA ALCOHOLIZADA,rina,1.5,19.64298,-99.001505,COORDENADA
ECA26072609365,2026-07-26,22:45:00,22,nocturna (22-06),ECATEPEC,ECATEPEC,ROBO DE VEHICULO PARTICULAR CON VIOLENCIA,robo_violento,2.0,19.521505,-99.04037,COORDENADA
ECA26072609375,2026-07-26,22:47:00,22,nocturna (22-06),ATIZAPAN,METROPOLITANA,DETONACION POR ARMA DE FUEGO,arma_fuego,4.0,19.530775,-99.250825,COORDENADA
ECA26072609378,2026-07-26,22:48:00,22,nocturna (22-06),ATENCO,SIN CATALOGAR,RIÑA,rina,1.5,19.55678,-98.916105,COORDENADA
ECA26072609399,2026-07-26,22:52:00,22,nocturna (22-06),TEXCOCO,ORIENTE,VIOLENCIA CONTRA LAS MUJERES,violencia_genero,2.0,19.49752,-98.88761,COORDENADA
ECA26072609411,2026-07-26,22:53:00,22,nocturna (22-06),ACOLMAN,ECATEPEC,VIOLENCIA CONTRA LAS MUJERES,violencia_genero,2.0,19.58753,-98.99384,COORDENADA
ECA26072609416,2026-07-26,22:53:00,22,nocturna (22-06),CHALCO,CHALCO,PERSONA AGRESIVA,rina,1.5,19.262595,-98.89674,COORDENADA
ECA26072609421,2026-07-26,22:54:00,22,nocturna (22-06),CUAUTITLAN IZCALLI,METROPOLITANA,PERSONA AGRESIVA,rina,1.5,19.65523,-99.21083,COORDENADA
ECA26072609422,2026-07-26,22:54:00,22,nocturna (22-06),TECAMAC,ECATEPEC,PERSONA AGRESIVA,rina,1.5,,,MEDIA
ECA26072609443,2026-07-26,22:57:00,22,nocturna (22-06),NICOLAS ROMERO,METROPOLITANA,PERSONA AGRESIVA,rina,1.5,19.611675,-99.279175,COORDENADA
ECA26072609445,2026-07-26,22:57:00,22,nocturna (22-06),CHIMALHUACAN,ORIENTE,PERSONA TIRADA EN VIA PUBLICA,deceso_dudoso,3.0,19.426845,-98.95706,COORDENADA
ECA26072609447,2026-07-26,22:57:00,22,nocturna (22-06),NEZAHUALCOYOTL,ORIENTE,ALTERACION DEL ORDEN PUBLICO POR PERSONA ALCOHOLIZADA,rina,1.5,19.39848,-99.04578,COORDENADA
ECA26072609461,2026-07-26,23:00:00,23,nocturna (22-06),VALLE DE CHALCO,CHALCO,PERSONA AGRESIVA,rina,1.5,19.28327,-98.92017,COORDENADA
ECA26072609462,2026-07-26,23:00:00,23,nocturna (22-06),TEXCOCO,ORIENTE,ALTERACION DEL ORDEN PUBLICO POR PERSONA DROGADA,rina,1.5,19.502175,-98.893945,COORDENADA
ECA26072609463,2026-07-26,23:00:00,23,nocturna (22-06),NEXTLALPAN,SIN CATALOGAR,PERSONA AGRESIVA,rina,1.5,19.737832,-99.078562,COORDENADA
ECA26072609486,2026-07-26,23:03:00,23,nocturna (22-06),CUAUTITLAN IZCALLI,METROPOLITANA,PERSONA AGRESIVA,rina,1.5,19.65523,-99.21083,COORDENADA
ECA26072609489,2026-07-26,23:04:00,23,nocturna (22-06),CUAUTITLAN IZCALLI,METROPOLITANA,PERSONA AGRESIVA,rina,1.5,19.661645,-99.248145,COORDENADA
ECA26072609499,2026-07-26,23:05:00,23,nocturna (22-06),CHALCO,CHALCO,PERSONA AGRESIVA,rina,1.5,19.28001,-98.88533,COORDENADA
ECA26072609504,2026-07-26,23:06:00,23,nocturna (22-06),VALLE DE CHALCO,CHALCO,PERSONA AGRESIVA,rina,1.5,19.26825,-98.958405,COORDENADA
ECA26072609511,2026-07-26,23:08:00,23,nocturna (22-06),ECATEPEC,ECATEPEC,VIOLENCIA FAMILIAR,violencia_genero,2.0,19.54237,-99.0643,COORDENADA
ECA26072609528,2026-07-26,23:11:00,23,nocturna (22-06),ECATEPEC,ECATEPEC,VIOLENCIA CONTRA LAS MUJERES,violencia_genero,2.0,19.498135,-99.0408,COORDENADA
ECA26072609529,2026-07-26,23:11:00,23,nocturna (22-06),TECAMAC,ECATEPEC,VIOLENCIA FAMILIAR,violencia_genero,2.0,19.667485,-99.00729,COORDENADA
ECA26072609545,2026-07-26,23:14:00,23,nocturna (22-06),HUEHUETOCA,ECATEPEC,PERSONA AGRESIVA,rina,1.5,19.864141,-99.228035,COORDENADA
ECA26072609550,2026-07-26,23:15:00,23,nocturna (22-06),ZUMPANGO,ECATEPEC,DETONACION POR ARMA DE FUEGO,arma_fuego,4.0,,,ALTA
ECA26072609568,2026-07-26,23:18:00,23,nocturna (22-06),TLALNEPANTLA,METROPOLITANA,ALTERACION DEL ORDEN PUBLICO POR PERSONA ALCOHOLIZADA,rina,1.5,19.51109,-99.17046,COORDENADA
ECA26072609588,2026-07-26,23:22:00,23,nocturna (22-06),COACALCO DE BERRIOZABAL,ECATEPEC,ALTERACION DEL ORDEN PUBLICO POR PERSONA ALCOHOLIZADA,rina,1.5,19.647985,-99.078515,COORDENADA
ECA26072609598,2026-07-26,23:23:00,23,nocturna (22-06),ECATEPEC,ECATEPEC,PORTACION DE ARMAS DE FUEGO O CARTUCHOS,arma_fuego,3.0,19.61571,-99.07505,COORDENADA
ECA26072609621,2026-07-26,23:28:00,23,nocturna (22-06),ZUMPANGO,ECATEPEC,RIÑA,rina,1.5,19.83501,-99.07808,COORDENADA
ECA26072609625,2026-07-26,23:29:00,23,nocturna (22-06),TULTITLAN,METROPOLITANA,RIÑA,rina,1.5,19.632885,-99.162505,COORDENADA
ECA26072609626,2026-07-26,23:29:00,23,nocturna (22-06),ECATEPEC,ECATEPEC,PERSONA AGRESIVA,rina,1.5,19.61745,-99.017525,COORDENADA
ECA26072609630,2026-07-26,23:30:00,23,nocturna (22-06),ECATEPEC,ECATEPEC,PERSONA AGRESIVA,rina,1.5,19.521505,-99.04037,COORDENADA
ECA26072609637,2026-07-26,23:31:00,23,nocturna (22-06),CHALCO,CHALCO,PERSONA AGRESIVA,rina,1.5,19.23995,-98.84646,COORDENADA
ECA26072609641,2026-07-26,23:33:00,23,nocturna (22-06),TLALNEPANTLA,METROPOLITANA,VIOLENCIA CONTRA LAS MUJERES,violencia_genero,2.0,19.535385,-99.160235,COORDENADA
ECA26072609643,2026-07-26,23:33:00,23,nocturna (22-06),ECATEPEC,ECATEPEC,VIOLENCIA CONTRA LAS MUJERES,violencia_genero,2.0,19.49931,-99.04712,COORDENADA
ECA26072609644,2026-07-26,23:33:00,23,nocturna (22-06),TEOLOYUCAN,SIN CATALOGAR,VIOLENCIA FAMILIAR,violencia_genero,2.0,19.764775,-99.180335,COORDENADA
ECA26072609678,2026-07-26,23:42:00,23,nocturna (22-06),ECATEPEC,ECATEPEC,DETONACION POR ARMA DE FUEGO,arma_fuego,4.0,19.517535,-99.017775,COORDENADA
ECA26072609684,2026-07-26,23:42:00,23,nocturna (22-06),CHIMALHUACAN,ORIENTE,DETONACION POR ARMA DE FUEGO,arma_fuego,4.0,19.437305,-98.943075,COORDENADA
ECA26072609687,2026-07-26,23:42:00,23,nocturna (22-06),NICOLAS ROMERO,METROPOLITANA,VIOLENCIA CONTRA LAS MUJERES,violencia_genero,2.0,19.5893,-99.29668,COORDENADA
ECA26072609688,2026-07-26,23:42:00,23,nocturna (22-06),IXTAPALUCA,CHALCO,RIÑA,rina,1.5,19.300535,-98.906195,COORDENADA
ECA26072609694,2026-07-26,23:43:00,23,nocturna (22-06),NICOLAS ROMERO,METROPOLITANA,RIÑA,rina,1.5,19.63161,-99.32972,COORDENADA
ECA26072609699,2026-07-26,23:44:00,23,nocturna (22-06),ECATEPEC,ECATEPEC,PERSONA AGRESIVA,rina,1.5,19.54237,-99.0643,COORDENADA
ECA26072609702,2026-07-26,23:45:00,23,nocturna (22-06),ECATEPEC,ECATEPEC,PERSONA AGRESIVA,rina,1.5,19.525325,-99.01607,COORDENADA
ECA26072609712,2026-07-26,23:47:00,23,nocturna (22-06),ECATEPEC,ECATEPEC,DETONACION POR ARMA DE FUEGO,arma_fuego,4.0,19.517535,-99.017775,COORDENADA
ECA26072609716,2026-07-26,23:47:00,23,nocturna (22-06),CHIMALHUACAN,ORIENTE,RIÑA,rina,1.5,19.437305,-98.943075,COORDENADA
ECA26072609718,2026-07-26,23:47:00,23,nocturna (22-06),TLALNEPANTLA,METROPOLITANA,ALTERACION DEL ORDEN PUBLICO POR PERSONA DROGADA,rina,1.5,19.51406,-99.09499,COORDENADA
ECA26072609719,2026-07-26,23:48:00,23,nocturna (22-06),COACALCO DE BERRIOZABAL,ECATEPEC,DETONACION POR ARMA DE FUEGO,arma_fuego,4.0,19.63621,-99.12452,COORDENADA
ECA26072609723,2026-07-26,23:48:00,23,nocturna (22-06),CHIMALHUACAN,ORIENTE,RIÑA,rina,1.5,19.437185,-98.92834,COORDENADA
ECA26072609732,2026-07-26,23:50:00,23,nocturna (22-06),NEZAHUALCOYOTL,ORIENTE,VIOLENCIA FAMILIAR,violencia_genero,2.0,19.39908,-98.99536,COORDENADA
ECA26072609733,2026-07-26,23:50:00,23,nocturna (22-06),CHIMALHUACAN,ORIENTE,VIOLENCIA CONTRA LAS MUJERES,violencia_genero,2.0,,,ALTA
ECA26072609734,2026-07-26,23:50:00,23,nocturna (22-06),ECATEPEC,ECATEPEC,VIOLENCIA CONTRA LAS MUJERES,violencia_genero,2.0,19.61048,-99.05533,COORDENADA
ECA26072609742,2026-07-26,23:51:00,23,nocturna (22-06),IXTAPALUCA,CHALCO,PERSONA NO LOCALIZADA O DESAPARECIDA,desaparicion,3.0,19.31609,-98.928275,COORDENADA
ECA26072609747,2026-07-26,23:52:00,23,nocturna (22-06),JALTENCO,ECATEPEC,RIÑA,rina,1.5,19.662073,-99.067506,COORDENADA
ECA26072609750,2026-07-26,23:52:00,23,nocturna (22-06),ECATEPEC,ECATEPEC,DETONACION POR ARMA DE FUEGO,arma_fuego,4.0,19.50543,-99.02146,COORDENADA
ECA26072609763,2026-07-26,23:54:00,23,nocturna (22-06),TEOLOYUCAN,SIN CATALOGAR,VIOLENCIA CONTRA LAS MUJERES,violencia_genero,2.0,19.74487,-99.18102,COORDENADA
ECA26072609765,2026-07-26,23:54:00,23,nocturna (22-06),ECATEPEC,ECATEPEC,DETONACION POR ARMA DE FUEGO,arma_fuego,4.0,19.50484,-99.01821,COORDENADA
ECA26072609770,2026-07-26,23:55:00,23,nocturna (22-06),NEZAHUALCOYOTL,ORIENTE,VIOLENCIA CONTRA LAS MUJERES,violencia_genero,2.0,19.38975,-98.99682,COORDENADA
ECA26072700001,2026-07-27,00:00:00,0,nocturna (22-06),CHALCO,CHALCO,VIOLENCIA CONTRA LAS MUJERES,violencia_genero,2.0,19.22826,-98.92769,COORDENADA
ECA26072700006,2026-07-27,00:02:00,0,nocturna (22-06),ECATEPEC,ECATEPEC,VIOLENCIA FAMILIAR,violencia_genero,2.0,19.54237,-99.0643,COORDENADA
ECA26072700009,2026-07-27,00:02:00,0,nocturna (22-06),TEZOYUCA,ORIENTE,RIÑA,rina,1.5,19.608439,-98.966745,COORDENADA
ECA26072700071,2026-07-27,00:17:00,0,nocturna (22-06),CHICOLOAPAN,SIN CATALOGAR,VIOLENCIA DE PAREJA,violencia_genero,2.0,19.404435,-98.87937,COORDENADA
ECA26072700072,2026-07-27,00:17:00,0,nocturna (22-06),CHALCO,CHALCO,RIÑA,rina,1.5,19.26981,-98.889975,COORDENADA
ECA26072700082,2026-07-27,00:18:00,0,nocturna (22-06),ECATEPEC,ECATEPEC,DETONACION POR ARMA DE FUEGO,arma_fuego,4.0,19.572935,-99.03807,COORDENADA
ECA26072700093,2026-07-27,00:20:00,0,nocturna (22-06),CHIMALHUACAN,ORIENTE,PERSONA TIRADA EN LA VIA PUBLICA CON HUELLAS DE VIOLENCIA,letal,5.0,19.389845,-98.96006,COORDENADA
ECA26072700094,2026-07-27,00:21:00,0,nocturna (22-06),CUAUTITLAN,METROPOLITANA,RIÑA,rina,1.5,19.66244,-99.15776,COORDENADA
ECA26072700106,2026-07-27,00:23:00,0,nocturna (22-06),CHALCO,CHALCO,ALTERACION DEL ORDEN PUBLICO POR PERSONA ALCOHOLIZADA,rina,1.5,19.262595,-98.89674,COORDENADA
ECA26072700115,2026-07-27,00:24:00,0,nocturna (22-06),ECATEPEC,ECATEPEC,VIOLENCIA CONTRA LAS MUJERES,violencia_genero,2.0,19.49416,-99.050025,COORDENADA
ECA26072700123,2026-07-27,00:26:00,0,nocturna (22-06),IXTAPALUCA,CHALCO,VIOLENCIA CONTRA LAS MUJERES,violencia_genero,2.0,19.29346,-98.838805,COORDENADA
ECA26072700128,2026-07-27,00:27:00,0,nocturna (22-06),CHALCO,CHALCO,PERSONA AGRESIVA,rina,1.5,19.26981,-98.889975,COORDENADA
ECA26072700130,2026-07-27,00:27:00,0,nocturna (22-06),TECAMAC,ECATEPEC,VIOLENCIA CONTRA LAS MUJERES,violencia_genero,2.0,,,MEDIA
ECA26072700131,2026-07-27,00:27:00,0,nocturna (22-06),ECATEPEC,ECATEPEC,RIÑA,rina,1.5,19.49965,-99.059145,COORDENADA
ECA26072700132,2026-07-27,00:28:00,0,nocturna (22-06),HUEHUETOCA,ECATEPEC,ALTERACION DEL ORDEN PUBLICO POR PERSONA ALCOHOLIZADA,rina,1.5,19.846515,-99.206472,COORDENADA
ECA26072700134,2026-07-27,00:28:00,0,nocturna (22-06),CHICOLOAPAN,SIN CATALOGAR,RIÑA,rina,1.5,19.42477,-98.88037,COORDENADA
ECA26072700146,2026-07-27,00:31:00,0,nocturna (22-06),TEOLOYUCAN,SIN CATALOGAR,DETONACION POR ARMA DE FUEGO,arma_fuego,4.0,19.76062,-99.169885,COORDENADA
ECA26072700170,2026-07-27,00:35:00,0,nocturna (22-06),NICOLAS ROMERO,METROPOLITANA,PERSONA AGRESIVA,rina,1.5,19.613515,-99.291415,COORDENADA
ECA26072700175,2026-07-27,00:37:00,0,nocturna (22-06),ECATEPEC,ECATEPEC,ROBO DE MOTOCICLETA CON VIOLENCIA,robo_violento,2.0,19.50813,-99.082945,COORDENADA
ECA26072700202,2026-07-27,00:42:00,0,nocturna (22-06),TECAMAC,ECATEPEC,VIOLENCIA CONTRA LAS MUJERES,violencia_genero,2.0,19.622015,-99.040695,COORDENADA
ECA26072700207,2026-07-27,00:42:00,0,nocturna (22-06),COACALCO DE BERRIOZABAL,ECATEPEC,DETONACION POR ARMA DE FUEGO,arma_fuego,4.0,19.654055,-99.08175,COORDENADA
ECA26072700219,2026-07-27,00:44:00,0,nocturna (22-06),TEOLOYUCAN,SIN CATALOGAR,DETONACION POR ARMA DE FUEGO,arma_fuego,4.0,19.77124,-99.17254,COORDENADA
ECA26072700236,2026-07-27,00:46:00,0,nocturna (22-06),CUAUTITLAN,METROPOLITANA,PERSONA AGRESIVA,rina,1.5,19.67853,-99.16186,COORDENADA
ECA26072700238,2026-07-27,00:47:00,0,nocturna (22-06),TECAMAC,ECATEPEC,PERSONA AGRESIVA,rina,1.5,19.65392,-98.99578,COORDENADA
ECA26072700242,2026-07-27,00:47:00,0,nocturna (22-06),NICOLAS ROMERO,METROPOLITANA,PERSONA AGRESIVA,rina,1.5,19.611242,-99.3006,COORDENADA
ECA26072700247,2026-07-27,00:48:00,0,nocturna (22-06),TULTITLAN,METROPOLITANA,PERSONA AGRESIVA,rina,1.5,19.67367,-99.08777,COORDENADA
ECA26072700250,2026-07-27,00:48:00,0,nocturna (22-06),TULTITLAN,METROPOLITANA,PERSONA AGRESIVA,rina,1.5,19.620225,-99.15915,COORDENADA
ECA26072700268,2026-07-27,00:51:00,0,nocturna (22-06),NEZAHUALCOYOTL,ORIENTE,PORTACION DE ARMAS DE FUEGO O CARTUCHOS,arma_fuego,3.0,19.479185,-99.05796,COORDENADA
ECA26072700278,2026-07-27,00:53:00,0,nocturna (22-06),TECAMAC,ECATEPEC,PERSONA AGRESIVA,rina,1.5,19.6722,-98.97436,COORDENADA
ECA26072700282,2026-07-27,00:53:00,0,nocturna (22-06),ACOLMAN,ECATEPEC,ROBO DE VEHICULO PARTICULAR CON VIOLENCIA,robo_violento,2.0,,,MEDIA
ECA26072700284,2026-07-27,00:53:00,0,nocturna (22-06),TEXCOCO,ORIENTE,DETONACION POR ARMA DE FUEGO,arma_fuego,4.0,19.50148,-98.86201,COORDENADA
ECA26072700286,2026-07-27,00:53:00,0,nocturna (22-06),NEZAHUALCOYOTL,ORIENTE,RIÑA,rina,1.5,19.479185,-99.05796,COORDENADA
ECA26072700296,2026-07-27,00:55:00,0,nocturna (22-06),TEOTIHUACAN,ORIENTE,ROBO A TRANSEUNTE CON VIOLENCIA,robo_violento,2.0,19.66744,-98.898845,COORDENADA
ECA26072700299,2026-07-27,00:55:00,0,nocturna (22-06),LA PAZ,ORIENTE,VIOLENCIA CONTRA LAS MUJERES,violencia_genero,2.0,19.365475,-98.97206,COORDENADA
ECA26072700333,2026-07-27,01:00:00,1,nocturna (22-06),NEXTLALPAN,SIN CATALOGAR,ROBO DE MOTOCICLETA CON VIOLENCIA,robo_violento,2.0,19.737832,-99.078562,COORDENADA
ECA26072700347,2026-07-27,01:04:00,1,nocturna (22-06),TEQUIXQUIAC,SIN CATALOGAR,VIOLENCIA CONTRA LAS MUJERES,violencia_genero,2.0,19.914198,-99.127555,COORDENADA
ECA26072700358,2026-07-27,01:06:00,1,nocturna (22-06),CHIMALHUACAN,ORIENTE,PERSONA NO LOCALIZADA O DESAPARECIDA,desaparicion,3.0,19.40932,-99.01696,COORDENADA
ECA26072700386,2026-07-27,01:12:00,1,nocturna (22-06),CUAUTITLAN IZCALLI,METROPOLITANA,VIOLENCIA FAMILIAR,violencia_genero,2.0,19.65523,-99.21083,COORDENADA
ECA26072700392,2026-07-27,01:14:00,1,nocturna (22-06),HUEHUETOCA,ECATEPEC,RIÑA,rina,1.5,19.843734,-99.241543,COORDENADA
ECA26072700396,2026-07-27,01:15:00,1,nocturna (22-06),VALLE DE CHALCO,CHALCO,PERSONA AGRESIVA,rina,1.5,19.283635,-98.953855,COORDENADA
ECA26072700410,2026-07-27,01:16:00,1,nocturna (22-06),TLALNEPANTLA,METROPOLITANA,PERSONA NO LOCALIZADA O DESAPARECIDA,desaparicion,3.0,19.535585,-99.233145,COORDENADA
ECA26072700418,2026-07-27,01:18:00,1,nocturna (22-06),VALLE DE CHALCO,CHALCO,PERSONA AGRESIVA,rina,1.5,19.283635,-98.953855,COORDENADA
ECA26072700421,2026-07-27,01:19:00,1,nocturna (22-06),TULTITLAN,METROPOLITANA,ALTERACION DEL ORDEN PUBLICO POR PERSONA ALCOHOLIZADA,rina,1.5,19.615245,-99.146285,COORDENADA
ECA26072700444,2026-07-27,01:24:00,1,nocturna (22-06),CUAUTITLAN IZCALLI,METROPOLITANA,DETONACION POR ARMA DE FUEGO,arma_fuego,4.0,19.695655,-99.205765,COORDENADA
ECA26072700448,2026-07-27,01:25:00,1,nocturna (22-06),CHIMALHUACAN,ORIENTE,PERSONA AGRESIVA,rina,1.5,19.404445,-98.933535,COORDENADA
ECA26072700468,2026-07-27,01:30:00,1,nocturna (22-06),ZUMPANGO,ECATEPEC,VIOLENCIA CONTRA LAS MUJERES,violencia_genero,2.0,19.83163,-99.081725,COORDENADA
ECA26072700471,2026-07-27,01:31:00,1,nocturna (22-06),TEMASCALAPA,SIN CATALOGAR,VIOLENCIA CONTRA LAS MUJERES,violencia_genero,2.0,19.769429,-98.909321,COORDENADA
ECA26072700477,2026-07-27,01:32:00,1,nocturna (22-06),TULTITLAN,METROPOLITANA,PERSONA AGRESIVA,rina,1.5,19.665215,-99.094465,COORDENADA
ECA26072700492,2026-07-27,01:35:00,1,nocturna (22-06),COYOTEPEC,ECATEPEC,PERSONA AGRESIVA,rina,1.5,19.765479,-99.207404,COORDENADA
ECA26072700498,2026-07-27,01:37:00,1,nocturna (22-06),NEZAHUALCOYOTL,ORIENTE,RIÑA,rina,1.5,19.38851,-98.99502,COORDENADA
ECA26072700499,2026-07-27,01:37:00,1,nocturna (22-06),TULTEPEC,ECATEPEC,PERSONA AGRESIVA,rina,1.5,,,MEDIA
ECA26072700515,2026-07-27,01:40:00,1,nocturna (22-06),ECATEPEC,ECATEPEC,PERSONA AGRESIVA,rina,1.5,19.56635,-99.03016,COORDENADA
ECA26072700525,2026-07-27,01:43:00,1,nocturna (22-06),CHALCO,CHALCO,PORTACION DE ARMAS DE FUEGO O CARTUCHOS,arma_fuego,3.0,19.25815,-98.916925,COORDENADA
ECA26072700528,2026-07-27,01:44:00,1,nocturna (22-06),TECAMAC,ECATEPEC,VIOLENCIA CONTRA LAS MUJERES,violencia_genero,2.0,19.63894,-99.039715,COORDENADA
ECA26072700529,2026-07-27,01:45:00,1,nocturna (22-06),IXTAPALUCA,CHALCO,VIOLENCIA CONTRA LAS MUJERES,violencia_genero,2.0,19.30838,-98.86258,COORDENADA
ECA26072700537,2026-07-27,01:45:00,1,nocturna (22-06),CUAUTITLAN,METROPOLITANA,PERSONA AGRESIVA,rina,1.5,19.67452,-99.15464,COORDENADA
ECA26072700553,2026-07-27,01:49:00,1,nocturna (22-06),TEXCOCO,ORIENTE,VIOLENCIA CONTRA LAS MUJERES,violencia_genero,2.0,19.53693,-98.867055,COORDENADA
ECA26072700557,2026-07-27,01:49:00,1,nocturna (22-06),NICOLAS ROMERO,METROPOLITANA,PERSONA AGRESIVA,rina,1.5,19.637965,-99.296195,COORDENADA
ECA26072700565,2026-07-27,01:51:00,1,nocturna (22-06),TULTITLAN,METROPOLITANA,PERSONA AGRESIVA,rina,1.5,19.584825,-99.171945,COORDENADA
ECA26072700567,2026-07-27,01:52:00,1,nocturna (22-06),ATIZAPAN,METROPOLITANA,DETONACION POR ARMA DE FUEGO,arma_fuego,4.0,19.597375,-99.26827,COORDENADA
ECA26072700579,2026-07-27,01:54:00,1,nocturna (22-06),ECATEPEC,ECATEPEC,ALTERACION DEL ORDEN PUBLICO POR PERSONA ALCOHOLIZADA,rina,1.5,19.559275,-99.031075,COORDENADA
ECA26072700597,2026-07-27,02:01:00,2,nocturna (22-06),ECATEPEC,ECATEPEC,PERSONA AGRESIVA,rina,1.5,19.500835,-99.02328,COORDENADA
ECA26072700600,2026-07-27,02:02:00,2,nocturna (22-06),TLALNEPANTLA,METROPOLITANA,VIOLENCIA CONTRA LAS MUJERES,violencia_genero,2.0,19.53106,-99.08195,COORDENADA
ECA26072700606,2026-07-27,02:03:00,2,nocturna (22-06),TEXCOCO,ORIENTE,VIOLENCIA CONTRA LAS MUJERES,violencia_genero,2.0,19.52526,-98.87029,COORDENADA
ECA26072700639,2026-07-27,02:11:00,2,nocturna (22-06),NEZAHUALCOYOTL,ORIENTE,DETONACION POR ARMA DE FUEGO,arma_fuego,4.0,19.45241,-99.04757,COORDENADA
ECA26072700649,2026-07-27,02:13:00,2,nocturna (22-06),NEZAHUALCOYOTL,ORIENTE,DETONACION POR ARMA DE FUEGO,arma_fuego,4.0,19.458085,-99.049295,COORDENADA
ECA26072700652,2026-07-27,02:14:00,2,nocturna (22-06),NEZAHUALCOYOTL,ORIENTE,PERSONA AGRESIVA,rina,1.5,19.41772,-99.054715,COORDENADA
ECA26072700659,2026-07-27,02:16:00,2,nocturna (22-06),NICOLAS ROMERO,METROPOLITANA,VIOLENCIA CONTRA LAS MUJERES,violencia_genero,2.0,19.64135,-99.315715,COORDENADA
ECA26072700670,2026-07-27,02:18:00,2,nocturna (22-06),NICOLAS ROMERO,METROPOLITANA,DETONACION POR ARMA DE FUEGO,arma_fuego,4.0,19.629615,-99.34214,COORDENADA
ECA26072700673,2026-07-27,02:19:00,2,nocturna (22-06),NICOLAS ROMERO,METROPOLITANA,RIÑA,rina,1.5,19.637965,-99.296195,COORDENADA
ECA26072700675,2026-07-27,02:19:00,2,nocturna (22-06),TECAMAC,ECATEPEC,AMENAZA DE SUICIDIO,deceso_dudoso,3.0,19.677495,-99.030985,COORDENADA
ECA26072700703,2026-07-27,02:30:00,2,nocturna (22-06),COYOTEPEC,ECATEPEC,DETONACION POR ARMA DE FUEGO,arma_fuego,4.0,19.767532,-99.213187,COORDENADA
ECA26072700712,2026-07-27,02:33:00,2,nocturna (22-06),TEXCOCO,ORIENTE,PERSONA AGRESIVA,rina,1.5,19.53693,-98.867055,COORDENADA
ECA26072700715,2026-07-27,02:33:00,2,nocturna (22-06),TECAMAC,ECATEPEC,PERSONA AGRESIVA,rina,1.5,19.70565,-98.9667,COORDENADA
ECA26072700723,2026-07-27,02:35:00,2,nocturna (22-06),TECAMAC,ECATEPEC,VIOLENCIA CONTRA LAS MUJERES,violencia_genero,2.0,19.70964,-98.97002,COORDENADA
ECA26072700726,2026-07-27,02:35:00,2,nocturna (22-06),TECAMAC,ECATEPEC,PERSONA AGRESIVA,rina,1.5,19.702985,-98.967035,COORDENADA
ECA26072700735,2026-07-27,02:37:00,2,nocturna (22-06),TECAMAC,ECATEPEC,PERSONA AGRESIVA,rina,1.5,19.670255,-98.958145,COORDENADA
ECA26072700751,2026-07-27,02:42:00,2,nocturna (22-06),ECATEPEC,ECATEPEC,DETONACION POR ARMA DE FUEGO,arma_fuego,4.0,19.52624,-99.050565,COORDENADA
ECA26072700765,2026-07-27,02:45:00,2,nocturna (22-06),TLALNEPANTLA,METROPOLITANA,ALTERACION DEL ORDEN PUBLICO POR PERSONA ALCOHOLIZADA,rina,1.5,19.53513,-99.116475,COORDENADA
ECA26072700773,2026-07-27,02:49:00,2,nocturna (22-06),CUAUTITLAN,METROPOLITANA,PERSONA AGRESIVA,rina,1.5,19.670435,-99.18086,COORDENADA
ECA26072700808,2026-07-27,02:58:00,2,nocturna (22-06),VALLE DE CHALCO,CHALCO,RIÑA,rina,1.5,19.289905,-98.92147,COORDENADA
ECA26072700810,2026-07-27,02:59:00,2,nocturna (22-06),CHALCO,CHALCO,DETONACION POR ARMA DE FUEGO,arma_fuego,4.0,19.257545,-98.816155,COORDENADA
TOL26072700672,2026-07-27,03:07:00,3,nocturna (22-06),TOLUCA,VALLE TOLUCA,VIOLENCIA DE PAREJA,violencia_genero,2.0,19.328359,-99.659109,COORDENADA
TOL26072700683,2026-07-27,03:15:00,3,nocturna (22-06),NAUCALPAN,METROPOLITANA,ALTERACION DEL ORDEN PUBLICO POR PERSONA ALCOHOLIZADA,rina,1.5,19.440555,-99.27394,COORDENADA
TOL26072700687,2026-07-27,03:15:00,3,nocturna (22-06),NAUCALPAN,METROPOLITANA,PERSONA AGRESIVA,rina,1.5,19.494675,-99.255475,COORDENADA
TOL26072700702,2026-07-27,03:21:00,3,nocturna (22-06),OCUILAN,IXTAPAN,ROBO DE VEHICULO PARTICULAR CON VIOLENCIA,robo_violento,2.0,,,MEDIA
TOL26072700703,2026-07-27,03:21:00,3,nocturna (22-06),HUIXQUILUCAN,METROPOLITANA,VIOLENCIA CONTRA LAS MUJERES,violencia_genero,2.0,19.40928,-99.27876,COORDENADA
TOL26072700713,2026-07-27,03:26:00,3,nocturna (22-06),NAUCALPAN,METROPOLITANA,PERSONA AGRESIVA,rina,1.5,19.444998,-99.293331,COORDENADA
TOL26072700726,2026-07-27,03:29:00,3,nocturna (22-06),TOLUCA,VALLE TOLUCA,PERSONA AGRESIVA,rina,1.5,19.249725,-99.69428,COORDENADA
TOL26072700735,2026-07-27,03:35:00,3,nocturna (22-06),NAUCALPAN,METROPOLITANA,ROBO A TRANSEUNTE CON VIOLENCIA,robo_violento,2.0,19.44121,-99.27311,COORDENADA
TOL26072700742,2026-07-27,03:41:00,3,nocturna (22-06),TIANGUISTENCO,VALLE TOLUCA,PERSONA AGRESIVA,rina,1.5,19.198694,-99.49942,COORDENADA
TOL26072700785,2026-07-27,04:00:00,4,nocturna (22-06),METEPEC,VALLE TOLUCA,PERSONA LESIONADA DURANTE ALTERACION DEL ORDEN PUBLICO O POR RIÑA,rina,1.5,19.26047,-99.62857,COORDENADA
TOL26072700814,2026-07-27,04:07:00,4,nocturna (22-06),TOLUCA,VALLE TOLUCA,ROBO DE MOTOCICLETA CON VIOLENCIA,robo_violento,2.0,19.344595,-99.64724,COORDENADA
TOL26072700824,2026-07-27,04:11:00,4,nocturna (22-06),NAUCALPAN,METROPOLITANA,ALTERACION DEL ORDEN PUBLICO POR PERSONA ALCOHOLIZADA,rina,1.5,19.45504,-99.273185,COORDENADA
TOL26072700860,2026-07-27,04:28:00,4,nocturna (22-06),TOLUCA,VALLE TOLUCA,RIÑA,rina,1.5,19.280545,-99.62339,COORDENADA
TOL26072700887,2026-07-27,04:44:00,4,nocturna (22-06),TOLUCA,VALLE TOLUCA,VIOLENCIA FAMILIAR,violencia_genero,2.0,19.344595,-99.64724,COORDENADA
TOL26072700932,2026-07-27,05:17:00,5,nocturna (22-06),TOLUCA,VALLE TOLUCA,ROBO A NEGOCIO CON VIOLENCIA,robo_violento,2.0,19.31264,-99.577205,COORDENADA
TOL26072700943,2026-07-27,05:24:00,5,nocturna (22-06),TOLUCA,VALLE TOLUCA,ROBO A NEGOCIO CON VIOLENCIA,robo_violento,2.0,19.34674,-99.58935,COORDENADA
TOL26072700957,2026-07-27,05:27:00,5,nocturna (22-06),SAN MATEO ATENCO,VALLE TOLUCA,VIOLENCIA CONTRA LAS MUJERES,violencia_genero,2.0,19.25716,-99.54256,COORDENADA
TOL26072700987,2026-07-27,05:36:00,5,nocturna (22-06),TOLUCA,VALLE TOLUCA,PERSONA AGRESIVA,rina,1.5,19.280545,-99.62339,COORDENADA
TOL26072701244,2026-07-27,07:03:00,7,matutina (06-14),LERMA,SIN CATALOGAR,VIOLENCIA CONTRA LAS MUJERES,violencia_genero,2.0,19.299305,-99.50738,COORDENADA
TOL26072701465,2026-07-27,07:47:00,7,matutina (06-14),LERMA,SIN CATALOGAR,PERSONA AGRESIVA,rina,1.5,19.287965,-99.51201,COORDENADA
TOL26072701502,2026-07-27,07:53:00,7,matutina (06-14),JOCOTITLAN,ATLACOMULCO,PORTACION DE ARMA BLANCA,arma_blanca,2.0,19.75538,-99.91734,COORDENADA
TOL26072701606,2026-07-27,08:15:00,8,matutina (06-14),TOLUCA,VALLE TOLUCA,PERSONA AGRESIVA,rina,1.5,19.28857,-99.66114,COORDENADA
TOL26072701639,2026-07-27,08:23:00,8,matutina (06-14),TOLUCA,VALLE TOLUCA,ROBO A TRANSEUNTE CON VIOLENCIA,robo_violento,2.0,19.280545,-99.62339,COORDENADA
TOL26072701669,2026-07-27,08:28:00,8,matutina (06-14),TOLUCA,VALLE TOLUCA,DETONACION POR ARMA DE FUEGO,arma_fuego,4.0,19.228545,-99.677625,COORDENADA
TOL26072701767,2026-07-27,08:53:00,8,matutina (06-14),METEPEC,VALLE TOLUCA,PERSONA AGRESIVA,rina,1.5,19.26024,-99.590655,COORDENADA
TOL26072701775,2026-07-27,08:56:00,8,matutina (06-14),TOLUCA,VALLE TOLUCA,PERSONA TIRADA EN VIA PUBLICA,deceso_dudoso,3.0,19.33599,-99.68246,COORDENADA
TOL26072701899,2026-07-27,09:15:00,9,matutina (06-14),SOYANIQUILPAN,ATLACOMULCO,PERSONA AGRESIVA,rina,1.5,20.007856,-99.533208,COORDENADA
TOL26072701918,2026-07-27,09:17:00,9,matutina (06-14),SAN FELIPE DEL PROGRESO,VALLE DE BRAVO,VIOLENCIA CONTRA LAS MUJERES,violencia_genero,2.0,19.693459,-99.947856,COORDENADA
TOL26072701919,2026-07-27,09:18:00,9,matutina (06-14),TOLUCA,VALLE TOLUCA,PERSONA AGRESIVA,rina,1.5,19.31264,-99.577205,COORDENADA
TOL26072701975,2026-07-27,09:28:00,9,matutina (06-14),TOLUCA,VALLE TOLUCA,PERSONA AGRESIVA,rina,1.5,19.27216,-99.69025,COORDENADA
TOL26072701978,2026-07-27,09:29:00,9,matutina (06-14),TOLUCA,VALLE TOLUCA,ROBO A CASA HABITACION CON VIOLENCIA,robo_violento,2.0,19.27216,-99.69025,COORDENADA
TOL26072702018,2026-07-27,09:35:00,9,matutina (06-14),TOLUCA,VALLE TOLUCA,VIOLENCIA FAMILIAR,violencia_genero,2.0,19.224461,-99.669106,COORDENADA
TOL26072702090,2026-07-27,09:49:00,9,matutina (06-14),NAUCALPAN,METROPOLITANA,PERSONA AGRESIVA,rina,1.5,19.46648,-99.25598,COORDENADA
TOL26072702112,2026-07-27,09:53:00,9,matutina (06-14),IXTLAHUACA,ATLACOMULCO,PERSONA AGRESIVA,rina,1.5,,,MEDIA
TOL26072702123,2026-07-27,09:55:00,9,matutina (06-14),NAUCALPAN,METROPOLITANA,VIOLENCIA FAMILIAR,violencia_genero,2.0,19.44826,-99.28737,COORDENADA
TOL26072702139,2026-07-27,09:57:00,9,matutina (06-14),TOLUCA,VALLE TOLUCA,VIOLENCIA FAMILIAR,violencia_genero,2.0,19.32219,-99.57572,COORDENADA
TOL26072702143,2026-07-27,09:58:00,9,matutina (06-14),NAUCALPAN,METROPOLITANA,HOMICIDIO,letal,10.0,19.444105,-99.255825,COORDENADA
TOL26072702144,2026-07-27,09:58:00,9,matutina (06-14),VILLA DEL CARBON,ATLACOMULCO,VIOLENCIA CONTRA LAS MUJERES,violencia_genero,2.0,19.709047,-99.503232,COORDENADA
TOL26072702163,2026-07-27,10:01:00,10,matutina (06-14),TOLUCA,VALLE TOLUCA,VIOLENCIA FAMILIAR,violencia_genero,2.0,19.335065,-99.55859,COORDENADA
TOL26072702180,2026-07-27,10:03:00,10,matutina (06-14),VILLA DEL CARBON,ATLACOMULCO,VIOLENCIA FAMILIAR,violencia_genero,2.0,19.72444,-99.479297,COORDENADA
TOL26072702185,2026-07-27,10:03:00,10,matutina (06-14),LERMA,SIN CATALOGAR,TENTATIVA DE SUICIDIO,deceso_dudoso,3.0,,,ALTA
TOL26072702243,2026-07-27,10:12:00,10,matutina (06-14),TOLUCA,VALLE TOLUCA,PERSONA NO LOCALIZADA O DESAPARECIDA,desaparicion,3.0,19.31264,-99.577205,COORDENADA
TOL26072702292,2026-07-27,10:18:00,10,matutina (06-14),OCUILAN,IXTAPAN,VIOLENCIA CONTRA LAS MUJERES,violencia_genero,2.0,19.063271,-99.381992,COORDENADA
TOL26072702368,2026-07-27,10:29:00,10,matutina (06-14),ZUMPANGO,ECATEPEC,VIOLENCIA FAMILIAR,violencia_genero,2.0,19.81244,-99.09831,COORDENADA
TOL26072702497,2026-07-27,10:45:00,10,matutina (06-14),TOLUCA,VALLE TOLUCA,PERSONA AGRESIVA,rina,1.5,19.36288,-99.58728,COORDENADA
TOL26072702556,2026-07-27,10:52:00,10,matutina (06-14),LERMA,SIN CATALOGAR,PERSONA NO LOCALIZADA O DESAPARECIDA,desaparicion,3.0,19.38716,-99.72205,COORDENADA
TOL26072702557,2026-07-27,10:52:00,10,matutina (06-14),IXTAPAN DE LA SAL,IXTAPAN,PERSONA NO LOCALIZADA O DESAPARECIDA,desaparicion,3.0,,,MEDIA
TOL26072702648,2026-07-27,11:06:00,11,matutina (06-14),TOLUCA,VALLE TOLUCA,VIOLENCIA CONTRA LAS MUJERES,violencia_genero,2.0,19.355235,-99.593185,COORDENADA
TOL26072702699,2026-07-27,11:10:00,11,matutina (06-14),NAUCALPAN,METROPOLITANA,PRIVACION DE LA LIBERTAD,alta_incidencia,4.0,19.440865,-99.34288,COORDENADA
TOL26072702778,2026-07-27,11:18:00,11,matutina (06-14),TOLUCA,VALLE TOLUCA,PERSONA AGRESIVA,rina,1.5,19.27168,-99.690865,COORDENADA
TOL26072702781,2026-07-27,11:18:00,11,matutina (06-14),LERMA,SIN CATALOGAR,VIOLENCIA FAMILIAR,violencia_genero,2.0,19.3812,-99.49594,COORDENADA
TOL26072702992,2026-07-27,11:40:00,11,matutina (06-14),HUIXQUILUCAN,METROPOLITANA,PERSONA AGRESIVA,rina,1.5,19.40327,-99.274315,COORDENADA
TOL26072703048,2026-07-27,11:48:00,11,matutina (06-14),METEPEC,VALLE TOLUCA,VIOLENCIA CONTRA LAS MUJERES,violencia_genero,2.0,19.2319,-99.609135,COORDENADA
TOL26072703120,2026-07-27,11:55:00,11,matutina (06-14),TOLUCA,VALLE TOLUCA,EXTORSION TELEFONICA,alta_incidencia,4.0,19.28857,-99.66114,COORDENADA
TOL26072703126,2026-07-27,11:57:00,11,matutina (06-14),OTZOLOTEPEC,VALLE TOLUCA,VIOLENCIA CONTRA LAS MUJERES,violencia_genero,2.0,19.416409,-99.556557,COORDENADA
TOL26072703153,2026-07-27,12:00:00,12,matutina (06-14),TOLUCA,VALLE TOLUCA,VIOLENCIA DE PAREJA,violencia_genero,2.0,19.280545,-99.62339,COORDENADA
TOL26072703162,2026-07-27,12:01:00,12,matutina (06-14),TOLUCA,VALLE TOLUCA,VIOLENCIA CONTRA LAS MUJERES,violencia_genero,2.0,19.296475,-99.68344,COORDENADA
TOL26072703205,2026-07-27,12:06:00,12,matutina (06-14),TOLUCA,VALLE TOLUCA,VIOLENCIA CONTRA LAS MUJERES,violencia_genero,2.0,19.27688,-99.63017,COORDENADA
TOL26072703226,2026-07-27,12:09:00,12,matutina (06-14),METEPEC,VALLE TOLUCA,PERSONA AGRESIVA,rina,1.5,19.246875,-99.57896,COORDENADA
TOL26072703230,2026-07-27,12:09:00,12,matutina (06-14),TOLUCA,VALLE TOLUCA,EXTORSION TELEFONICA,alta_incidencia,4.0,19.373735,-99.62717,COORDENADA
TOL26072703321,2026-07-27,12:21:00,12,matutina (06-14),NAUCALPAN,METROPOLITANA,PERSONA AGRESIVA,rina,1.5,19.50987,-99.240175,COORDENADA
TOL26072703452,2026-07-27,12:31:00,12,matutina (06-14),TOLUCA,VALLE TOLUCA,PERSONA AGRESIVA,rina,1.5,19.28857,-99.66114,COORDENADA
TOL26072703505,2026-07-27,12:38:00,12,matutina (06-14),CHAPULTEPEC,VALLE TOLUCA,VIOLENCIA FAMILIAR,violencia_genero,2.0,19.200682,-99.547301,COORDENADA
TOL26072703506,2026-07-27,12:38:00,12,matutina (06-14),TOLUCA,VALLE TOLUCA,ALTERACION DEL ORDEN PUBLICO POR PERSONA ALCOHOLIZADA,rina,1.5,19.266785,-99.638735,COORDENADA
TOL26072703522,2026-07-27,12:40:00,12,matutina (06-14),TOLUCA,VALLE TOLUCA,RIÑA,rina,1.5,19.36417,-99.673265,COORDENADA
TOL26072703528,2026-07-27,12:40:00,12,matutina (06-14),TOLUCA,VALLE TOLUCA,ALTERACION DEL ORDEN PUBLICO POR PERSONA ALCOHOLIZADA,rina,1.5,19.26632,-99.64215,COORDENADA
TOL26072703552,2026-07-27,12:43:00,12,matutina (06-14),LERMA,SIN CATALOGAR,VIOLENCIA CONTRA LAS MUJERES,violencia_genero,2.0,19.29359,-99.54007,COORDENADA
TOL26072703634,2026-07-27,12:52:00,12,matutina (06-14),TOLUCA,VALLE TOLUCA,PERSONA AGRESIVA,rina,1.5,19.27508,-99.62731,COORDENADA
TOL26072703650,2026-07-27,12:54:00,12,matutina (06-14),TOLUCA,VALLE TOLUCA,PERSONA AGRESIVA,rina,1.5,19.38077,-99.569655,COORDENADA
TOL26072703729,2026-07-27,13:04:00,13,matutina (06-14),TOLUCA,VALLE TOLUCA,PERSONA AGRESIVA,rina,1.5,19.30357,-99.64669,COORDENADA
TOL26072703733,2026-07-27,13:05:00,13,matutina (06-14),TOLUCA,VALLE TOLUCA,ALTERACION DEL ORDEN PUBLICO POR PERSONA ALCOHOLIZADA,rina,1.5,19.289316,-99.66317,COORDENADA
TOL26072703792,2026-07-27,13:11:00,13,matutina (06-14),TOLUCA,VALLE TOLUCA,PERSONA AGRESIVA,rina,1.5,19.2762,-99.64578,COORDENADA
TOL26072703804,2026-07-27,13:14:00,13,matutina (06-14),TOLUCA,VALLE TOLUCA,PORTACION DE ARMAS DE FUEGO O CARTUCHOS,arma_fuego,3.0,19.28857,-99.66114,COORDENADA
TOL26072703856,2026-07-27,13:22:00,13,matutina (06-14),NAUCALPAN,METROPOLITANA,VIOLENCIA FAMILIAR,violencia_genero,2.0,19.49364,-99.27745,COORDENADA
TOL26072703885,2026-07-27,13:26:00,13,matutina (06-14),HUIXQUILUCAN,METROPOLITANA,PERSONA AGRESIVA,rina,1.5,19.3607,-99.34322,COORDENADA
TOL26072703934,2026-07-27,13:33:00,13,matutina (06-14),TOLUCA,VALLE TOLUCA,PORTACION DE ARMAS DE FUEGO O CARTUCHOS,arma_fuego,3.0,19.27168,-99.690865,COORDENADA
TOL26072703977,2026-07-27,13:38:00,13,matutina (06-14),SAN JOSE DEL RINCON,VALLE DE BRAVO,PERSONA TIRADA EN VIA PUBLICA,deceso_dudoso,3.0,19.6624,-100.155046,COORDENADA
TOL26072704024,2026-07-27,13:43:00,13,matutina (06-14),TOLUCA,VALLE TOLUCA,PORTACION DE ARMAS DE FUEGO O CARTUCHOS,arma_fuego,3.0,19.344595,-99.64724,COORDENADA
TOL26072704078,2026-07-27,13:52:00,13,matutina (06-14),TOLUCA,VALLE TOLUCA,RIÑA,rina,1.5,19.26583,-99.67511,COORDENADA
TOL26072704232,2026-07-27,14:11:00,14,vespertina (14-22),OCOYOACAC,VALLE TOLUCA,VIOLENCIA FAMILIAR,violencia_genero,2.0,19.27794,-99.45517,COORDENADA
TOL26072704246,2026-07-27,14:12:00,14,vespertina (14-22),TOLUCA,VALLE TOLUCA,PERSONA AGRESIVA,rina,1.5,19.269005,-99.64757,COORDENADA
TOL26072704376,2026-07-27,14:26:00,14,vespertina (14-22),TOLUCA,VALLE TOLUCA,VIOLENCIA DE PAREJA,violencia_genero,2.0,19.35406,-99.55789,COORDENADA
TOL26072704402,2026-07-27,14:29:00,14,vespertina (14-22),TOLUCA,VALLE TOLUCA,PERSONA AGRESIVA,rina,1.5,19.277785,-99.67612,COORDENADA
TOL26072704414,2026-07-27,14:31:00,14,vespertina (14-22),TOLUCA,VALLE TOLUCA,PERSONA AGRESIVA,rina,1.5,19.301142,-99.607683,COORDENADA
TOL26072704428,2026-07-27,14:33:00,14,vespertina (14-22),TOLUCA,VALLE TOLUCA,VIOLENCIA FAMILIAR,violencia_genero,2.0,19.36187,-99.62779,COORDENADA
TOL26072704436,2026-07-27,14:35:00,14,vespertina (14-22),ZINACANTEPEC,VALLE TOLUCA,PERSONA TIRADA EN VIA PUBLICA,deceso_dudoso,3.0,19.245915,-99.75803,COORDENADA
TOL26072704497,2026-07-27,14:44:00,14,vespertina (14-22),TOLUCA,VALLE TOLUCA,PERSONA AGRESIVA,rina,1.5,19.27434,-99.67168,COORDENADA
TOL26072704589,2026-07-27,14:54:00,14,vespertina (14-22),TOLUCA,VALLE TOLUCA,ROBO A TRANSPORTISTA O VEHICULO COMERCIAL CON VIOLENCIA,robo_violento,2.0,19.26558,-99.67746,COORDENADA
ECA26072700814,2026-07-27,03:00:00,3,nocturna (22-06),TLALNEPANTLA,METROPOLITANA,PERSONA AGRESIVA,rina,1.5,19.51292,-99.10989,COORDENADA
ECA26072700821,2026-07-27,03:01:00,3,nocturna (22-06),VALLE DE CHALCO,CHALCO,VIOLENCIA CONTRA LAS MUJERES,violencia_genero,2.0,19.289905,-98.92147,COORDENADA
ECA26072700822,2026-07-27,03:01:00,3,nocturna (22-06),TECAMAC,ECATEPEC,PERSONA AGRESIVA,rina,1.5,19.676145,-98.99458,COORDENADA
ECA26072700836,2026-07-27,03:05:00,3,nocturna (22-06),TEOLOYUCAN,SIN CATALOGAR,DETONACION POR ARMA DE FUEGO,arma_fuego,4.0,19.76062,-99.169885,COORDENADA
ECA26072700841,2026-07-27,03:06:00,3,nocturna (22-06),ECATEPEC,ECATEPEC,PERSONA AGRESIVA,rina,1.5,19.5412,-99.04922,COORDENADA
ECA26072700856,2026-07-27,03:10:00,3,nocturna (22-06),CHIMALHUACAN,ORIENTE,PERSONA LESIONADA POR PROYECTIL DE ARMA DE FUEGO,arma_fuego,6.0,19.38404,-98.9698,COORDENADA
ECA26072700861,2026-07-27,03:11:00,3,nocturna (22-06),ECATEPEC,ECATEPEC,VIOLENCIA CONTRA LAS MUJERES,violencia_genero,2.0,19.55029,-99.04288,COORDENADA
ECA26072700868,2026-07-27,03:13:00,3,nocturna (22-06),CHIMALHUACAN,ORIENTE,DETONACION POR ARMA DE FUEGO,arma_fuego,4.0,,,ALTA
ECA26072700884,2026-07-27,03:16:00,3,nocturna (22-06),NEZAHUALCOYOTL,ORIENTE,RIÑA,rina,1.5,19.393065,-98.983445,COORDENADA
ECA26072700886,2026-07-27,03:17:00,3,nocturna (22-06),TECAMAC,ECATEPEC,DETONACION POR ARMA DE FUEGO,arma_fuego,4.0,19.67663,-98.98546,COORDENADA
ECA26072700888,2026-07-27,03:17:00,3,nocturna (22-06),CHIMALHUACAN,ORIENTE,DETONACION POR ARMA DE FUEGO,arma_fuego,4.0,,,ALTA
ECA26072700892,2026-07-27,03:18:00,3,nocturna (22-06),CHALCO,CHALCO,DETONACION POR ARMA DE FUEGO,arma_fuego,4.0,19.257545,-98.816155,COORDENADA
ECA26072700913,2026-07-27,03:25:00,3,nocturna (22-06),CHALCO,CHALCO,DETONACION POR ARMA DE FUEGO,arma_fuego,4.0,19.257545,-98.816155,COORDENADA
ECA26072700914,2026-07-27,03:25:00,3,nocturna (22-06),IXTAPALUCA,CHALCO,VIOLENCIA DE PAREJA,violencia_genero,2.0,19.31609,-98.928275,COORDENADA
ECA26072700921,2026-07-27,03:28:00,3,nocturna (22-06),CHALCO,CHALCO,PERSONA AGRESIVA,rina,1.5,19.28526,-98.90358,COORDENADA
ECA26072700926,2026-07-27,03:30:00,3,nocturna (22-06),NICOLAS ROMERO,METROPOLITANA,VIOLENCIA CONTRA LAS MUJERES,violencia_genero,2.0,19.636645,-99.30185,COORDENADA
ECA26072700958,2026-07-27,03:37:00,3,nocturna (22-06),CHALCO,CHALCO,DETONACION POR ARMA DE FUEGO,arma_fuego,4.0,19.257545,-98.816155,COORDENADA
ECA26072700968,2026-07-27,03:41:00,3,nocturna (22-06),CHIMALHUACAN,ORIENTE,VIOLENCIA DE PAREJA,violencia_genero,2.0,19.442685,-98.97611,COORDENADA
ECA26072700990,2026-07-27,03:44:00,3,nocturna (22-06),TECAMAC,ECATEPEC,PORTACION DE ARMAS DE FUEGO O CARTUCHOS,arma_fuego,3.0,19.648797,-99.032384,COORDENADA
ECA26072701013,2026-07-27,03:53:00,3,nocturna (22-06),CHIMALHUACAN,ORIENTE,VIOLENCIA DE PAREJA,violencia_genero,2.0,19.44693,-98.94321,COORDENADA
ECA26072701042,2026-07-27,04:05:00,4,nocturna (22-06),CHIMALHUACAN,ORIENTE,PERSONA AGRESIVA,rina,1.5,19.437305,-98.943075,COORDENADA
ECA26072701055,2026-07-27,04:08:00,4,nocturna (22-06),ACOLMAN,ECATEPEC,PERSONA AGRESIVA,rina,1.5,19.6274,-98.925,COORDENADA
ECA26072701066,2026-07-27,04:18:00,4,nocturna (22-06),CUAUTITLAN IZCALLI,METROPOLITANA,PERSONA AGRESIVA,rina,1.5,19.634605,-99.204395,COORDENADA
ECA26072701076,2026-07-27,04:24:00,4,nocturna (22-06),ACOLMAN,ECATEPEC,PERSONA TIRADA EN VIA PUBLICA,deceso_dudoso,3.0,19.61347,-98.93723,COORDENADA
ECA26072701104,2026-07-27,04:35:00,4,nocturna (22-06),ECATEPEC,ECATEPEC,VIOLENCIA FAMILIAR,violencia_genero,2.0,19.56233,-99.02998,COORDENADA
ECA26072701125,2026-07-27,04:44:00,4,nocturna (22-06),ECATEPEC,ECATEPEC,ROBO DE VEHICULO PARTICULAR CON VIOLENCIA,robo_violento,2.0,19.5955,-99.028715,COORDENADA
ECA26072701179,2026-07-27,05:15:00,5,nocturna (22-06),CHIMALHUACAN,ORIENTE,RIÑA,rina,1.5,19.394405,-98.96999,COORDENADA
ECA26072701181,2026-07-27,05:17:00,5,nocturna (22-06),ZUMPANGO,ECATEPEC,ROBO A TRANSEUNTE CON VIOLENCIA,robo_violento,2.0,19.81244,-99.09831,COORDENADA
ECA26072701185,2026-07-27,05:19:00,5,nocturna (22-06),TECAMAC,ECATEPEC,HOMICIDIO,letal,10.0,19.63982,-99.03581,COORDENADA
ECA26072701196,2026-07-27,05:26:00,5,nocturna (22-06),VALLE DE CHALCO,CHALCO,ROBO A TRANSPORTE ESCOLAR CON VIOLENCIA,robo_violento,2.0,19.275595,-98.94367,COORDENADA
ECA26072701200,2026-07-27,05:29:00,5,nocturna (22-06),ECATEPEC,ECATEPEC,VIOLENCIA CONTRA LAS MUJERES,violencia_genero,2.0,19.600515,-99.059305,COORDENADA
ECA26072701215,2026-07-27,05:34:00,5,nocturna (22-06),TECAMAC,ECATEPEC,ROBO DE VEHICULO PARTICULAR CON VIOLENCIA,robo_violento,2.0,19.766405,-98.964295,COORDENADA
ECA26072701227,2026-07-27,05:39:00,5,nocturna (22-06),COACALCO DE BERRIOZABAL,ECATEPEC,ROBO A CASA HABITACION CON VIOLENCIA,robo_violento,2.0,19.626052,-99.0916,COORDENADA
ECA26072701231,2026-07-27,05:41:00,5,nocturna (22-06),ECATEPEC,ECATEPEC,ALTERACION DEL ORDEN PUBLICO POR PERSONA ALCOHOLIZADA,rina,1.5,19.51842,-99.01805,COORDENADA
ECA26072701236,2026-07-27,05:44:00,5,nocturna (22-06),CHIMALHUACAN,ORIENTE,RIÑA,rina,1.5,,,ALTA
ECA26072701269,2026-07-27,05:58:00,5,nocturna (22-06),CHALCO,CHALCO,ROBO A TRANSEUNTE CON VIOLENCIA,robo_violento,2.0,19.262595,-98.89674,COORDENADA
ECA26072701275,2026-07-27,06:02:00,6,matutina (06-14),COACALCO DE BERRIOZABAL,ECATEPEC,VIOLENCIA DE PAREJA,violencia_genero,2.0,19.62956,-99.111985,COORDENADA
ECA26072701278,2026-07-27,06:03:00,6,matutina (06-14),CHIMALHUACAN,ORIENTE,VIOLENCIA CONTRA LAS MUJERES,violencia_genero,2.0,19.44958,-98.96476,COORDENADA
ECA26072701293,2026-07-27,06:07:00,6,matutina (06-14),ECATEPEC,ECATEPEC,PERSONA AGRESIVA,rina,1.5,19.61048,-99.05533,COORDENADA
ECA26072701308,2026-07-27,06:13:00,6,matutina (06-14),AMECAMECA,CHALCO,PERSONA AGRESIVA,rina,1.5,19.113015,-98.76639,COORDENADA
ECA26072701319,2026-07-27,06:18:00,6,matutina (06-14),LA PAZ,ORIENTE,ROBO DE MOTOCICLETA CON VIOLENCIA,robo_violento,2.0,19.35604,-98.974235,COORDENADA
ECA26072701320,2026-07-27,06:19:00,6,matutina (06-14),TEOTIHUACAN,ORIENTE,PERSONA TIRADA EN VIA PUBLICA,deceso_dudoso,3.0,19.677535,-98.846215,COORDENADA
ECA26072701378,2026-07-27,06:40:00,6,matutina (06-14),CHALCO,CHALCO,VIOLENCIA CONTRA LAS MUJERES,violencia_genero,2.0,,,ALTA
ECA26072701385,2026-07-27,06:41:00,6,matutina (06-14),NICOLAS ROMERO,METROPOLITANA,PERSONA AGRESIVA,rina,1.5,19.60028,-99.27138,COORDENADA
ECA26072701389,2026-07-27,06:42:00,6,matutina (06-14),TEOTIHUACAN,ORIENTE,PERSONA TIRADA EN VIA PUBLICA,deceso_dudoso,3.0,19.683275,-98.83692,COORDENADA
ECA26072701391,2026-07-27,06:43:00,6,matutina (06-14),ECATEPEC,ECATEPEC,PERSONA LESIONADA POR ARMA BLANCA,arma_blanca,3.0,19.59782,-99.00203,COORDENADA
ECA26072701394,2026-07-27,06:43:00,6,matutina (06-14),TEOTIHUACAN,ORIENTE,PERSONA TIRADA EN VIA PUBLICA,deceso_dudoso,3.0,19.683275,-98.83692,COORDENADA
ECA26072701400,2026-07-27,06:44:00,6,matutina (06-14),NEZAHUALCOYOTL,ORIENTE,VIOLENCIA CONTRA LAS MUJERES,violencia_genero,2.0,19.393065,-98.983445,COORDENADA
ECA26072701413,2026-07-27,06:48:00,6,matutina (06-14),LA PAZ,ORIENTE,ROBO DE VEHICULO PARTICULAR CON VIOLENCIA,robo_violento,2.0,19.365475,-98.97206,COORDENADA
ECA26072701420,2026-07-27,06:49:00,6,matutina (06-14),NICOLAS ROMERO,METROPOLITANA,PERSONA AGRESIVA,rina,1.5,19.603205,-99.271935,COORDENADA
ECA26072701434,2026-07-27,06:52:00,6,matutina (06-14),ECATEPEC,ECATEPEC,PERSONA AGRESIVA,rina,1.5,19.600515,-99.059305,COORDENADA
ECA26072701492,2026-07-27,07:04:00,7,matutina (06-14),TECAMAC,ECATEPEC,AMENAZA DE SUICIDIO,deceso_dudoso,3.0,19.63415,-99.04761,COORDENADA
ECA26072701502,2026-07-27,07:08:00,7,matutina (06-14),COACALCO DE BERRIOZABAL,ECATEPEC,ROBO DE VEHICULO PARTICULAR CON VIOLENCIA,robo_violento,2.0,19.632535,-99.083258,COORDENADA
ECA26072701515,2026-07-27,07:10:00,7,matutina (06-14),TECAMAC,ECATEPEC,PERSONA AGRESIVA,rina,1.5,19.65923,-99.00993,COORDENADA
ECA26072701525,2026-07-27,07:13:00,7,matutina (06-14),ECATEPEC,ECATEPEC,PERSONA LESIONADA DURANTE ALTERACION DEL ORDEN PUBLICO O POR RIÑA,rina,1.5,19.60217,-99.01562,COORDENADA
ECA26072701535,2026-07-27,07:14:00,7,matutina (06-14),CHIMALHUACAN,ORIENTE,VIOLENCIA CONTRA LAS MUJERES,violencia_genero,2.0,19.435875,-98.968585,COORDENADA
ECA26072701562,2026-07-27,07:19:00,7,matutina (06-14),TLALNEPANTLA,METROPOLITANA,PERSONA AGRESIVA,rina,1.5,19.51265,-99.16982,COORDENADA
ECA26072701563,2026-07-27,07:20:00,7,matutina (06-14),HUEHUETOCA,ECATEPEC,ROBO DE MOTOCICLETA CON VIOLENCIA,robo_violento,2.0,19.845054,-99.234874,COORDENADA
ECA26072701569,2026-07-27,07:21:00,7,matutina (06-14),ECATEPEC,ECATEPEC,HOMICIDIO,letal,10.0,19.61048,-99.05533,COORDENADA
ECA26072701570,2026-07-27,07:21:00,7,matutina (06-14),CUAUTITLAN,METROPOLITANA,PERSONA AGRESIVA,rina,1.5,19.67494,-99.15467,COORDENADA
ECA26072701594,2026-07-27,07:25:00,7,matutina (06-14),ECATEPEC,ECATEPEC,PERSONA LESIONADA POR ARMA BLANCA,arma_blanca,3.0,19.508935,-99.059445,COORDENADA
ECA26072701620,2026-07-27,07:31:00,7,matutina (06-14),CHICOLOAPAN,SIN CATALOGAR,ROBO A BANCO CON VIOLENCIA,robo_violento,2.0,19.40583,-98.92593,COORDENADA
ECA26072701621,2026-07-27,07:32:00,7,matutina (06-14),NEZAHUALCOYOTL,ORIENTE,ROBO A TRANSEUNTE CON VIOLENCIA,robo_violento,2.0,19.399325,-99.022895,COORDENADA
ECA26072701645,2026-07-27,07:35:00,7,matutina (06-14),NEZAHUALCOYOTL,ORIENTE,PERSONA AGRESIVA,rina,1.5,19.399325,-99.022895,COORDENADA
ECA26072701661,2026-07-27,07:39:00,7,matutina (06-14),CHIMALHUACAN,ORIENTE,ROBO DE VEHICULO PARTICULAR CON VIOLENCIA,robo_violento,2.0,19.411145,-98.98365,COORDENADA
ECA26072701733,2026-07-27,08:07:00,8,matutina (06-14),TLALNEPANTLA,METROPOLITANA,PERSONA LESIONADA POR PROYECTIL DE ARMA DE FUEGO,arma_fuego,6.0,19.51996,-99.20827,COORDENADA
ECA26072701736,2026-07-27,08:07:00,8,matutina (06-14),ECATEPEC,ECATEPEC,PERSONA AGRESIVA,rina,1.5,19.61048,-99.05533,COORDENADA
ECA26072701747,2026-07-27,08:10:00,8,matutina (06-14),CHIMALHUACAN,ORIENTE,PERSONA NO LOCALIZADA O DESAPARECIDA,desaparicion,3.0,19.43389,-98.957715,COORDENADA
ECA26072701848,2026-07-27,08:23:00,8,matutina (06-14),ECATEPEC,ECATEPEC,VIOLENCIA CONTRA LAS MUJERES,violencia_genero,2.0,19.5425,-99.048465,COORDENADA
ECA26072701864,2026-07-27,08:25:00,8,matutina (06-14),IXTAPALUCA,CHALCO,VIOLENCIA DE PAREJA,violencia_genero,2.0,19.329895,-98.93014,COORDENADA
ECA26072701878,2026-07-27,08:29:00,8,matutina (06-14),CHIMALHUACAN,ORIENTE,PERSONA AGRESIVA,rina,1.5,19.426845,-98.95706,COORDENADA
ECA26072701920,2026-07-27,08:34:00,8,matutina (06-14),TLALNEPANTLA,METROPOLITANA,PERSONA AGRESIVA,rina,1.5,19.51527,-99.10631,COORDENADA
ECA26072701921,2026-07-27,08:34:00,8,matutina (06-14),ECATEPEC,ECATEPEC,PORTACION DE ARMAS DE FUEGO O CARTUCHOS,arma_fuego,3.0,19.49965,-99.059145,COORDENADA
ECA26072701925,2026-07-27,08:34:00,8,matutina (06-14),VALLE DE CHALCO,CHALCO,PERSONA AGRESIVA,rina,1.5,19.29072,-98.92858,COORDENADA
ECA26072701936,2026-07-27,08:35:00,8,matutina (06-14),VALLE DE CHALCO,CHALCO,PERSONA AGRESIVA,rina,1.5,19.279905,-98.92129,COORDENADA
ECA26072701953,2026-07-27,08:37:00,8,matutina (06-14),ECATEPEC,ECATEPEC,PORTACION DE ARMAS DE FUEGO O CARTUCHOS,arma_fuego,3.0,19.49965,-99.059145,COORDENADA
ECA26072701963,2026-07-27,08:39:00,8,matutina (06-14),ATIZAPAN,METROPOLITANA,PERSONA AGRESIVA,rina,1.5,19.54004,-99.23487,COORDENADA
ECA26072702036,2026-07-27,08:48:00,8,matutina (06-14),CHIMALHUACAN,ORIENTE,VIOLENCIA CONTRA LAS MUJERES,violencia_genero,2.0,19.429385,-98.966335,COORDENADA
ECA26072702052,2026-07-27,08:51:00,8,matutina (06-14),ECATEPEC,ECATEPEC,DETONACION POR ARMA DE FUEGO,arma_fuego,4.0,19.52624,-99.050565,COORDENADA
ECA26072702065,2026-07-27,08:53:00,8,matutina (06-14),ECATEPEC,ECATEPEC,VIOLENCIA DE PAREJA,violencia_genero,2.0,19.51558,-99.039765,COORDENADA
ECA26072702085,2026-07-27,08:55:00,8,matutina (06-14),OTUMBA,ORIENTE,VIOLENCIA CONTRA LAS MUJERES,violencia_genero,2.0,19.724475,-98.799175,COORDENADA
ECA26072702087,2026-07-27,08:56:00,8,matutina (06-14),TULTITLAN,METROPOLITANA,ROBO DE VEHICULO PARTICULAR CON VIOLENCIA,robo_violento,2.0,19.6413,-99.179225,COORDENADA
ECA26072702108,2026-07-27,08:58:00,8,matutina (06-14),ATIZAPAN,METROPOLITANA,PERSONA AGRESIVA,rina,1.5,19.5777,-99.241925,COORDENADA
ECA26072702117,2026-07-27,08:59:00,8,matutina (06-14),TLALNEPANTLA,METROPOLITANA,VIOLENCIA CONTRA LAS MUJERES,violencia_genero,2.0,19.51217,-99.19446,COORDENADA
ECA26072702124,2026-07-27,09:01:00,9,matutina (06-14),ECATEPEC,ECATEPEC,DETONACION POR ARMA DE FUEGO,arma_fuego,4.0,19.52624,-99.050565,COORDENADA
ECA26072702144,2026-07-27,09:03:00,9,matutina (06-14),CHIMALHUACAN,ORIENTE,PERSONA AGRESIVA,rina,1.5,19.43801,-98.949865,COORDENADA
ECA26072702162,2026-07-27,09:05:00,9,matutina (06-14),ECATEPEC,ECATEPEC,DETONACION POR ARMA DE FUEGO,arma_fuego,4.0,19.508935,-99.059445,COORDENADA
ECA26072702187,2026-07-27,09:08:00,9,matutina (06-14),TLALNEPANTLA,METROPOLITANA,EXTORSION TELEFONICA,alta_incidencia,4.0,19.544775,-99.210935,COORDENADA
ECA26072702220,2026-07-27,09:14:00,9,matutina (06-14),TLALMANALCO,CHALCO,PERSONA AGRESIVA,rina,1.5,19.20375,-98.75718,COORDENADA
ECA26072702260,2026-07-27,09:19:00,9,matutina (06-14),TEZOYUCA,ORIENTE,RIÑA,rina,1.5,19.597932,-98.942202,COORDENADA
ECA26072702267,2026-07-27,09:20:00,9,matutina (06-14),TEZOYUCA,ORIENTE,RIÑA,rina,1.5,19.600404,-98.947988,COORDENADA
ECA26072702294,2026-07-27,09:25:00,9,matutina (06-14),CHALCO,CHALCO,RIÑA,rina,1.5,19.28802,-98.905,COORDENADA
ECA26072702340,2026-07-27,09:31:00,9,matutina (06-14),CHALCO,CHALCO,EXTORSION O INTENTO DE EXTORSION (NO TELEFONICA),alta_incidencia,4.0,19.20856,-98.92298,COORDENADA
ECA26072702364,2026-07-27,09:35:00,9,matutina (06-14),TULTITLAN,METROPOLITANA,ROBO DE VEHICULO PARTICULAR CON VIOLENCIA,robo_violento,2.0,19.578675,-99.17121,COORDENADA
ECA26072702390,2026-07-27,09:41:00,9,matutina (06-14),CHIMALHUACAN,ORIENTE,PERSONA AGRESIVA,rina,1.5,,,ALTA
ECA26072702420,2026-07-27,09:44:00,9,matutina (06-14),TEXCOCO,ORIENTE,VIOLENCIA CONTRA LAS MUJERES,violencia_genero,2.0,19.44809,-98.883285,COORDENADA
ECA26072702426,2026-07-27,09:45:00,9,matutina (06-14),TULTITLAN,METROPOLITANA,VIOLENCIA CONTRA LAS MUJERES,violencia_genero,2.0,19.614715,-99.138205,COORDENADA
ECA26072702459,2026-07-27,09:48:00,9,matutina (06-14),ECATEPEC,ECATEPEC,PERSONA AGRESIVA,rina,1.5,19.643405,-98.980605,COORDENADA
ECA26072702493,2026-07-27,09:52:00,9,matutina (06-14),TEOLOYUCAN,SIN CATALOGAR,VIOLENCIA CONTRA LAS MUJERES,violencia_genero,2.0,19.76062,-99.169885,COORDENADA
ECA26072702503,2026-07-27,09:54:00,9,matutina (06-14),CHICOLOAPAN,SIN CATALOGAR,PERSONA AGRESIVA,rina,1.5,19.4163,-98.91567,COORDENADA
ECA26072702582,2026-07-27,10:04:00,10,matutina (06-14),ECATEPEC,ECATEPEC,PERSONA AGRESIVA,rina,1.5,19.521505,-99.04037,COORDENADA
ECA26072702590,2026-07-27,10:05:00,10,matutina (06-14),TLALNEPANTLA,METROPOLITANA,PERSONA AGRESIVA,rina,1.5,19.513205,-99.173865,COORDENADA
ECA26072702604,2026-07-27,10:07:00,10,matutina (06-14),ECATEPEC,ECATEPEC,ROBO A TRANSEUNTE CON VIOLENCIA,robo_violento,2.0,19.64257,-99.065245,COORDENADA
ECA26072702630,2026-07-27,10:11:00,10,matutina (06-14),TLALNEPANTLA,METROPOLITANA,PERSONA AGRESIVA,rina,1.5,19.55436,-99.165535,COORDENADA
ECA26072702635,2026-07-27,10:11:00,10,matutina (06-14),LA PAZ,ORIENTE,PORTACION DE ARMAS DE FUEGO O CARTUCHOS,arma_fuego,3.0,19.382715,-98.947145,COORDENADA
ECA26072702639,2026-07-27,10:12:00,10,matutina (06-14),TEQUIXQUIAC,SIN CATALOGAR,PORTACION DE ARMA BLANCA,arma_blanca,2.0,19.828236,-99.124083,COORDENADA
ECA26072702680,2026-07-27,10:16:00,10,matutina (06-14),ECATEPEC,ECATEPEC,RIÑA,rina,1.5,19.61048,-99.05533,COORDENADA
ECA26072702727,2026-07-27,10:21:00,10,matutina (06-14),ECATEPEC,ECATEPEC,PERSONA AGRESIVA,rina,1.5,19.61048,-99.05533,COORDENADA
ECA26072702773,2026-07-27,10:25:00,10,matutina (06-14),TLALNEPANTLA,METROPOLITANA,PERSONA TIRADA EN VIA PUBLICA,deceso_dudoso,3.0,19.54616,-99.16425,COORDENADA
ECA26072702794,2026-07-27,10:27:00,10,matutina (06-14),ATIZAPAN,METROPOLITANA,PERSONA AGRESIVA,rina,1.5,19.600205,-99.22985,COORDENADA
ECA26072702819,2026-07-27,10:31:00,10,matutina (06-14),CUAUTITLAN IZCALLI,METROPOLITANA,PERSONA AGRESIVA,rina,1.5,19.59841,-99.192185,COORDENADA
ECA26072702897,2026-07-27,10:36:00,10,matutina (06-14),TLALNEPANTLA,METROPOLITANA,VIOLENCIA CONTRA LAS MUJERES,violencia_genero,2.0,19.537615,-99.11883,COORDENADA
ECA26072702933,2026-07-27,10:42:00,10,matutina (06-14),CUAUTITLAN,METROPOLITANA,PERSONA AGRESIVA,rina,1.5,19.67529,-99.14958,COORDENADA
ECA26072702938,2026-07-27,10:42:00,10,matutina (06-14),TEOTIHUACAN,ORIENTE,PORTACION DE ARMAS DE FUEGO O CARTUCHOS,arma_fuego,3.0,19.66744,-98.898845,COORDENADA
ECA26072702943,2026-07-27,10:43:00,10,matutina (06-14),ATIZAPAN,METROPOLITANA,PERSONA NO LOCALIZADA O DESAPARECIDA,desaparicion,3.0,19.59591,-99.24783,COORDENADA
ECA26072702947,2026-07-27,10:44:00,10,matutina (06-14),TLALNEPANTLA,METROPOLITANA,ROBO DE VEHICULO PARTICULAR CON VIOLENCIA,robo_violento,2.0,19.51745,-99.093815,COORDENADA
ECA26072702957,2026-07-27,10:45:00,10,matutina (06-14),CUAUTITLAN IZCALLI,METROPOLITANA,PERSONA AGRESIVA,rina,1.5,19.65523,-99.21083,COORDENADA
ECA26072702980,2026-07-27,10:48:00,10,matutina (06-14),ECATEPEC,ECATEPEC,ROBO A TRANSEUNTE CON VIOLENCIA,robo_violento,2.0,19.64257,-99.065245,COORDENADA
ECA26072703031,2026-07-27,10:54:00,10,matutina (06-14),TEZOYUCA,ORIENTE,VIOLENCIA CONTRA LAS MUJERES,violencia_genero,2.0,19.595593,-98.957091,COORDENADA
ECA26072703040,2026-07-27,10:56:00,10,matutina (06-14),NICOLAS ROMERO,METROPOLITANA,VIOLENCIA CONTRA LAS MUJERES,violencia_genero,2.0,19.63265,-99.35472,COORDENADA
ECA26072703044,2026-07-27,10:57:00,10,matutina (06-14),CUAUTITLAN IZCALLI,METROPOLITANA,ROBO DE VEHICULO PARTICULAR CON VIOLENCIA,robo_violento,2.0,19.61341,-99.23562,COORDENADA
ECA26072703049,2026-07-27,10:58:00,10,matutina (06-14),ZUMPANGO,ECATEPEC,PERSONA TIRADA EN VIA PUBLICA,deceso_dudoso,3.0,19.819805,-99.149605,COORDENADA
ECA26072703055,2026-07-27,10:59:00,10,matutina (06-14),CUAUTITLAN IZCALLI,METROPOLITANA,PERSONA AGRESIVA,rina,1.5,19.65523,-99.21083,COORDENADA
ECA26072703066,2026-07-27,11:00:00,11,matutina (06-14),NICOLAS ROMERO,METROPOLITANA,VIOLENCIA CONTRA LAS MUJERES,violencia_genero,2.0,19.5893,-99.29668,COORDENADA
ECA26072703070,2026-07-27,11:01:00,11,matutina (06-14),ECATEPEC,ECATEPEC,PERSONA AGRESIVA,rina,1.5,19.60442,-99.0298,COORDENADA
ECA26072703084,2026-07-27,11:03:00,11,matutina (06-14),ECATEPEC,ECATEPEC,PERSONA NO LOCALIZADA O DESAPARECIDA,desaparicion,3.0,19.517535,-99.017775,COORDENADA
ECA26072703163,2026-07-27,11:12:00,11,matutina (06-14),COACALCO DE BERRIOZABAL,ECATEPEC,PERSONA AGRESIVA,rina,1.5,19.61804,-99.085015,COORDENADA
ECA26072703179,2026-07-27,11:13:00,11,matutina (06-14),HUEHUETOCA,ECATEPEC,ROBO A NEGOCIO CON VIOLENCIA,robo_violento,2.0,19.885052,-99.209852,COORDENADA
ECA26072703284,2026-07-27,11:24:00,11,matutina (06-14),ECATEPEC,ECATEPEC,PERSONA AGRESIVA,rina,1.5,19.60199,-99.01328,COORDENADA
ECA26072703307,2026-07-27,11:27:00,11,matutina (06-14),NEZAHUALCOYOTL,ORIENTE,ROBO A TRANSEUNTE CON VIOLENCIA,robo_violento,2.0,19.41314,-99.052465,COORDENADA
ECA26072703335,2026-07-27,11:32:00,11,matutina (06-14),ZUMPANGO,ECATEPEC,ROBO DE MOTOCICLETA CON VIOLENCIA,robo_violento,2.0,19.79702,-99.079705,COORDENADA
ECA26072703382,2026-07-27,11:37:00,11,matutina (06-14),TEXCOCO,ORIENTE,EXTORSION TELEFONICA,alta_incidencia,4.0,19.48785,-98.885325,COORDENADA
ECA26072703443,2026-07-27,11:45:00,11,matutina (06-14),ECATEPEC,ECATEPEC,PERSONA AGRESIVA,rina,1.5,19.61048,-99.05533,COORDENADA
ECA26072703456,2026-07-27,11:46:00,11,matutina (06-14),NEZAHUALCOYOTL,ORIENTE,PERSONA AGRESIVA,rina,1.5,19.420065,-99.048295,COORDENADA
ECA26072703458,2026-07-27,11:46:00,11,matutina (06-14),TEXCOCO,ORIENTE,PERSONA AGRESIVA,rina,1.5,19.51492,-98.87406,COORDENADA
ECA26072703473,2026-07-27,11:47:00,11,matutina (06-14),VALLE DE CHALCO,CHALCO,PERSONA AGRESIVA,rina,1.5,19.289905,-98.92147,COORDENADA
ECA26072703511,2026-07-27,11:51:00,11,matutina (06-14),LA PAZ,ORIENTE,ROBO DE MOTOCICLETA CON VIOLENCIA,robo_violento,2.0,19.367225,-98.9427,COORDENADA
ECA26072703544,2026-07-27,11:54:00,11,matutina (06-14),TULTITLAN,METROPOLITANA,PERSONA AGRESIVA,rina,1.5,19.64085,-99.13161,COORDENADA
ECA26072703565,2026-07-27,11:56:00,11,matutina (06-14),NEZAHUALCOYOTL,ORIENTE,VIOLENCIA CONTRA LAS MUJERES,violencia_genero,2.0,19.39592,-99.03556,COORDENADA
ECA26072703586,2026-07-27,11:59:00,11,matutina (06-14),HUEHUETOCA,ECATEPEC,VIOLENCIA CONTRA LAS MUJERES,violencia_genero,2.0,19.859434,-99.225307,COORDENADA
ECA26072703607,2026-07-27,12:00:00,12,matutina (06-14),COYOTEPEC,ECATEPEC,VIOLENCIA CONTRA LAS MUJERES,violencia_genero,2.0,19.779359,-99.181596,COORDENADA
ECA26072703608,2026-07-27,12:01:00,12,matutina (06-14),TECAMAC,ECATEPEC,EXTORSION TELEFONICA,alta_incidencia,4.0,19.681865,-99.02786,COORDENADA
ECA26072703625,2026-07-27,12:02:00,12,matutina (06-14),LA PAZ,ORIENTE,EXTORSION O INTENTO DE EXTORSION (NO TELEFONICA),alta_incidencia,4.0,19.365475,-98.97206,COORDENADA
ECA26072703634,2026-07-27,12:02:00,12,matutina (06-14),TLALNEPANTLA,METROPOLITANA,PERSONA AGRESIVA,rina,1.5,19.54097,-99.19974,COORDENADA
ECA26072703675,2026-07-27,12:06:00,12,matutina (06-14),NEZAHUALCOYOTL,ORIENTE,PERSONA AGRESIVA,rina,1.5,19.38055,-99.0037,COORDENADA
ECA26072703694,2026-07-27,12:08:00,12,matutina (06-14),TLALNEPANTLA,METROPOLITANA,VIOLENCIA DE PAREJA,violencia_genero,2.0,19.54097,-99.19974,COORDENADA
ECA26072703737,2026-07-27,12:12:00,12,matutina (06-14),IXTAPALUCA,CHALCO,ROBO DE MOTOCICLETA CON VIOLENCIA,robo_violento,2.0,19.342555,-98.864285,COORDENADA
ECA26072703745,2026-07-27,12:12:00,12,matutina (06-14),JALTENCO,ECATEPEC,ROBO DE VEHICULO PARTICULAR CON VIOLENCIA,robo_violento,2.0,,,ALTA
ECA26072703754,2026-07-27,12:13:00,12,matutina (06-14),IXTAPALUCA,CHALCO,PERSONA AGRESIVA,rina,1.5,19.30508,-98.92939,COORDENADA
ECA26072703755,2026-07-27,12:13:00,12,matutina (06-14),IXTAPALUCA,CHALCO,PERSONA AGRESIVA,rina,1.5,19.30257,-98.923765,COORDENADA
ECA26072703841,2026-07-27,12:21:00,12,matutina (06-14),NEZAHUALCOYOTL,ORIENTE,VIOLENCIA FAMILIAR,violencia_genero,2.0,19.38674,-99.01088,COORDENADA
ECA26072703939,2026-07-27,12:32:00,12,matutina (06-14),TEOLOYUCAN,SIN CATALOGAR,PORTACION DE ARMAS DE FUEGO O CARTUCHOS,arma_fuego,3.0,19.73197,-99.161665,COORDENADA
ECA26072703951,2026-07-27,12:33:00,12,matutina (06-14),ECATEPEC,ECATEPEC,PERSONA AGRESIVA,rina,1.5,19.49575,-99.03723,COORDENADA
ECA26072703962,2026-07-27,12:34:00,12,matutina (06-14),CHICOLOAPAN,SIN CATALOGAR,EXTORSION O INTENTO DE EXTORSION (NO TELEFONICA),alta_incidencia,4.0,19.412165,-98.90422,COORDENADA
ECA26072703969,2026-07-27,12:35:00,12,matutina (06-14),HUEHUETOCA,ECATEPEC,VIOLENCIA CONTRA LAS MUJERES,violencia_genero,2.0,19.824552,-99.207922,COORDENADA
ECA26072703984,2026-07-27,12:37:00,12,matutina (06-14),ECATEPEC,ECATEPEC,ROBO DE VEHICULO PARTICULAR CON VIOLENCIA,robo_violento,2.0,19.5964,-99.026948,COORDENADA
ECA26072704031,2026-07-27,12:42:00,12,matutina (06-14),TEXCOCO,ORIENTE,PERSONA AGRESIVA,rina,1.5,19.51475,-98.88495,COORDENADA
ECA26072704039,2026-07-27,12:42:00,12,matutina (06-14),NICOLAS ROMERO,METROPOLITANA,PERSONA TIRADA EN VIA PUBLICA,deceso_dudoso,3.0,19.61723,-99.335235,COORDENADA
ECA26072704040,2026-07-27,12:43:00,12,matutina (06-14),CUAUTITLAN IZCALLI,METROPOLITANA,ROBO DE VEHICULO PARTICULAR CON VIOLENCIA,robo_violento,2.0,19.65523,-99.21083,COORDENADA
ECA26072704047,2026-07-27,12:43:00,12,matutina (06-14),NICOLAS ROMERO,METROPOLITANA,PERSONA TIRADA EN VIA PUBLICA,deceso_dudoso,3.0,19.61723,-99.335235,COORDENADA
ECA26072704052,2026-07-27,12:44:00,12,matutina (06-14),CHIMALHUACAN,ORIENTE,VIOLENCIA CONTRA LAS MUJERES,violencia_genero,2.0,19.422585,-98.96056,COORDENADA
ECA26072704055,2026-07-27,12:44:00,12,matutina (06-14),TEZOYUCA,ORIENTE,VIOLENCIA DE PAREJA,violencia_genero,2.0,19.603863,-98.906518,COORDENADA
ECA26072704122,2026-07-27,12:51:00,12,matutina (06-14),VALLE DE CHALCO,CHALCO,PERSONA TIRADA EN VIA PUBLICA,deceso_dudoso,3.0,19.289905,-98.92147,COORDENADA
ECA26072704138,2026-07-27,12:52:00,12,matutina (06-14),ZUMPANGO,ECATEPEC,VIOLENCIA CONTRA LAS MUJERES,violencia_genero,2.0,19.77704,-99.01779,COORDENADA
ECA26072704159,2026-07-27,12:54:00,12,matutina (06-14),IXTAPALUCA,CHALCO,VIOLENCIA CONTRA LAS MUJERES,violencia_genero,2.0,19.293355,-98.847035,COORDENADA
ECA26072704194,2026-07-27,12:58:00,12,matutina (06-14),NEZAHUALCOYOTL,ORIENTE,VIOLENCIA DE PAREJA,violencia_genero,2.0,19.40598,-99.008605,COORDENADA
ECA26072704208,2026-07-27,12:59:00,12,matutina (06-14),ZUMPANGO,ECATEPEC,VIOLENCIA CONTRA LAS MUJERES,violencia_genero,2.0,,,ALTA
ECA26072704245,2026-07-27,13:04:00,13,matutina (06-14),TULTITLAN,METROPOLITANA,PERSONA AGRESIVA,rina,1.5,19.631015,-99.15866,COORDENADA
ECA26072704267,2026-07-27,13:06:00,13,matutina (06-14),CHALCO,CHALCO,PERSONA AGRESIVA,rina,1.5,19.23616,-98.84087,COORDENADA
ECA26072704282,2026-07-27,13:07:00,13,matutina (06-14),ATIZAPAN,METROPOLITANA,TENTATIVA DE SUICIDIO,deceso_dudoso,3.0,19.60145,-99.23032,COORDENADA
ECA26072704318,2026-07-27,13:12:00,13,matutina (06-14),TULTITLAN,METROPOLITANA,ROBO DE MOTOCICLETA CON VIOLENCIA,robo_violento,2.0,19.663925,-99.080435,COORDENADA
ECA26072704358,2026-07-27,13:15:00,13,matutina (06-14),TLALMANALCO,CHALCO,PERSONA AGRESIVA,rina,1.5,19.21166,-98.74162,COORDENADA
ECA26072704391,2026-07-27,13:19:00,13,matutina (06-14),COACALCO DE BERRIOZABAL,ECATEPEC,PERSONA NO LOCALIZADA O DESAPARECIDA,desaparicion,3.0,19.632535,-99.083258,COORDENADA
ECA26072704404,2026-07-27,13:20:00,13,matutina (06-14),CUAUTITLAN IZCALLI,METROPOLITANA,RIÑA,rina,1.5,19.67183,-99.221635,COORDENADA
ECA26072704406,2026-07-27,13:20:00,13,matutina (06-14),HUEHUETOCA,ECATEPEC,ALTERACION DEL ORDEN PUBLICO POR PERSONA DROGADA,rina,1.5,19.842739,-99.242103,COORDENADA
ECA26072704426,2026-07-27,13:22:00,13,matutina (06-14),NICOLAS ROMERO,METROPOLITANA,PERSONA AGRESIVA,rina,1.5,19.611242,-99.3006,COORDENADA
ECA26072704463,2026-07-27,13:25:00,13,matutina (06-14),LA PAZ,ORIENTE,VIOLENCIA CONTRA LAS MUJERES,violencia_genero,2.0,19.35495,-98.99049,COORDENADA
ECA26072704536,2026-07-27,13:31:00,13,matutina (06-14),CUAUTITLAN IZCALLI,METROPOLITANA,PERSONA AGRESIVA,rina,1.5,19.67596,-99.20338,COORDENADA
ECA26072704589,2026-07-27,13:37:00,13,matutina (06-14),NICOLAS ROMERO,METROPOLITANA,EXTORSION TELEFONICA,alta_incidencia,4.0,19.605115,-99.286855,COORDENADA
ECA26072704604,2026-07-27,13:38:00,13,matutina (06-14),TLALNEPANTLA,METROPOLITANA,VIOLENCIA DE PAREJA,violencia_genero,2.0,19.54928,-99.09779,COORDENADA
ECA26072704612,2026-07-27,13:39:00,13,matutina (06-14),ECATEPEC,ECATEPEC,PERSONA AGRESIVA,rina,1.5,19.53221,-99.03247,COORDENADA
ECA26072704613,2026-07-27,13:39:00,13,matutina (06-14),ZUMPANGO,ECATEPEC,ROBO A TRANSEUNTE CON VIOLENCIA,robo_violento,2.0,19.814365,-99.007365,COORDENADA
ECA26072704629,2026-07-27,13:40:00,13,matutina (06-14),CHIMALHUACAN,ORIENTE,PERSONA AGRESIVA,rina,1.5,19.405,-98.966795,COORDENADA
ECA26072704642,2026-07-27,13:42:00,13,matutina (06-14),NEZAHUALCOYOTL,ORIENTE,PERSONA AGRESIVA,rina,1.5,19.403555,-99.03026,COORDENADA
ECA26072704645,2026-07-27,13:43:00,13,matutina (06-14),CHICOLOAPAN,SIN CATALOGAR,PERSONA AGRESIVA,rina,1.5,19.41028,-98.89048,COORDENADA
ECA26072704666,2026-07-27,13:46:00,13,matutina (06-14),TEPOTZOTLAN,METROPOLITANA,VIOLENCIA CONTRA LAS MUJERES,violencia_genero,2.0,,,ALTA
ECA26072704678,2026-07-27,13:48:00,13,matutina (06-14),VALLE DE CHALCO,CHALCO,PERSONA AGRESIVA,rina,1.5,19.26914,-98.95916,COORDENADA
ECA26072704726,2026-07-27,13:57:00,13,matutina (06-14),COACALCO DE BERRIOZABAL,ECATEPEC,VIOLENCIA CONTRA LAS MUJERES,violencia_genero,2.0,19.6433,-99.12188,COORDENADA
ECA26072704768,2026-07-27,14:03:00,14,vespertina (14-22),ATIZAPAN,METROPOLITANA,TENTATIVA DE SUICIDIO,deceso_dudoso,3.0,19.5365,-99.239765,COORDENADA
ECA26072704792,2026-07-27,14:06:00,14,vespertina (14-22),CUAUTITLAN IZCALLI,METROPOLITANA,ALTERACION DEL ORDEN PUBLICO POR PERSONA DROGADA,rina,1.5,19.66035,-99.20727,COORDENADA
ECA26072704806,2026-07-27,14:08:00,14,vespertina (14-22),TULTITLAN,METROPOLITANA,PERSONA AGRESIVA,rina,1.5,19.59788,-99.165125,COORDENADA
ECA26072704826,2026-07-27,14:11:00,14,vespertina (14-22),TECAMAC,ECATEPEC,VIOLENCIA CONTRA LAS MUJERES,violencia_genero,2.0,,,MEDIA
ECA26072704828,2026-07-27,14:11:00,14,vespertina (14-22),ECATEPEC,ECATEPEC,VIOLENCIA CONTRA LAS MUJERES,violencia_genero,2.0,19.589515,-99.03598,COORDENADA
ECA26072704860,2026-07-27,14:15:00,14,vespertina (14-22),NICOLAS ROMERO,METROPOLITANA,EXTORSION TELEFONICA,alta_incidencia,4.0,19.611242,-99.3006,COORDENADA
ECA26072704887,2026-07-27,14:18:00,14,vespertina (14-22),TEZOYUCA,ORIENTE,ROBO A NEGOCIO CON VIOLENCIA,robo_violento,2.0,19.597932,-98.942202,COORDENADA
ECA26072704996,2026-07-27,14:27:00,14,vespertina (14-22),ECATEPEC,ECATEPEC,PERSONA AGRESIVA,rina,1.5,19.550962,-99.08933,COORDENADA
ECA26072705030,2026-07-27,14:29:00,14,vespertina (14-22),ECATEPEC,ECATEPEC,PERSONA AGRESIVA,rina,1.5,19.59857,-99.003985,COORDENADA
ECA26072705038,2026-07-27,14:30:00,14,vespertina (14-22),HUEHUETOCA,ECATEPEC,ALTERACION DEL ORDEN PUBLICO POR PERSONA ALCOHOLIZADA,rina,1.5,19.842739,-99.242103,COORDENADA
ECA26072705045,2026-07-27,14:31:00,14,vespertina (14-22),CUAUTITLAN,METROPOLITANA,PERSONA AGRESIVA,rina,1.5,19.66222,-99.15579,COORDENADA
ECA26072705085,2026-07-27,14:36:00,14,vespertina (14-22),CHICONCUAC,ORIENTE,PERSONA LESIONADA DURANTE ALTERACION DEL ORDEN PUBLICO O POR RIÑA,rina,1.5,19.55866,-98.89499,COORDENADA
ECA26072705090,2026-07-27,14:38:00,14,vespertina (14-22),TEOLOYUCAN,SIN CATALOGAR,VIOLENCIA CONTRA LAS MUJERES,violencia_genero,2.0,19.75265,-99.15429,COORDENADA
ECA26072705094,2026-07-27,14:38:00,14,vespertina (14-22),SAN FELIPE DEL PROGRESO,VALLE DE BRAVO,VIOLENCIA CONTRA LAS MUJERES,violencia_genero,2.0,19.699559,-99.929993,COORDENADA
ECA26072705118,2026-07-27,14:41:00,14,vespertina (14-22),COACALCO DE BERRIOZABAL,ECATEPEC,PERSONA AGRESIVA,rina,1.5,19.65479,-99.104705,COORDENADA
ECA26072705160,2026-07-27,14:47:00,14,vespertina (14-22),CHIMALHUACAN,ORIENTE,RIÑA,rina,1.5,19.41919,-98.985805,COORDENADA
ECA26072705164,2026-07-27,14:47:00,14,vespertina (14-22),ECATEPEC,ECATEPEC,VIOLENCIA FAMILIAR,violencia_genero,2.0,19.607065,-99.066595,COORDENADA
ECA26072705179,2026-07-27,14:49:00,14,vespertina (14-22),NEZAHUALCOYOTL,ORIENTE,PERSONA AGRESIVA,rina,1.5,19.41372,-99.03552,COORDENADA
ECA26072705273,2026-07-27,14:59:00,14,vespertina (14-22),IXTAPALUCA,CHALCO,RIÑA,rina,1.5,19.307935,-98.861405,COORDENADA
TOL26072704671,2026-07-27,15:01:00,15,vespertina (14-22),RAYON,SIN CATALOGAR,VIOLENCIA CONTRA LAS MUJERES,violencia_genero,2.0,19.128036,-99.573745,COORDENADA
TOL26072704711,2026-07-27,15:06:00,15,vespertina (14-22),NAUCALPAN,METROPOLITANA,PERSONA AGRESIVA,rina,1.5,19.45592,-99.218165,COORDENADA
TOL26072704783,2026-07-27,15:18:00,15,vespertina (14-22),TOLUCA,VALLE TOLUCA,VIOLENCIA FAMILIAR,violencia_genero,2.0,19.228545,-99.677625,COORDENADA
TOL26072704820,2026-07-27,15:23:00,15,vespertina (14-22),VILLA DEL CARBON,ATLACOMULCO,VIOLENCIA FAMILIAR,violencia_genero,2.0,19.802779,-99.400727,COORDENADA
TOL26072704830,2026-07-27,15:25:00,15,vespertina (14-22),TOLUCA,VALLE TOLUCA,ALTERACION DEL ORDEN PUBLICO POR PERSONA DROGADA,rina,1.5,,,ALTA
TOL26072704831,2026-07-27,15:25:00,15,vespertina (14-22),ZINACANTEPEC,VALLE TOLUCA,VIOLENCIA CONTRA LAS MUJERES,violencia_genero,2.0,19.29318,-99.75851,COORDENADA
TOL26072704838,2026-07-27,15:26:00,15,vespertina (14-22),NAUCALPAN,METROPOLITANA,PERSONA NO LOCALIZADA O DESAPARECIDA,desaparicion,3.0,19.47094,-99.253255,COORDENADA
TOL26072704848,2026-07-27,15:27:00,15,vespertina (14-22),CHAPA DE MOTA,ATLACOMULCO,DETONACION POR ARMA DE FUEGO,arma_fuego,4.0,,,ALTA
TOL26072704884,2026-07-27,15:34:00,15,vespertina (14-22),TOLUCA,VALLE TOLUCA,PERSONA AGRESIVA,rina,1.5,19.299255,-99.64224,COORDENADA
TOL26072704887,2026-07-27,15:36:00,15,vespertina (14-22),POLOTITLAN,ATLACOMULCO,VIOLENCIA CONTRA LAS MUJERES,violencia_genero,2.0,20.247245,-99.836752,COORDENADA
TOL26072704893,2026-07-27,15:37:00,15,vespertina (14-22),TOLUCA,VALLE TOLUCA,VIOLENCIA CONTRA LAS MUJERES,violencia_genero,2.0,19.36417,-99.673265,COORDENADA
TOL26072704968,2026-07-27,15:49:00,15,vespertina (14-22),TOLUCA,VALLE TOLUCA,PERSONA AGRESIVA,rina,1.5,19.277685,-99.668355,COORDENADA
TOL26072705010,2026-07-27,15:54:00,15,vespertina (14-22),TOLUCA,VALLE TOLUCA,ROBO DE MOTOCICLETA CON VIOLENCIA,robo_violento,2.0,19.2708,-99.67488,COORDENADA
TOL26072705040,2026-07-27,15:57:00,15,vespertina (14-22),NAUCALPAN,METROPOLITANA,PERSONA NO LOCALIZADA O DESAPARECIDA,desaparicion,3.0,19.447395,-99.253865,COORDENADA
TOL26072705058,2026-07-27,16:00:00,16,vespertina (14-22),ZINACANTEPEC,VALLE TOLUCA,ALTERACION DEL ORDEN PUBLICO POR PERSONA ALCOHOLIZADA,rina,1.5,19.24733,-99.756605,COORDENADA
TOL26072705188,2026-07-27,16:16:00,16,vespertina (14-22),TOLUCA,VALLE TOLUCA,PERSONA AGRESIVA,rina,1.5,19.36187,-99.62779,COORDENADA
TOL26072705190,2026-07-27,16:16:00,16,vespertina (14-22),TEMOAYA,VALLE TOLUCA,ALTERACION DEL ORDEN PUBLICO POR PERSONA ALCOHOLIZADA,rina,1.5,19.465253,-99.594703,COORDENADA
TOL26072705380,2026-07-27,16:38:00,16,vespertina (14-22),TOLUCA,VALLE TOLUCA,VIOLENCIA CONTRA LAS MUJERES,violencia_genero,2.0,19.29238,-99.61029,COORDENADA
TOL26072705522,2026-07-27,17:01:00,17,vespertina (14-22),NAUCALPAN,METROPOLITANA,EXTORSION TELEFONICA,alta_incidencia,4.0,19.45602,-99.253395,COORDENADA
TOL26072705526,2026-07-27,17:02:00,17,vespertina (14-22),TOLUCA,VALLE TOLUCA,ROBO DE MOTOCICLETA CON VIOLENCIA,robo_violento,2.0,19.344595,-99.64724,COORDENADA
TOL26072705746,2026-07-27,17:27:00,17,vespertina (14-22),TOLUCA,VALLE TOLUCA,PERSONA AGRESIVA,rina,1.5,19.31909,-99.665005,COORDENADA
TOL26072705776,2026-07-27,17:33:00,17,vespertina (14-22),METEPEC,VALLE TOLUCA,ROBO DE MOTOCICLETA CON VIOLENCIA,robo_violento,2.0,19.25403,-99.605255,COORDENADA
TOL26072705808,2026-07-27,17:37:00,17,vespertina (14-22),TOLUCA,VALLE TOLUCA,PERSONA AGRESIVA,rina,1.5,19.31909,-99.665005,COORDENADA
TOL26072705811,2026-07-27,17:38:00,17,vespertina (14-22),ZINACANTEPEC,VALLE TOLUCA,PERSONA TIRADA EN VIA PUBLICA,deceso_dudoso,3.0,19.2914,-99.71172,COORDENADA
TOL26072705834,2026-07-27,17:41:00,17,vespertina (14-22),TOLUCA,VALLE TOLUCA,ROBO A TRANSEUNTE CON VIOLENCIA,robo_violento,2.0,19.27701,-99.67484,COORDENADA
TOL26072705863,2026-07-27,17:46:00,17,vespertina (14-22),NAUCALPAN,METROPOLITANA,VIOLENCIA CONTRA LAS MUJERES,violencia_genero,2.0,19.432755,-99.27426,COORDENADA
TOL26072705890,2026-07-27,17:49:00,17,vespertina (14-22),JOCOTITLAN,ATLACOMULCO,PERSONA NO LOCALIZADA O DESAPARECIDA,desaparicion,3.0,19.756712,-99.921237,COORDENADA
TOL26072705922,2026-07-27,17:57:00,17,vespertina (14-22),SAN ANTONIO LA ISLA,SIN CATALOGAR,VIOLENCIA FAMILIAR,violencia_genero,2.0,19.174002,-99.562584,COORDENADA
TOL26072705923,2026-07-27,17:57:00,17,vespertina (14-22),SAN ANTONIO LA ISLA,SIN CATALOGAR,VIOLENCIA FAMILIAR,violencia_genero,2.0,19.175248,-99.563025,COORDENADA
TOL26072706033,2026-07-27,18:13:00,18,vespertina (14-22),VILLA GUERRERO,IXTAPAN,VIOLENCIA CONTRA LAS MUJERES,violencia_genero,2.0,,,MEDIA
TOL26072706041,2026-07-27,18:13:00,18,vespertina (14-22),NAUCALPAN,METROPOLITANA,VIOLENCIA FAMILIAR,violencia_genero,2.0,19.440865,-99.34288,COORDENADA
TOL26072706046,2026-07-27,18:14:00,18,vespertina (14-22),METEPEC,VALLE TOLUCA,PERSONA AGRESIVA,rina,1.5,19.246875,-99.57896,COORDENADA
TOL26072706084,2026-07-27,18:17:00,18,vespertina (14-22),TOLUCA,VALLE TOLUCA,PERSONA AGRESIVA,rina,1.5,19.28823,-99.65564,COORDENADA
TOL26072706252,2026-07-27,18:39:00,18,vespertina (14-22),TIANGUISTENCO,VALLE TOLUCA,VIOLENCIA FAMILIAR,violencia_genero,2.0,19.181652,-99.462916,COORDENADA
TOL26072706351,2026-07-27,18:50:00,18,vespertina (14-22),TOLUCA,VALLE TOLUCA,PERSONA AGRESIVA,rina,1.5,19.31264,-99.577205,COORDENADA
TOL26072706352,2026-07-27,18:50:00,18,vespertina (14-22),TOLUCA,VALLE TOLUCA,PERSONA AGRESIVA,rina,1.5,19.31391,-99.58001,COORDENADA
TOL26072706414,2026-07-27,18:57:00,18,vespertina (14-22),NAUCALPAN,METROPOLITANA,PERSONA NO LOCALIZADA O DESAPARECIDA,desaparicion,3.0,19.43425,-99.2667,COORDENADA
TOL26072706437,2026-07-27,19:01:00,19,vespertina (14-22),TOLUCA,VALLE TOLUCA,PERSONA AGRESIVA,rina,1.5,19.299255,-99.64224,COORDENADA
TOL26072706441,2026-07-27,19:02:00,19,vespertina (14-22),TOLUCA,VALLE TOLUCA,ALTERACION DEL ORDEN PUBLICO POR PERSONA DROGADA,rina,1.5,19.31264,-99.577205,COORDENADA
TOL26072706522,2026-07-27,19:14:00,19,vespertina (14-22),NAUCALPAN,METROPOLITANA,PERSONA AGRESIVA,rina,1.5,19.470055,-99.237545,COORDENADA
TOL26072706534,2026-07-27,19:15:00,19,vespertina (14-22),HUIXQUILUCAN,METROPOLITANA,DETONACION POR ARMA DE FUEGO,arma_fuego,4.0,19.388631,-99.366894,COORDENADA
TOL26072706543,2026-07-27,19:16:00,19,vespertina (14-22),SAN MATEO ATENCO,VALLE TOLUCA,PERSONA AGRESIVA,rina,1.5,19.27249,-99.55896,COORDENADA
TOL26072706586,2026-07-27,19:20:00,19,vespertina (14-22),JILOTEPEC,ATLACOMULCO,PERSONA NO LOCALIZADA O DESAPARECIDA,desaparicion,3.0,19.94063,-99.594484,COORDENADA
TOL26072706636,2026-07-27,19:27:00,19,vespertina (14-22),TOLUCA,VALLE TOLUCA,PERSONA AGRESIVA,rina,1.5,19.28823,-99.65564,COORDENADA
TOL26072706661,2026-07-27,19:29:00,19,vespertina (14-22),SAN MATEO ATENCO,VALLE TOLUCA,PERSONA TIRADA EN VIA PUBLICA,deceso_dudoso,3.0,19.26012,-99.52554,COORDENADA
TOL26072706664,2026-07-27,19:30:00,19,vespertina (14-22),TOLUCA,VALLE TOLUCA,VIOLENCIA CONTRA LAS MUJERES,violencia_genero,2.0,19.330154,-99.60853,COORDENADA
TOL26072706665,2026-07-27,19:30:00,19,vespertina (14-22),TIANGUISTENCO,VALLE TOLUCA,PORTACION DE ARMAS DE FUEGO O CARTUCHOS,arma_fuego,3.0,19.105927,-99.414409,COORDENADA
TOL26072706685,2026-07-27,19:32:00,19,vespertina (14-22),CHAPULTEPEC,VALLE TOLUCA,ROBO A REPARTIDOR CON VIOLENCIA,robo_violento,2.0,19.201445,-99.564154,COORDENADA
TOL26072706731,2026-07-27,19:39:00,19,vespertina (14-22),ZINACANTEPEC,VALLE TOLUCA,RIÑA,rina,1.5,19.257955,-99.76416,COORDENADA
TOL26072706759,2026-07-27,19:41:00,19,vespertina (14-22),METEPEC,VALLE TOLUCA,ALTERACION DEL ORDEN PUBLICO POR PERSONA ALCOHOLIZADA,rina,1.5,19.282155,-99.58293,COORDENADA
TOL26072706784,2026-07-27,19:44:00,19,vespertina (14-22),ZINACANTEPEC,VALLE TOLUCA,PERSONA AGRESIVA,rina,1.5,19.257955,-99.76416,COORDENADA
TOL26072706842,2026-07-27,19:50:00,19,vespertina (14-22),NAUCALPAN,METROPOLITANA,PERSONA AGRESIVA,rina,1.5,19.490085,-99.281685,COORDENADA
TOL26072706846,2026-07-27,19:50:00,19,vespertina (14-22),TIANGUISTENCO,VALLE TOLUCA,PERSONA TIRADA EN VIA PUBLICA,deceso_dudoso,3.0,19.182415,-99.468504,COORDENADA
TOL26072706847,2026-07-27,19:50:00,19,vespertina (14-22),NAUCALPAN,METROPOLITANA,VIOLENCIA CONTRA LAS MUJERES,violencia_genero,2.0,19.46827,-99.23499,COORDENADA
TOL26072706875,2026-07-27,19:53:00,19,vespertina (14-22),JOCOTITLAN,ATLACOMULCO,PERSONA NO LOCALIZADA O DESAPARECIDA,desaparicion,3.0,,,MEDIA
TOL26072706900,2026-07-27,19:58:00,19,vespertina (14-22),TOLUCA,VALLE TOLUCA,ALTERACION DEL ORDEN PUBLICO POR PERSONA ALCOHOLIZADA,rina,1.5,19.2707,-99.69234,COORDENADA
TOL26072706902,2026-07-27,19:58:00,19,vespertina (14-22),LERMA,SIN CATALOGAR,PORTACION DE ARMAS DE FUEGO O CARTUCHOS,arma_fuego,3.0,19.26694,-99.506625,COORDENADA
TOL26072706931,2026-07-27,20:04:00,20,vespertina (14-22),LERMA,SIN CATALOGAR,DETONACION POR ARMA DE FUEGO,arma_fuego,4.0,19.332025,-99.46756,COORDENADA
TOL26072706937,2026-07-27,20:05:00,20,vespertina (14-22),TOLUCA,VALLE TOLUCA,ALTERACION DEL ORDEN PUBLICO POR PERSONA ALCOHOLIZADA,rina,1.5,19.2852,-99.60793,COORDENADA
TOL26072706949,2026-07-27,20:06:00,20,vespertina (14-22),OCOYOACAC,VALLE TOLUCA,PERSONA TIRADA EN VIA PUBLICA,deceso_dudoso,3.0,19.275745,-99.45855,COORDENADA
TOL26072707028,2026-07-27,20:18:00,20,vespertina (14-22),TENANGO DEL VALLE,IXTAPAN,ALTERACION DEL ORDEN PUBLICO POR PERSONA ALCOHOLIZADA,rina,1.5,19.059909,-99.651275,COORDENADA
TOL26072707039,2026-07-27,20:20:00,20,vespertina (14-22),METEPEC,VALLE TOLUCA,PERSONA AGRESIVA,rina,1.5,19.26524,-99.6285,COORDENADA
TOL26072707050,2026-07-27,20:21:00,20,vespertina (14-22),TOLUCA,VALLE TOLUCA,DETONACION POR ARMA DE FUEGO,arma_fuego,4.0,19.299445,-99.61634,COORDENADA
TOL26072707051,2026-07-27,20:22:00,20,vespertina (14-22),TOLUCA,VALLE TOLUCA,PORTACION DE ARMAS DE FUEGO O CARTUCHOS,arma_fuego,3.0,19.299445,-99.61634,COORDENADA
TOL26072707052,2026-07-27,20:22:00,20,vespertina (14-22),TOLUCA,VALLE TOLUCA,DETONACION POR ARMA DE FUEGO,arma_fuego,4.0,19.273695,-99.6896,COORDENADA
TOL26072707057,2026-07-27,20:22:00,20,vespertina (14-22),TOLUCA,VALLE TOLUCA,VIOLENCIA FAMILIAR,violencia_genero,2.0,,,ALTA
TOL26072707066,2026-07-27,20:23:00,20,vespertina (14-22),TOLUCA,VALLE TOLUCA,DETONACION POR ARMA DE FUEGO,arma_fuego,4.0,19.30203,-99.61221,COORDENADA
TOL26072707068,2026-07-27,20:23:00,20,vespertina (14-22),TOLUCA,VALLE TOLUCA,RIÑA,rina,1.5,,,ALTA
TOL26072707069,2026-07-27,20:23:00,20,vespertina (14-22),TOLUCA,VALLE TOLUCA,PORTACION DE ARMAS DE FUEGO O CARTUCHOS,arma_fuego,3.0,19.311995,-99.602435,COORDENADA
TOL26072707071,2026-07-27,20:24:00,20,vespertina (14-22),TOLUCA,VALLE TOLUCA,RIÑA,rina,1.5,19.299445,-99.61634,COORDENADA
TOL26072707081,2026-07-27,20:24:00,20,vespertina (14-22),TOLUCA,VALLE TOLUCA,PERSONA AGRESIVA,rina,1.5,19.30227,-99.61085,COORDENADA
TOL26072707087,2026-07-27,20:25:00,20,vespertina (14-22),TOLUCA,VALLE TOLUCA,DETONACION POR ARMA DE FUEGO,arma_fuego,4.0,,,ALTA
TOL26072707101,2026-07-27,20:26:00,20,vespertina (14-22),TOLUCA,VALLE TOLUCA,DETONACION POR ARMA DE FUEGO,arma_fuego,4.0,19.302425,-99.610465,COORDENADA
TOL26072707108,2026-07-27,20:26:00,20,vespertina (14-22),VALLE DE BRAVO,VALLE DE BRAVO,VIOLENCIA CONTRA LAS MUJERES,violencia_genero,2.0,,,MEDIA
TOL26072707184,2026-07-27,20:33:00,20,vespertina (14-22),TOLUCA,VALLE TOLUCA,RIÑA,rina,1.5,19.30237,-99.61039,COORDENADA
TOL26072707197,2026-07-27,20:34:00,20,vespertina (14-22),VILLA DEL CARBON,ATLACOMULCO,VIOLENCIA FAMILIAR,violencia_genero,2.0,19.802813,-99.400682,COORDENADA
TOL26072707204,2026-07-27,20:35:00,20,vespertina (14-22),MORELOS,ATLACOMULCO,VIOLENCIA CONTRA LAS MUJERES,violencia_genero,2.0,19.762471,-99.67487,COORDENADA
TOL26072707211,2026-07-27,20:36:00,20,vespertina (14-22),OTZOLOTEPEC,VALLE TOLUCA,PERSONA TIRADA EN VIA PUBLICA,deceso_dudoso,3.0,19.410774,-99.558292,COORDENADA
TOL26072707219,2026-07-27,20:36:00,20,vespertina (14-22),HUIXQUILUCAN,METROPOLITANA,VIOLENCIA FAMILIAR,violencia_genero,2.0,19.43012,-99.2648,COORDENADA
TOL26072707224,2026-07-27,20:37:00,20,vespertina (14-22),TIANGUISTENCO,VALLE TOLUCA,VIOLENCIA FAMILIAR,violencia_genero,2.0,19.2007,-99.495163,COORDENADA
TOL26072707225,2026-07-27,20:37:00,20,vespertina (14-22),TOLUCA,VALLE TOLUCA,PERSONA AGRESIVA,rina,1.5,19.37262,-99.5828,COORDENADA
TOL26072707246,2026-07-27,20:39:00,20,vespertina (14-22),TOLUCA,VALLE TOLUCA,VIOLENCIA CONTRA LAS MUJERES,violencia_genero,2.0,19.26635,-99.63979,COORDENADA
TOL26072707274,2026-07-27,20:41:00,20,vespertina (14-22),TOLUCA,VALLE TOLUCA,PERSONA AGRESIVA,rina,1.5,19.28823,-99.65564,COORDENADA
TOL26072707337,2026-07-27,20:50:00,20,vespertina (14-22),TOLUCA,VALLE TOLUCA,PERSONA AGRESIVA,rina,1.5,19.358085,-99.63141,COORDENADA
TOL26072707381,2026-07-27,20:55:00,20,vespertina (14-22),CALIMAYA,IXTAPAN,PERSONA AGRESIVA,rina,1.5,19.16172,-99.620251,COORDENADA
TOL26072707428,2026-07-27,21:00:00,21,vespertina (14-22),TENANCINGO,IXTAPAN,PERSONA AGRESIVA,rina,1.5,18.971368,-99.528966,COORDENADA
TOL26072707464,2026-07-27,21:05:00,21,vespertina (14-22),NAUCALPAN,METROPOLITANA,PORTACION DE ARMAS DE FUEGO O CARTUCHOS,arma_fuego,3.0,19.499338,-99.313861,COORDENADA
TOL26072707522,2026-07-27,21:11:00,21,vespertina (14-22),METEPEC,VALLE TOLUCA,VIOLENCIA CONTRA LAS MUJERES,violencia_genero,2.0,19.23301,-99.5484,COORDENADA
TOL26072707584,2026-07-27,21:20:00,21,vespertina (14-22),TOLUCA,VALLE TOLUCA,VIOLENCIA FAMILIAR,violencia_genero,2.0,19.38716,-99.72205,COORDENADA
TOL26072707672,2026-07-27,21:30:00,21,vespertina (14-22),TOLUCA,VALLE TOLUCA,ALTERACION DEL ORDEN PUBLICO POR PERSONA ALCOHOLIZADA,rina,1.5,19.31864,-99.64757,COORDENADA
TOL26072707685,2026-07-27,21:32:00,21,vespertina (14-22),CALIMAYA,IXTAPAN,PERSONA AGRESIVA,rina,1.5,19.159605,-99.614748,COORDENADA
TOL26072707690,2026-07-27,21:32:00,21,vespertina (14-22),ACULCO,ATLACOMULCO,PERSONA AGRESIVA,rina,1.5,20.100024,-99.764508,COORDENADA
TOL26072707717,2026-07-27,21:34:00,21,vespertina (14-22),NAUCALPAN,METROPOLITANA,EXTORSION TELEFONICA,alta_incidencia,4.0,19.51196,-99.23709,COORDENADA
TOL26072707722,2026-07-27,21:35:00,21,vespertina (14-22),TOLUCA,VALLE TOLUCA,PERSONA AGRESIVA,rina,1.5,19.322275,-99.6518,COORDENADA
TOL26072707761,2026-07-27,21:38:00,21,vespertina (14-22),TOLUCA,VALLE TOLUCA,DETONACION POR ARMA DE FUEGO,arma_fuego,4.0,19.318931,-99.647384,COORDENADA
TOL26072707774,2026-07-27,21:40:00,21,vespertina (14-22),TOLUCA,VALLE TOLUCA,ROBO A NEGOCIO CON VIOLENCIA,robo_violento,2.0,19.27919,-99.62454,COORDENADA
TOL26072707778,2026-07-27,21:40:00,21,vespertina (14-22),TOLUCA,VALLE TOLUCA,ROBO A NEGOCIO CON VIOLENCIA,robo_violento,2.0,19.280545,-99.62339,COORDENADA
TOL26072707779,2026-07-27,21:40:00,21,vespertina (14-22),TEMASCALCINGO,ATLACOMULCO,PERSONA AGRESIVA,rina,1.5,19.97024,-100.02148,COORDENADA
TOL26072707791,2026-07-27,21:42:00,21,vespertina (14-22),TEMASCALCINGO,ATLACOMULCO,PERSONA AGRESIVA,rina,1.5,19.96726,-100.017775,COORDENADA
TOL26072707821,2026-07-27,21:46:00,21,vespertina (14-22),IXTLAHUACA,ATLACOMULCO,VIOLENCIA CONTRA LAS MUJERES,violencia_genero,2.0,19.574779,-99.795755,COORDENADA
TOL26072707822,2026-07-27,21:46:00,21,vespertina (14-22),TEXCALYACAC,SIN CATALOGAR,PERSONA TIRADA EN VIA PUBLICA,deceso_dudoso,3.0,19.132705,-99.505622,COORDENADA
TOL26072707833,2026-07-27,21:48:00,21,vespertina (14-22),NAUCALPAN,METROPOLITANA,PERSONA AGRESIVA,rina,1.5,19.46636,-99.26234,COORDENADA
TOL26072707847,2026-07-27,21:49:00,21,vespertina (14-22),ZINACANTEPEC,VALLE TOLUCA,PERSONA AGRESIVA,rina,1.5,19.327236,-99.735333,COORDENADA
TOL26072707860,2026-07-27,21:53:00,21,vespertina (14-22),NAUCALPAN,METROPOLITANA,PERSONA NO LOCALIZADA O DESAPARECIDA,desaparicion,3.0,19.46125,-99.277485,COORDENADA
TOL26072707862,2026-07-27,21:53:00,21,vespertina (14-22),SAN MATEO ATENCO,VALLE TOLUCA,PERSONA AGRESIVA,rina,1.5,19.27421,-99.56169,COORDENADA
TOL26072707895,2026-07-27,21:58:00,21,vespertina (14-22),SAN MATEO ATENCO,VALLE TOLUCA,ROBO A NEGOCIO CON VIOLENCIA,robo_violento,2.0,19.25525,-99.53813,COORDENADA
TOL26072707904,2026-07-27,22:00:00,22,nocturna (22-06),METEPEC,VALLE TOLUCA,PERSONA AGRESIVA,rina,1.5,19.28104,-99.60559,COORDENADA
TOL26072707915,2026-07-27,22:02:00,22,nocturna (22-06),TOLUCA,VALLE TOLUCA,EXTORSION TELEFONICA,alta_incidencia,4.0,19.36417,-99.673265,COORDENADA
TOL26072707926,2026-07-27,22:03:00,22,nocturna (22-06),TENANCINGO,IXTAPAN,PERSONA TIRADA EN VIA PUBLICA,deceso_dudoso,3.0,18.978345,-99.527224,COORDENADA
TOL26072708096,2026-07-27,22:36:00,22,nocturna (22-06),TOLUCA,VALLE TOLUCA,PORTACION DE ARMAS DE FUEGO O CARTUCHOS,arma_fuego,3.0,19.322275,-99.6518,COORDENADA
TOL26072708183,2026-07-27,22:55:00,22,nocturna (22-06),METEPEC,VALLE TOLUCA,PORTACION DE ARMA BLANCA,arma_blanca,2.0,19.282155,-99.58293,COORDENADA
TOL26072708201,2026-07-27,22:59:00,22,nocturna (22-06),METEPEC,VALLE TOLUCA,VIOLENCIA CONTRA LAS MUJERES,violencia_genero,2.0,19.274485,-99.59221,COORDENADA
TOL26072708208,2026-07-27,23:00:00,23,nocturna (22-06),TOLUCA,VALLE TOLUCA,ROBO DE VEHICULO PARTICULAR CON VIOLENCIA,robo_violento,2.0,19.293105,-99.63406,COORDENADA
TOL26072708237,2026-07-27,23:05:00,23,nocturna (22-06),TOLUCA,VALLE TOLUCA,VIOLENCIA CONTRA LAS MUJERES,violencia_genero,2.0,19.36417,-99.673265,COORDENADA
TOL26072708257,2026-07-27,23:08:00,23,nocturna (22-06),CAPULHUAC,SIN CATALOGAR,VIOLENCIA DE PAREJA,violencia_genero,2.0,19.218503,-99.470029,COORDENADA
TOL26072708279,2026-07-27,23:11:00,23,nocturna (22-06),TENANCINGO,IXTAPAN,TENTATIVA DE SUICIDIO,deceso_dudoso,3.0,18.966413,-99.577452,COORDENADA
TOL26072708334,2026-07-27,23:20:00,23,nocturna (22-06),NAUCALPAN,METROPOLITANA,VIOLENCIA CONTRA LAS MUJERES,violencia_genero,2.0,19.43827,-99.28405,COORDENADA
TOL26072708346,2026-07-27,23:21:00,23,nocturna (22-06),TOLUCA,VALLE TOLUCA,PERSONA AGRESIVA,rina,1.5,19.357053,-99.550533,COORDENADA
TOL26072708360,2026-07-27,23:24:00,23,nocturna (22-06),TOLUCA,VALLE TOLUCA,PERSONA AGRESIVA,rina,1.5,19.22871,-99.67046,COORDENADA
TOL26072708363,2026-07-27,23:25:00,23,nocturna (22-06),VILLA GUERRERO,IXTAPAN,PERSONA AGRESIVA,rina,1.5,18.95858,-99.640622,COORDENADA
TOL26072708376,2026-07-27,23:27:00,23,nocturna (22-06),TEMOAYA,VALLE TOLUCA,VIOLENCIA CONTRA LAS MUJERES,violencia_genero,2.0,19.436634,-99.634568,COORDENADA
TOL26072708389,2026-07-27,23:28:00,23,nocturna (22-06),ACAMBAY,ATLACOMULCO,ALTERACION DEL ORDEN PUBLICO POR PERSONA ALCOHOLIZADA,rina,1.5,19.959261,-99.779172,COORDENADA
TOL26072708392,2026-07-27,23:28:00,23,nocturna (22-06),VILLA GUERRERO,IXTAPAN,ALTERACION DEL ORDEN PUBLICO POR PERSONA ALCOHOLIZADA,rina,1.5,18.990612,-99.663766,COORDENADA
TOL26072708398,2026-07-27,23:29:00,23,nocturna (22-06),ZINACANTEPEC,VALLE TOLUCA,ALTERACION DEL ORDEN PUBLICO POR PERSONA ALCOHOLIZADA,rina,1.5,19.26892,-99.74195,COORDENADA
TOL26072708401,2026-07-27,23:30:00,23,nocturna (22-06),TIANGUISTENCO,VALLE TOLUCA,DETONACION POR ARMA DE FUEGO,arma_fuego,4.0,19.181192,-99.469733,COORDENADA
TOL26072708433,2026-07-27,23:35:00,23,nocturna (22-06),TEJUPILCO,IXTAPAN,PORTACION DE ARMA BLANCA,arma_blanca,2.0,18.883482,-100.130667,COORDENADA
TOL26072708453,2026-07-27,23:39:00,23,nocturna (22-06),ACAMBAY,ATLACOMULCO,ALTERACION DEL ORDEN PUBLICO POR PERSONA ALCOHOLIZADA,rina,1.5,20.011017,-100.046195,COORDENADA
TOL26072708469,2026-07-27,23:45:00,23,nocturna (22-06),CALIMAYA,IXTAPAN,ALTERACION DEL ORDEN PUBLICO POR PERSONA ALCOHOLIZADA,rina,1.5,19.166307,-99.613594,COORDENADA
TOL26072708493,2026-07-27,23:50:00,23,nocturna (22-06),VILLA GUERRERO,IXTAPAN,ALTERACION DEL ORDEN PUBLICO POR PERSONA ALCOHOLIZADA,rina,1.5,18.990612,-99.663766,COORDENADA
TOL26072708494,2026-07-27,23:50:00,23,nocturna (22-06),TOLUCA,VALLE TOLUCA,VIOLENCIA CONTRA LAS MUJERES,violencia_genero,2.0,19.388256,-99.646324,COORDENADA
TOL26072708539,2026-07-27,23:58:00,23,nocturna (22-06),TOLUCA,VALLE TOLUCA,VIOLENCIA CONTRA LAS MUJERES,violencia_genero,2.0,19.33884,-99.63758,COORDENADA
TOL26072800002,2026-07-28,00:00:00,0,nocturna (22-06),TOLUCA,VALLE TOLUCA,ALTERACION DEL ORDEN PUBLICO POR PERSONA ALCOHOLIZADA,rina,1.5,19.298475,-99.58448,COORDENADA
TOL26072800084,2026-07-28,00:27:00,0,nocturna (22-06),TOLUCA,VALLE TOLUCA,ALTERACION DEL ORDEN PUBLICO POR PERSONA ALCOHOLIZADA,rina,1.5,19.28217,-99.69313,COORDENADA
TOL26072800091,2026-07-28,00:28:00,0,nocturna (22-06),TOLUCA,VALLE TOLUCA,PORTACION DE ARMAS DE FUEGO O CARTUCHOS,arma_fuego,3.0,19.269045,-99.697332,COORDENADA
TOL26072800126,2026-07-28,00:46:00,0,nocturna (22-06),ACAMBAY,ATLACOMULCO,VIOLENCIA CONTRA LAS MUJERES,violencia_genero,2.0,20.010925,-100.047079,COORDENADA
TOL26072800130,2026-07-28,00:47:00,0,nocturna (22-06),VILLA VICTORIA,VALLE DE BRAVO,DETONACION POR ARMA DE FUEGO,arma_fuego,4.0,19.527199,-99.939097,COORDENADA
TOL26072800144,2026-07-28,00:53:00,0,nocturna (22-06),TOLUCA,VALLE TOLUCA,PORTACION DE ARMAS DE FUEGO O CARTUCHOS,arma_fuego,3.0,19.26859,-99.6968,COORDENADA
TOL26072800158,2026-07-28,00:56:00,0,nocturna (22-06),OCOYOACAC,VALLE TOLUCA,ROBO A TRANSEUNTE CON VIOLENCIA,robo_violento,2.0,19.24479,-99.392975,COORDENADA
TOL26072800164,2026-07-28,01:00:00,1,nocturna (22-06),CALIMAYA,IXTAPAN,EXTORSION TELEFONICA,alta_incidencia,4.0,19.205712,-99.575891,COORDENADA
TOL26072800187,2026-07-28,01:07:00,1,nocturna (22-06),NAUCALPAN,METROPOLITANA,VIOLENCIA CONTRA LAS MUJERES,violencia_genero,2.0,19.452325,-99.26873,COORDENADA
TOL26072800191,2026-07-28,01:10:00,1,nocturna (22-06),TOLUCA,VALLE TOLUCA,VIOLENCIA CONTRA LAS MUJERES,violencia_genero,2.0,19.2589,-99.68811,COORDENADA
TOL26072800207,2026-07-28,01:22:00,1,nocturna (22-06),TOLUCA,VALLE TOLUCA,PERSONA AGRESIVA,rina,1.5,19.29127,-99.59213,COORDENADA
TOL26072800213,2026-07-28,01:23:00,1,nocturna (22-06),NAUCALPAN,METROPOLITANA,VIOLENCIA CONTRA LAS MUJERES,violencia_genero,2.0,19.44947,-99.26563,COORDENADA
ECA26072705285,2026-07-27,15:01:00,15,vespertina (14-22),TULTITLAN,METROPOLITANA,PERSONA NO LOCALIZADA O DESAPARECIDA,desaparicion,3.0,19.58653,-99.16261,COORDENADA
ECA26072705299,2026-07-27,15:03:00,15,vespertina (14-22),TECAMAC,ECATEPEC,PERSONA AGRESIVA,rina,1.5,19.63999,-99.03435,COORDENADA
ECA26072705370,2026-07-27,15:12:00,15,vespertina (14-22),TLALNEPANTLA,METROPOLITANA,PERSONA AGRESIVA,rina,1.5,19.538,-99.189275,COORDENADA
ECA26072705391,2026-07-27,15:14:00,15,vespertina (14-22),CHIMALHUACAN,ORIENTE,PERSONA AGRESIVA,rina,1.5,,,ALTA
ECA26072705395,2026-07-27,15:15:00,15,vespertina (14-22),CUAUTITLAN IZCALLI,METROPOLITANA,PERSONA AGRESIVA,rina,1.5,19.65523,-99.21083,COORDENADA
ECA26072705419,2026-07-27,15:18:00,15,vespertina (14-22),TULTITLAN,METROPOLITANA,PERSONA AGRESIVA,rina,1.5,19.65523,-99.21083,COORDENADA
ECA26072705442,2026-07-27,15:21:00,15,vespertina (14-22),CHICOLOAPAN,SIN CATALOGAR,ALTERACION DEL ORDEN PUBLICO POR PERSONA DROGADA,rina,1.5,,,MEDIA
ECA26072705493,2026-07-27,15:27:00,15,vespertina (14-22),TULTITLAN,METROPOLITANA,VIOLENCIA CONTRA LAS MUJERES,violencia_genero,2.0,19.665215,-99.094465,COORDENADA
ECA26072705530,2026-07-27,15:33:00,15,vespertina (14-22),NICOLAS ROMERO,METROPOLITANA,PORTACION DE ARMA BLANCA,arma_blanca,2.0,19.63946,-99.296,COORDENADA
ECA26072705542,2026-07-27,15:35:00,15,vespertina (14-22),ATIZAPAN,METROPOLITANA,VIOLENCIA CONTRA LAS MUJERES,violencia_genero,2.0,19.58799,-99.220417,COORDENADA
ECA26072705547,2026-07-27,15:35:00,15,vespertina (14-22),ECATEPEC,ECATEPEC,VIOLENCIA CONTRA LAS MUJERES,violencia_genero,2.0,19.607065,-99.066595,COORDENADA
ECA26072705593,2026-07-27,15:40:00,15,vespertina (14-22),TEXCOCO,ORIENTE,PERSONA AGRESIVA,rina,1.5,19.52381,-98.75263,COORDENADA
ECA26072705632,2026-07-27,15:45:00,15,vespertina (14-22),CHIMALHUACAN,ORIENTE,PERSONA AGRESIVA,rina,1.5,19.41914,-98.98505,COORDENADA
ECA26072705674,2026-07-27,15:50:00,15,vespertina (14-22),ECATEPEC,ECATEPEC,ROBO DE MOTOCICLETA CON VIOLENCIA,robo_violento,2.0,19.62648,-98.98203,COORDENADA
ECA26072705754,2026-07-27,15:58:00,15,vespertina (14-22),CHIMALHUACAN,ORIENTE,ROBO DE MOTOCICLETA CON VIOLENCIA,robo_violento,2.0,,,ALTA
ECA26072705773,2026-07-27,16:00:00,16,vespertina (14-22),TLALNEPANTLA,METROPOLITANA,PERSONA AGRESIVA,rina,1.5,19.52142,-99.21998,COORDENADA
ECA26072705781,2026-07-27,16:01:00,16,vespertina (14-22),NICOLAS ROMERO,METROPOLITANA,PERSONA AGRESIVA,rina,1.5,19.60896,-99.29006,COORDENADA
ECA26072705794,2026-07-27,16:03:00,16,vespertina (14-22),VALLE DE CHALCO,CHALCO,VIOLENCIA CONTRA LAS MUJERES,violencia_genero,2.0,19.274675,-98.92894,COORDENADA
ECA26072705824,2026-07-27,16:06:00,16,vespertina (14-22),TULTITLAN,METROPOLITANA,PORTACION DE ARMAS DE FUEGO O CARTUCHOS,arma_fuego,3.0,19.612865,-99.16402,COORDENADA
ECA26072705874,2026-07-27,16:14:00,16,vespertina (14-22),CHIMALHUACAN,ORIENTE,PERSONA AGRESIVA,rina,1.5,19.433555,-98.97245,COORDENADA
ECA26072705892,2026-07-27,16:17:00,16,vespertina (14-22),NICOLAS ROMERO,METROPOLITANA,ROBO DE MOTOCICLETA CON VIOLENCIA,robo_violento,2.0,19.62903,-99.284585,COORDENADA
ECA26072705903,2026-07-27,16:19:00,16,vespertina (14-22),ECATEPEC,ECATEPEC,PERSONA AGRESIVA,rina,1.5,19.60057,-99.03147,COORDENADA
ECA26072705910,2026-07-27,16:20:00,16,vespertina (14-22),LA PAZ,ORIENTE,PERSONA AGRESIVA,rina,1.5,19.35604,-98.974235,COORDENADA
ECA26072705917,2026-07-27,16:21:00,16,vespertina (14-22),ECATEPEC,ECATEPEC,PERSONA AGRESIVA,rina,1.5,19.51872,-99.01792,COORDENADA
ECA26072705922,2026-07-27,16:21:00,16,vespertina (14-22),NEZAHUALCOYOTL,ORIENTE,VIOLENCIA CONTRA LAS MUJERES,violencia_genero,2.0,19.386495,-99.018485,COORDENADA
ECA26072705941,2026-07-27,16:23:00,16,vespertina (14-22),ATIZAPAN,METROPOLITANA,PERSONA AGRESIVA,rina,1.5,19.60447,-99.241625,COORDENADA
ECA26072705950,2026-07-27,16:24:00,16,vespertina (14-22),ATIZAPAN,METROPOLITANA,PERSONA AGRESIVA,rina,1.5,19.546055,-99.2355,COORDENADA
ECA26072705964,2026-07-27,16:27:00,16,vespertina (14-22),ZUMPANGO,ECATEPEC,VIOLENCIA CONTRA LAS MUJERES,violencia_genero,2.0,19.839185,-99.06962,COORDENADA
ECA26072705966,2026-07-27,16:27:00,16,vespertina (14-22),CUAUTITLAN IZCALLI,METROPOLITANA,RIÑA,rina,1.5,19.63463,-99.19819,COORDENADA
ECA26072706013,2026-07-27,16:32:00,16,vespertina (14-22),CUAUTITLAN IZCALLI,METROPOLITANA,ALTERACION DEL ORDEN PUBLICO POR PERSONA ALCOHOLIZADA,rina,1.5,19.6308,-99.208755,COORDENADA
ECA26072706114,2026-07-27,16:49:00,16,vespertina (14-22),HUEHUETOCA,ECATEPEC,RIÑA,rina,1.5,19.876476,-99.198937,COORDENADA
ECA26072706125,2026-07-27,16:50:00,16,vespertina (14-22),ECATEPEC,ECATEPEC,ROBO A NEGOCIO CON VIOLENCIA,robo_violento,2.0,19.52591,-99.03941,COORDENADA
ECA26072706131,2026-07-27,16:51:00,16,vespertina (14-22),CUAUTITLAN IZCALLI,METROPOLITANA,ALTERACION DEL ORDEN PUBLICO POR PERSONA ALCOHOLIZADA,rina,1.5,19.647995,-99.24676,COORDENADA
ECA26072706160,2026-07-27,16:55:00,16,vespertina (14-22),ECATEPEC,ECATEPEC,VIOLENCIA CONTRA LAS MUJERES,violencia_genero,2.0,19.55327,-99.08525,COORDENADA
ECA26072706211,2026-07-27,17:00:00,17,vespertina (14-22),TLALNEPANTLA,METROPOLITANA,PERSONA AGRESIVA,rina,1.5,19.54239,-99.22075,COORDENADA
ECA26072706217,2026-07-27,17:01:00,17,vespertina (14-22),TLALNEPANTLA,METROPOLITANA,VIOLENCIA CONTRA LAS MUJERES,violencia_genero,2.0,19.567475,-99.192235,COORDENADA
ECA26072706226,2026-07-27,17:02:00,17,vespertina (14-22),TEXCOCO,ORIENTE,PORTACION DE ARMAS DE FUEGO O CARTUCHOS,arma_fuego,3.0,19.518195,-98.84488,COORDENADA
ECA26072706243,2026-07-27,17:04:00,17,vespertina (14-22),ECATEPEC,ECATEPEC,RIÑA,rina,1.5,19.550962,-99.08933,COORDENADA
ECA26072706329,2026-07-27,17:13:00,17,vespertina (14-22),COACALCO DE BERRIOZABAL,ECATEPEC,PERSONA AGRESIVA,rina,1.5,19.65602,-99.09052,COORDENADA
ECA26072706345,2026-07-27,17:15:00,17,vespertina (14-22),CUAUTITLAN IZCALLI,METROPOLITANA,ROBO DE VEHICULO PARTICULAR CON VIOLENCIA,robo_violento,2.0,19.65523,-99.21083,COORDENADA
ECA26072706350,2026-07-27,17:16:00,17,vespertina (14-22),ZUMPANGO,ECATEPEC,VIOLENCIA CONTRA LAS MUJERES,violencia_genero,2.0,19.780135,-99.06175,COORDENADA
ECA26072706365,2026-07-27,17:18:00,17,vespertina (14-22),NEZAHUALCOYOTL,ORIENTE,RIÑA,rina,1.5,19.39481,-99.01785,COORDENADA
ECA26072706398,2026-07-27,17:22:00,17,vespertina (14-22),CHIMALHUACAN,ORIENTE,PERSONA AGRESIVA,rina,1.5,19.41403,-98.98713,COORDENADA
ECA26072706415,2026-07-27,17:25:00,17,vespertina (14-22),NEZAHUALCOYOTL,ORIENTE,RIÑA,rina,1.5,19.40598,-99.008605,COORDENADA
ECA26072706423,2026-07-27,17:26:00,17,vespertina (14-22),CUAUTITLAN IZCALLI,METROPOLITANA,PERSONA AGRESIVA,rina,1.5,19.65523,-99.21083,COORDENADA
ECA26072706430,2026-07-27,17:27:00,17,vespertina (14-22),IXTAPALUCA,CHALCO,VIOLENCIA CONTRA LAS MUJERES,violencia_genero,2.0,19.338325,-98.8852,COORDENADA
ECA26072706444,2026-07-27,17:29:00,17,vespertina (14-22),CHALCO,CHALCO,ROBO A TRANSEUNTE CON VIOLENCIA,robo_violento,2.0,19.262595,-98.89674,COORDENADA
ECA26072706539,2026-07-27,17:41:00,17,vespertina (14-22),ECATEPEC,ECATEPEC,PERSONA NO LOCALIZADA O DESAPARECIDA,desaparicion,3.0,19.517535,-99.017775,COORDENADA
ECA26072706561,2026-07-27,17:43:00,17,vespertina (14-22),TECAMAC,ECATEPEC,RIÑA,rina,1.5,19.68721,-98.97081,COORDENADA
ECA26072706568,2026-07-27,17:44:00,17,vespertina (14-22),ZUMPANGO,ECATEPEC,PERSONA AGRESIVA,rina,1.5,19.82317,-99.124715,COORDENADA
ECA26072706569,2026-07-27,17:45:00,17,vespertina (14-22),ECATEPEC,ECATEPEC,PERSONA AGRESIVA,rina,1.5,19.5994,-99.01808,COORDENADA
ECA26072706646,2026-07-27,17:55:00,17,vespertina (14-22),NOPALTEPEC,SIN CATALOGAR,HOMICIDIO,letal,10.0,19.77779,-98.714009,COORDENADA
ECA26072706721,2026-07-27,18:02:00,18,vespertina (14-22),CHIMALHUACAN,ORIENTE,PERSONA NO LOCALIZADA O DESAPARECIDA,desaparicion,3.0,19.442685,-98.97611,COORDENADA
ECA26072706729,2026-07-27,18:03:00,18,vespertina (14-22),CHIMALHUACAN,ORIENTE,PERSONA AGRESIVA,rina,1.5,19.439255,-98.95544,COORDENADA
ECA26072706748,2026-07-27,18:05:00,18,vespertina (14-22),NICOLAS ROMERO,METROPOLITANA,VIOLENCIA CONTRA LAS MUJERES,violencia_genero,2.0,19.628805,-99.299885,COORDENADA
ECA26072706762,2026-07-27,18:08:00,18,vespertina (14-22),ECATEPEC,ECATEPEC,VIOLENCIA FAMILIAR,violencia_genero,2.0,19.550962,-99.08933,COORDENADA
ECA26072706791,2026-07-27,18:11:00,18,vespertina (14-22),CHALCO,CHALCO,PERSONA AGRESIVA,rina,1.5,19.22201,-98.914705,COORDENADA
ECA26072706811,2026-07-27,18:12:00,18,vespertina (14-22),TLALNEPANTLA,METROPOLITANA,PERSONA AGRESIVA,rina,1.5,19.51575,-99.20747,COORDENADA
ECA26072706861,2026-07-27,18:20:00,18,vespertina (14-22),CHALCO,CHALCO,PERSONA AGRESIVA,rina,1.5,19.23891,-98.916085,COORDENADA
ECA26072706893,2026-07-27,18:23:00,18,vespertina (14-22),ECATEPEC,ECATEPEC,PERSONA TIRADA EN VIA PUBLICA,deceso_dudoso,3.0,19.57549,-99.029125,COORDENADA
ECA26072706922,2026-07-27,18:28:00,18,vespertina (14-22),CHALCO,CHALCO,ALTERACION DEL ORDEN PUBLICO POR PERSONA ALCOHOLIZADA,rina,1.5,19.262595,-98.89674,COORDENADA
ECA26072706925,2026-07-27,18:28:00,18,vespertina (14-22),HUEHUETOCA,ECATEPEC,ALTERACION DEL ORDEN PUBLICO POR PERSONA ALCOHOLIZADA,rina,1.5,19.83233,-99.249868,COORDENADA
ECA26072706928,2026-07-27,18:28:00,18,vespertina (14-22),TULTITLAN,METROPOLITANA,PERSONA LESIONADA POR ARMA BLANCA,arma_blanca,3.0,19.62414,-99.168355,COORDENADA
ECA26072706934,2026-07-27,18:29:00,18,vespertina (14-22),TECAMAC,ECATEPEC,ALTERACION DEL ORDEN PUBLICO POR PERSONA DROGADA,rina,1.5,19.68794,-98.970225,COORDENADA
ECA26072706967,2026-07-27,18:34:00,18,vespertina (14-22),CUAUTITLAN IZCALLI,METROPOLITANA,PERSONA AGRESIVA,rina,1.5,19.65523,-99.21083,COORDENADA
ECA26072706997,2026-07-27,18:38:00,18,vespertina (14-22),HUEHUETOCA,ECATEPEC,ALTERACION DEL ORDEN PUBLICO POR PERSONA ALCOHOLIZADA,rina,1.5,19.885052,-99.209852,COORDENADA
ECA26072707008,2026-07-27,18:40:00,18,vespertina (14-22),CHALCO,CHALCO,PERSONA AGRESIVA,rina,1.5,19.23528,-98.91872,COORDENADA
ECA26072707014,2026-07-27,18:40:00,18,vespertina (14-22),TEXCOCO,ORIENTE,ROBO A TRANSEUNTE CON VIOLENCIA,robo_violento,2.0,,,MEDIA
ECA26072707031,2026-07-27,18:42:00,18,vespertina (14-22),TLALNEPANTLA,METROPOLITANA,VIOLENCIA CONTRA LAS MUJERES,violencia_genero,2.0,19.537075,-99.103435,COORDENADA
ECA26072707070,2026-07-27,18:46:00,18,vespertina (14-22),CHALCO,CHALCO,PORTACION DE ARMAS DE FUEGO O CARTUCHOS,arma_fuego,3.0,19.21481,-98.90844,COORDENADA
ECA26072707083,2026-07-27,18:48:00,18,vespertina (14-22),CHIMALHUACAN,ORIENTE,DETONACION POR ARMA DE FUEGO,arma_fuego,4.0,19.409245,-98.953925,COORDENADA
ECA26072707089,2026-07-27,18:49:00,18,vespertina (14-22),ACOLMAN,ECATEPEC,VIOLENCIA FAMILIAR,violencia_genero,2.0,19.60305,-98.89785,COORDENADA
ECA26072707113,2026-07-27,18:50:00,18,vespertina (14-22),CHALCO,CHALCO,PERSONA TIRADA EN VIA PUBLICA,deceso_dudoso,3.0,19.28001,-98.88533,COORDENADA
ECA26072707132,2026-07-27,18:53:00,18,vespertina (14-22),CHIMALHUACAN,ORIENTE,ALTERACION DEL ORDEN PUBLICO POR PERSONA ALCOHOLIZADA,rina,1.5,19.409245,-98.953925,COORDENADA
ECA26072707148,2026-07-27,18:55:00,18,vespertina (14-22),TECAMAC,ECATEPEC,ALTERACION DEL ORDEN PUBLICO POR PERSONA ALCOHOLIZADA,rina,1.5,19.68794,-98.970225,COORDENADA
ECA26072707150,2026-07-27,18:55:00,18,vespertina (14-22),CHIMALHUACAN,ORIENTE,PERSONA TIRADA EN LA VIA PUBLICA CON HUELLAS DE VIOLENCIA,letal,5.0,19.39333,-98.89523,COORDENADA
ECA26072707178,2026-07-27,18:58:00,18,vespertina (14-22),CUAUTITLAN IZCALLI,METROPOLITANA,RIÑA,rina,1.5,19.63221,-99.234655,COORDENADA
ECA26072707184,2026-07-27,18:59:00,18,vespertina (14-22),TULTEPEC,ECATEPEC,PERSONA AGRESIVA,rina,1.5,19.677615,-99.129595,COORDENADA
ECA26072707193,2026-07-27,19:00:00,19,vespertina (14-22),CUAUTITLAN IZCALLI,METROPOLITANA,PERSONA AGRESIVA,rina,1.5,19.64237,-99.215365,COORDENADA
ECA26072707221,2026-07-27,19:03:00,19,vespertina (14-22),ECATEPEC,ECATEPEC,EXTORSION O INTENTO DE EXTORSION (NO TELEFONICA),alta_incidencia,4.0,19.50484,-99.01821,COORDENADA
ECA26072707236,2026-07-27,19:05:00,19,vespertina (14-22),CUAUTITLAN IZCALLI,METROPOLITANA,PERSONA TIRADA EN VIA PUBLICA,deceso_dudoso,3.0,19.68583,-99.21855,COORDENADA
ECA26072707240,2026-07-27,19:05:00,19,vespertina (14-22),CHALCO,CHALCO,VIOLENCIA CONTRA LAS MUJERES,violencia_genero,2.0,19.25815,-98.916925,COORDENADA
ECA26072707252,2026-07-27,19:06:00,19,vespertina (14-22),TEXCOCO,ORIENTE,PERSONA AGRESIVA,rina,1.5,19.45352,-98.868595,COORDENADA
ECA26072707286,2026-07-27,19:10:00,19,vespertina (14-22),NEZAHUALCOYOTL,ORIENTE,PORTACION DE ARMAS DE FUEGO O CARTUCHOS,arma_fuego,3.0,19.432825,-99.039025,COORDENADA
ECA26072707359,2026-07-27,19:18:00,19,vespertina (14-22),TEMASCALAPA,SIN CATALOGAR,PERSONA LESIONADA POR PROYECTIL DE ARMA DE FUEGO,arma_fuego,6.0,19.839569,-98.854495,COORDENADA
ECA26072707367,2026-07-27,19:18:00,19,vespertina (14-22),VALLE DE CHALCO,CHALCO,RIÑA,rina,1.5,19.26946,-98.93333,COORDENADA
ECA26072707406,2026-07-27,19:22:00,19,vespertina (14-22),TEQUIXQUIAC,SIN CATALOGAR,PERSONA NO LOCALIZADA O DESAPARECIDA,desaparicion,3.0,19.89607,-99.120842,COORDENADA
ECA26072707415,2026-07-27,19:23:00,19,vespertina (14-22),ATIZAPAN,METROPOLITANA,PERSONA AGRESIVA,rina,1.5,19.58355,-99.22982,COORDENADA
ECA26072707429,2026-07-27,19:24:00,19,vespertina (14-22),NEZAHUALCOYOTL,ORIENTE,PERSONA AGRESIVA,rina,1.5,19.399325,-99.022895,COORDENADA
ECA26072707438,2026-07-27,19:26:00,19,vespertina (14-22),TECAMAC,ECATEPEC,VIOLENCIA DE PAREJA,violencia_genero,2.0,19.6722,-98.97436,COORDENADA
ECA26072707450,2026-07-27,19:27:00,19,vespertina (14-22),LA PAZ,ORIENTE,PERSONA NO LOCALIZADA O DESAPARECIDA,desaparicion,3.0,19.37505,-98.940355,COORDENADA
ECA26072707454,2026-07-27,19:28:00,19,vespertina (14-22),ECATEPEC,ECATEPEC,PERSONA AGRESIVA,rina,1.5,19.51977,-99.0197,COORDENADA
ECA26072707463,2026-07-27,19:30:00,19,vespertina (14-22),TULTEPEC,ECATEPEC,PERSONA AGRESIVA,rina,1.5,19.6844,-99.13076,COORDENADA
ECA26072707472,2026-07-27,19:30:00,19,vespertina (14-22),ECATEPEC,ECATEPEC,PERSONA AGRESIVA,rina,1.5,19.64257,-99.065245,COORDENADA
ECA26072707481,2026-07-27,19:31:00,19,vespertina (14-22),TLALNEPANTLA,METROPOLITANA,PERSONA AGRESIVA,rina,1.5,19.54098,-99.19325,COORDENADA
ECA26072707500,2026-07-27,19:35:00,19,vespertina (14-22),ECATEPEC,ECATEPEC,PERSONA AGRESIVA,rina,1.5,19.63941,-99.07141,COORDENADA
ECA26072707507,2026-07-27,19:36:00,19,vespertina (14-22),ECATEPEC,ECATEPEC,PERSONA AGRESIVA,rina,1.5,19.528235,-99.03306,COORDENADA
ECA26072707541,2026-07-27,19:40:00,19,vespertina (14-22),TLALNEPANTLA,METROPOLITANA,PERSONA AGRESIVA,rina,1.5,19.537615,-99.11883,COORDENADA
ECA26072707573,2026-07-27,19:43:00,19,vespertina (14-22),TECAMAC,ECATEPEC,PERSONA AGRESIVA,rina,1.5,19.677495,-99.030985,COORDENADA
ECA26072707574,2026-07-27,19:43:00,19,vespertina (14-22),ECATEPEC,ECATEPEC,DETONACION POR ARMA DE FUEGO,arma_fuego,4.0,19.61048,-99.05533,COORDENADA
ECA26072707580,2026-07-27,19:44:00,19,vespertina (14-22),CUAUTITLAN IZCALLI,METROPOLITANA,VIOLENCIA CONTRA LAS MUJERES,violencia_genero,2.0,19.64562,-99.228,COORDENADA
ECA26072707606,2026-07-27,19:47:00,19,vespertina (14-22),CHALCO,CHALCO,PERSONA AGRESIVA,rina,1.5,19.270035,-98.892665,COORDENADA
ECA26072707626,2026-07-27,19:49:00,19,vespertina (14-22),ECATEPEC,ECATEPEC,RIÑA,rina,1.5,19.59857,-99.003985,COORDENADA
ECA26072707658,2026-07-27,19:53:00,19,vespertina (14-22),TEOLOYUCAN,SIN CATALOGAR,VIOLENCIA CONTRA LAS MUJERES,violencia_genero,2.0,19.769765,-99.227425,COORDENADA
ECA26072707684,2026-07-27,20:00:00,20,vespertina (14-22),ECATEPEC,ECATEPEC,ROBO DE MOTOCICLETA CON VIOLENCIA,robo_violento,2.0,19.61048,-99.05533,COORDENADA
ECA26072707687,2026-07-27,20:04:00,20,vespertina (14-22),ECATEPEC,ECATEPEC,PERSONA TIRADA EN VIA PUBLICA,deceso_dudoso,3.0,19.59782,-99.00203,COORDENADA
ECA26072707697,2026-07-27,20:06:00,20,vespertina (14-22),TECAMAC,ECATEPEC,PERSONA AGRESIVA,rina,1.5,,,ALTA
ECA26072707701,2026-07-27,20:07:00,20,vespertina (14-22),TULTITLAN,METROPOLITANA,PORTACION DE ARMA BLANCA,arma_blanca,2.0,19.59486,-99.15854,COORDENADA
ECA26072707718,2026-07-27,20:10:00,20,vespertina (14-22),ECATEPEC,ECATEPEC,PERSONA AGRESIVA,rina,1.5,19.633236,-99.019713,COORDENADA
ECA26072707796,2026-07-27,20:18:00,20,vespertina (14-22),TECAMAC,ECATEPEC,RIÑA,rina,1.5,19.622015,-99.040695,COORDENADA
ECA26072707820,2026-07-27,20:20:00,20,vespertina (14-22),TULTITLAN,METROPOLITANA,PERSONA AGRESIVA,rina,1.5,19.62257,-99.1616,COORDENADA
ECA26072707822,2026-07-27,20:20:00,20,vespertina (14-22),TECAMAC,ECATEPEC,VIOLENCIA CONTRA LAS MUJERES,violencia_genero,2.0,19.63326,-99.01939,COORDENADA
ECA26072707841,2026-07-27,20:22:00,20,vespertina (14-22),ATIZAPAN,METROPOLITANA,VIOLENCIA CONTRA LAS MUJERES,violencia_genero,2.0,19.5777,-99.241925,COORDENADA
ECA26072707846,2026-07-27,20:23:00,20,vespertina (14-22),TULTITLAN,METROPOLITANA,RIÑA,rina,1.5,19.659765,-99.081865,COORDENADA
ECA26072707848,2026-07-27,20:23:00,20,vespertina (14-22),ECATEPEC,ECATEPEC,PERSONA AGRESIVA,rina,1.5,19.564735,-99.04477,COORDENADA
ECA26072707874,2026-07-27,20:25:00,20,vespertina (14-22),TLALNEPANTLA,METROPOLITANA,VIOLENCIA DE PAREJA,violencia_genero,2.0,19.56258,-99.19057,COORDENADA
ECA26072707880,2026-07-27,20:25:00,20,vespertina (14-22),TULTITLAN,METROPOLITANA,PERSONA AGRESIVA,rina,1.5,19.665215,-99.094465,COORDENADA
ECA26072707894,2026-07-27,20:26:00,20,vespertina (14-22),TULTITLAN,METROPOLITANA,RIÑA,rina,1.5,19.669925,-99.09013,COORDENADA
ECA26072707904,2026-07-27,20:28:00,20,vespertina (14-22),TECAMAC,ECATEPEC,PERSONA AGRESIVA,rina,1.5,19.69482,-99.00164,COORDENADA
ECA26072707912,2026-07-27,20:28:00,20,vespertina (14-22),TEXCOCO,ORIENTE,PORTACION DE ARMA BLANCA,arma_blanca,2.0,19.47552,-98.90101,COORDENADA
ECA26072707929,2026-07-27,20:29:00,20,vespertina (14-22),CUAUTITLAN IZCALLI,METROPOLITANA,ROBO DE VEHICULO PARTICULAR CON VIOLENCIA,robo_violento,2.0,19.65523,-99.21083,COORDENADA
ECA26072707931,2026-07-27,20:30:00,20,vespertina (14-22),TEXCOCO,ORIENTE,PORTACION DE ARMA BLANCA,arma_blanca,2.0,19.47312,-98.90441,COORDENADA
ECA26072707937,2026-07-27,20:30:00,20,vespertina (14-22),ZUMPANGO,ECATEPEC,PORTACION DE ARMA BLANCA,arma_blanca,2.0,,,ALTA
ECA26072707978,2026-07-27,20:35:00,20,vespertina (14-22),NICOLAS ROMERO,METROPOLITANA,VIOLENCIA CONTRA LAS MUJERES,violencia_genero,2.0,19.611242,-99.3006,COORDENADA
ECA26072707995,2026-07-27,20:36:00,20,vespertina (14-22),CHIMALHUACAN,ORIENTE,VIOLENCIA CONTRA LAS MUJERES,violencia_genero,2.0,19.40701,-98.97324,COORDENADA
ECA26072708016,2026-07-27,20:38:00,20,vespertina (14-22),TECAMAC,ECATEPEC,VIOLENCIA DE PAREJA,violencia_genero,2.0,19.69197,-99.000595,COORDENADA
ECA26072708045,2026-07-27,20:42:00,20,vespertina (14-22),TEXCOCO,ORIENTE,PORTACION DE ARMA BLANCA,arma_blanca,2.0,19.47552,-98.90101,COORDENADA
ECA26072708060,2026-07-27,20:44:00,20,vespertina (14-22),TEOLOYUCAN,SIN CATALOGAR,VIOLENCIA CONTRA LAS MUJERES,violencia_genero,2.0,19.748165,-99.184315,COORDENADA
ECA26072708063,2026-07-27,20:44:00,20,vespertina (14-22),CHALCO,CHALCO,PERSONA AGRESIVA,rina,1.5,19.262595,-98.89674,COORDENADA
ECA26072708089,2026-07-27,20:46:00,20,vespertina (14-22),LA PAZ,ORIENTE,PERSONA AGRESIVA,rina,1.5,19.381995,-98.933825,COORDENADA
ECA26072708094,2026-07-27,20:47:00,20,vespertina (14-22),NEZAHUALCOYOTL,ORIENTE,PERSONA AGRESIVA,rina,1.5,19.4219,-99.04269,COORDENADA
ECA26072708097,2026-07-27,20:47:00,20,vespertina (14-22),TEXCOCO,ORIENTE,ALTERACION DEL ORDEN PUBLICO POR PERSONA ALCOHOLIZADA,rina,1.5,19.43154,-98.90291,COORDENADA
ECA26072708099,2026-07-27,20:47:00,20,vespertina (14-22),TEOTIHUACAN,ORIENTE,PERSONA AGRESIVA,rina,1.5,19.68784,-98.88742,COORDENADA
ECA26072708147,2026-07-27,20:52:00,20,vespertina (14-22),TULTEPEC,ECATEPEC,ROBO A TRANSPORTISTA O VEHICULO COMERCIAL CON VIOLENCIA,robo_violento,2.0,19.66499,-99.12021,COORDENADA
ECA26072708152,2026-07-27,20:53:00,20,vespertina (14-22),NEZAHUALCOYOTL,ORIENTE,PERSONA AGRESIVA,rina,1.5,19.41359,-98.99034,COORDENADA
ECA26072708166,2026-07-27,20:55:00,20,vespertina (14-22),ECATEPEC,ECATEPEC,VIOLENCIA CONTRA LAS MUJERES,violencia_genero,2.0,19.61048,-99.05533,COORDENADA
ECA26072708171,2026-07-27,20:56:00,20,vespertina (14-22),ECATEPEC,ECATEPEC,PERSONA AGRESIVA,rina,1.5,19.59935,-99.064,COORDENADA
ECA26072708214,2026-07-27,21:00:00,21,vespertina (14-22),CUAUTITLAN IZCALLI,METROPOLITANA,PERSONA AGRESIVA,rina,1.5,19.65523,-99.21083,COORDENADA
ECA26072708222,2026-07-27,21:01:00,21,vespertina (14-22),TECAMAC,ECATEPEC,VIOLENCIA CONTRA LAS MUJERES,violencia_genero,2.0,19.68609,-99.014105,COORDENADA
ECA26072708226,2026-07-27,21:02:00,21,vespertina (14-22),ECATEPEC,ECATEPEC,VIOLENCIA FAMILIAR,violencia_genero,2.0,19.54602,-99.07771,COORDENADA
ECA26072708261,2026-07-27,21:05:00,21,vespertina (14-22),ECATEPEC,ECATEPEC,PERSONA AGRESIVA,rina,1.5,19.59935,-99.064,COORDENADA
ECA26072708274,2026-07-27,21:08:00,21,vespertina (14-22),TULTITLAN,METROPOLITANA,PERSONA AGRESIVA,rina,1.5,19.60498,-99.147095,COORDENADA
ECA26072708282,2026-07-27,21:09:00,21,vespertina (14-22),TULTITLAN,METROPOLITANA,PERSONA AGRESIVA,rina,1.5,19.61614,-99.14845,COORDENADA
ECA26072708283,2026-07-27,21:09:00,21,vespertina (14-22),TLALNEPANTLA,METROPOLITANA,PERSONA AGRESIVA,rina,1.5,19.55945,-99.2039,COORDENADA
ECA26072708284,2026-07-27,21:10:00,21,vespertina (14-22),ZUMPANGO,ECATEPEC,VIOLENCIA CONTRA LAS MUJERES,violencia_genero,2.0,,,ALTA
ECA26072708306,2026-07-27,21:13:00,21,vespertina (14-22),LA PAZ,ORIENTE,ROBO A TRANSEUNTE CON VIOLENCIA,robo_violento,2.0,19.35604,-98.974235,COORDENADA
ECA26072708315,2026-07-27,21:14:00,21,vespertina (14-22),TULTEPEC,ECATEPEC,ROBO DE MOTOCICLETA CON VIOLENCIA,robo_violento,2.0,19.69971,-99.10268,COORDENADA
ECA26072708318,2026-07-27,21:15:00,21,vespertina (14-22),ECATEPEC,ECATEPEC,RIÑA,rina,1.5,19.600515,-99.059305,COORDENADA
ECA26072708324,2026-07-27,21:16:00,21,vespertina (14-22),ZUMPANGO,ECATEPEC,DETONACION POR ARMA DE FUEGO,arma_fuego,4.0,19.82247,-99.09632,COORDENADA
ECA26072708330,2026-07-27,21:17:00,21,vespertina (14-22),ZUMPANGO,ECATEPEC,DETONACION POR ARMA DE FUEGO,arma_fuego,4.0,,,ALTA
ECA26072708341,2026-07-27,21:17:00,21,vespertina (14-22),CUAUTITLAN IZCALLI,METROPOLITANA,PERSONA AGRESIVA,rina,1.5,19.63973,-99.20525,COORDENADA
ECA26072708356,2026-07-27,21:19:00,21,vespertina (14-22),ECATEPEC,ECATEPEC,ROBO DE VEHICULO PARTICULAR CON VIOLENCIA,robo_violento,2.0,19.51058,-99.07609,COORDENADA
ECA26072708393,2026-07-27,21:25:00,21,vespertina (14-22),TEXCOCO,ORIENTE,RIÑA,rina,1.5,19.51488,-98.903495,COORDENADA
ECA26072708423,2026-07-27,21:30:00,21,vespertina (14-22),TEQUIXQUIAC,SIN CATALOGAR,VIOLENCIA CONTRA LAS MUJERES,violencia_genero,2.0,19.908388,-99.136512,COORDENADA
ECA26072708426,2026-07-27,21:30:00,21,vespertina (14-22),CHIMALHUACAN,ORIENTE,VIOLENCIA CONTRA LAS MUJERES,violencia_genero,2.0,19.422275,-98.977965,COORDENADA
ECA26072708471,2026-07-27,21:37:00,21,vespertina (14-22),TEOLOYUCAN,SIN CATALOGAR,VIOLENCIA DE PAREJA,violencia_genero,2.0,19.74735,-99.194255,COORDENADA
ECA26072708499,2026-07-27,21:41:00,21,vespertina (14-22),TLALNEPANTLA,METROPOLITANA,ROBO DE VEHICULO PARTICULAR CON VIOLENCIA,robo_violento,2.0,19.53861,-99.09422,COORDENADA
ECA26072708517,2026-07-27,21:43:00,21,vespertina (14-22),CHIMALHUACAN,ORIENTE,VIOLENCIA CONTRA LAS MUJERES,violencia_genero,2.0,19.41862,-98.97584,COORDENADA
ECA26072708522,2026-07-27,21:44:00,21,vespertina (14-22),TLALNEPANTLA,METROPOLITANA,AMENAZA DE SUICIDIO,deceso_dudoso,3.0,19.539185,-99.199485,COORDENADA
ECA26072708532,2026-07-27,21:45:00,21,vespertina (14-22),CHIMALHUACAN,ORIENTE,VIOLENCIA CONTRA LAS MUJERES,violencia_genero,2.0,19.422275,-98.977965,COORDENADA
ECA26072708561,2026-07-27,21:49:00,21,vespertina (14-22),CUAUTITLAN,METROPOLITANA,PERSONA AGRESIVA,rina,1.5,19.67284,-99.14675,COORDENADA
ECA26072708571,2026-07-27,21:50:00,21,vespertina (14-22),TEOLOYUCAN,SIN CATALOGAR,ROBO DE VEHICULO PARTICULAR CON VIOLENCIA,robo_violento,2.0,19.73841,-99.17157,COORDENADA
ECA26072708575,2026-07-27,21:51:00,21,vespertina (14-22),ECATEPEC,ECATEPEC,PORTACION DE ARMA BLANCA,arma_blanca,2.0,19.49965,-99.059145,COORDENADA
ECA26072708583,2026-07-27,21:52:00,21,vespertina (14-22),ECATEPEC,ECATEPEC,PERSONA AGRESIVA,rina,1.5,19.604305,-99.017965,COORDENADA
ECA26072708584,2026-07-27,21:52:00,21,vespertina (14-22),ECATEPEC,ECATEPEC,PERSONA AGRESIVA,rina,1.5,19.50256,-99.06545,COORDENADA
ECA26072708592,2026-07-27,21:53:00,21,vespertina (14-22),TECAMAC,ECATEPEC,VIOLENCIA CONTRA LAS MUJERES,violencia_genero,2.0,19.684725,-98.96959,COORDENADA
ECA26072708598,2026-07-27,21:53:00,21,vespertina (14-22),CHALCO,CHALCO,PERSONA AGRESIVA,rina,1.5,19.262595,-98.89674,COORDENADA
ECA26072708613,2026-07-27,21:55:00,21,vespertina (14-22),TEZOYUCA,ORIENTE,PERSONA AGRESIVA,rina,1.5,19.592738,-98.913612,COORDENADA
ECA26072708619,2026-07-27,21:56:00,21,vespertina (14-22),LA PAZ,ORIENTE,PERSONA TIRADA EN VIA PUBLICA,deceso_dudoso,3.0,19.357905,-98.968165,COORDENADA
ECA26072708624,2026-07-27,21:56:00,21,vespertina (14-22),TEOTIHUACAN,ORIENTE,PERSONA AGRESIVA,rina,1.5,19.683275,-98.83692,COORDENADA
ECA26072708632,2026-07-27,21:57:00,21,vespertina (14-22),TULTEPEC,ECATEPEC,PRIVACION DE LA LIBERTAD,alta_incidencia,4.0,19.691405,-99.126215,COORDENADA
ECA26072708650,2026-07-27,21:58:00,21,vespertina (14-22),AMECAMECA,CHALCO,VIOLENCIA CONTRA LAS MUJERES,violencia_genero,2.0,19.136375,-98.76711,COORDENADA
ECA26072708656,2026-07-27,21:59:00,21,vespertina (14-22),TEOTIHUACAN,ORIENTE,VIOLENCIA CONTRA LAS MUJERES,violencia_genero,2.0,19.67317,-98.89933,COORDENADA
ECA26072708664,2026-07-27,22:00:00,22,nocturna (22-06),COACALCO DE BERRIOZABAL,ECATEPEC,RIÑA,rina,1.5,19.654055,-99.08175,COORDENADA
ECA26072708690,2026-07-27,22:04:00,22,nocturna (22-06),ECATEPEC,ECATEPEC,ROBO DE VEHICULO PARTICULAR CON VIOLENCIA,robo_violento,2.0,19.508935,-99.059445,COORDENADA
ECA26072708712,2026-07-27,22:06:00,22,nocturna (22-06),ZUMPANGO,ECATEPEC,PERSONA LESIONADA POR PROYECTIL DE ARMA DE FUEGO,arma_fuego,6.0,19.790445,-99.095475,COORDENADA
ECA26072708717,2026-07-27,22:07:00,22,nocturna (22-06),TEXCOCO,ORIENTE,PERSONA AGRESIVA,rina,1.5,19.5029,-98.765425,COORDENADA
ECA26072708725,2026-07-27,22:08:00,22,nocturna (22-06),TECAMAC,ECATEPEC,VIOLENCIA FAMILIAR,violencia_genero,2.0,19.64296,-99.02921,COORDENADA
ECA26072708728,2026-07-27,22:08:00,22,nocturna (22-06),NEZAHUALCOYOTL,ORIENTE,PERSONA AGRESIVA,rina,1.5,19.4219,-99.04269,COORDENADA
ECA26072708771,2026-07-27,22:12:00,22,nocturna (22-06),IXTAPALUCA,CHALCO,PERSONA AGRESIVA,rina,1.5,19.3064,-98.87012,COORDENADA
ECA26072708807,2026-07-27,22:16:00,22,nocturna (22-06),CHALCO,CHALCO,ROBO A TRANSEUNTE CON VIOLENCIA,robo_violento,2.0,19.2755,-98.89856,COORDENADA
ECA26072708830,2026-07-27,22:17:00,22,nocturna (22-06),NEZAHUALCOYOTL,ORIENTE,PERSONA AGRESIVA,rina,1.5,19.4112,-99.05681,COORDENADA
ECA26072708832,2026-07-27,22:18:00,22,nocturna (22-06),TLALNEPANTLA,METROPOLITANA,PERSONA AGRESIVA,rina,1.5,19.566225,-99.20601,COORDENADA
ECA26072708858,2026-07-27,22:21:00,22,nocturna (22-06),TULTEPEC,ECATEPEC,ROBO DE MOTOCICLETA CON VIOLENCIA,robo_violento,2.0,19.69452,-99.12639,COORDENADA
ECA26072708862,2026-07-27,22:21:00,22,nocturna (22-06),TLALNEPANTLA,METROPOLITANA,ROBO DE VEHICULO PARTICULAR CON VIOLENCIA,robo_violento,2.0,19.51745,-99.093815,COORDENADA
ECA26072708863,2026-07-27,22:21:00,22,nocturna (22-06),CHIMALHUACAN,ORIENTE,PERSONA AGRESIVA,rina,1.5,19.40458,-98.98222,COORDENADA
ECA26072708890,2026-07-27,22:25:00,22,nocturna (22-06),CUAUTITLAN IZCALLI,METROPOLITANA,ROBO DE VEHICULO PARTICULAR CON VIOLENCIA,robo_violento,2.0,19.68601,-99.185005,COORDENADA
ECA26072708909,2026-07-27,22:29:00,22,nocturna (22-06),TEOLOYUCAN,SIN CATALOGAR,PERSONA AGRESIVA,rina,1.5,19.76062,-99.169885,COORDENADA
ECA26072708910,2026-07-27,22:29:00,22,nocturna (22-06),TULTEPEC,ECATEPEC,VIOLENCIA CONTRA LAS MUJERES,violencia_genero,2.0,19.661805,-99.12677,COORDENADA
ECA26072708923,2026-07-27,22:32:00,22,nocturna (22-06),ATIZAPAN,METROPOLITANA,VIOLENCIA CONTRA LAS MUJERES,violencia_genero,2.0,19.55161,-99.26714,COORDENADA
ECA26072708932,2026-07-27,22:34:00,22,nocturna (22-06),TEPOTZOTLAN,METROPOLITANA,PERSONA AGRESIVA,rina,1.5,19.69167,-99.2795,COORDENADA
ECA26072708934,2026-07-27,22:34:00,22,nocturna (22-06),NEZAHUALCOYOTL,ORIENTE,VIOLENCIA CONTRA LAS MUJERES,violencia_genero,2.0,19.40437,-99.05262,COORDENADA
ECA26072708975,2026-07-27,22:42:00,22,nocturna (22-06),VALLE DE CHALCO,CHALCO,VIOLENCIA FAMILIAR,violencia_genero,2.0,19.2717,-98.94246,COORDENADA
ECA26072709006,2026-07-27,22:46:00,22,nocturna (22-06),IXTAPALUCA,CHALCO,VIOLENCIA CONTRA LAS MUJERES,violencia_genero,2.0,19.342555,-98.864285,COORDENADA
ECA26072709007,2026-07-27,22:47:00,22,nocturna (22-06),TULTITLAN,METROPOLITANA,VIOLENCIA CONTRA LAS MUJERES,violencia_genero,2.0,19.59477,-99.17447,COORDENADA
ECA26072709014,2026-07-27,22:48:00,22,nocturna (22-06),TLALNEPANTLA,METROPOLITANA,PERSONA NO LOCALIZADA O DESAPARECIDA,desaparicion,3.0,19.546205,-99.154927,COORDENADA
ECA26072709026,2026-07-27,22:51:00,22,nocturna (22-06),VALLE DE CHALCO,CHALCO,VIOLENCIA FAMILIAR,violencia_genero,2.0,19.294977,-98.953566,COORDENADA
ECA26072709058,2026-07-27,22:55:00,22,nocturna (22-06),CHIMALHUACAN,ORIENTE,DETONACION POR ARMA DE FUEGO,arma_fuego,4.0,19.418679,-98.933259,COORDENADA
ECA26072709061,2026-07-27,22:56:00,22,nocturna (22-06),TLALNEPANTLA,METROPOLITANA,PERSONA TIRADA EN LA VIA PUBLICA CON HUELLAS DE VIOLENCIA,letal,5.0,19.529765,-99.22266,COORDENADA
ECA26072709069,2026-07-27,22:57:00,22,nocturna (22-06),ECATEPEC,ECATEPEC,PERSONA AGRESIVA,rina,1.5,19.572935,-99.03807,COORDENADA
ECA26072709074,2026-07-27,22:57:00,22,nocturna (22-06),ATIZAPAN,METROPOLITANA,PERSONA AGRESIVA,rina,1.5,19.58642,-99.26139,COORDENADA
ECA26072709131,2026-07-27,23:05:00,23,nocturna (22-06),ECATEPEC,ECATEPEC,PERSONA AGRESIVA,rina,1.5,19.54035,-99.06503,COORDENADA
ECA26072709146,2026-07-27,23:07:00,23,nocturna (22-06),JUCHITEPEC,CHALCO,VIOLENCIA CONTRA LAS MUJERES,violencia_genero,2.0,19.095711,-98.876598,COORDENADA
ECA26072709148,2026-07-27,23:07:00,23,nocturna (22-06),CHICONCUAC,ORIENTE,VIOLENCIA DE PAREJA,violencia_genero,2.0,19.55925,-98.89692,COORDENADA
ECA26072709191,2026-07-27,23:15:00,23,nocturna (22-06),ECATEPEC,ECATEPEC,PERSONA NO LOCALIZADA O DESAPARECIDA,desaparicion,3.0,19.546555,-99.054295,COORDENADA
ECA26072709203,2026-07-27,23:16:00,23,nocturna (22-06),TLALNEPANTLA,METROPOLITANA,PERSONA TIRADA EN VIA PUBLICA,deceso_dudoso,3.0,19.529765,-99.22266,COORDENADA
ECA26072709211,2026-07-27,23:19:00,23,nocturna (22-06),ATIZAPAN,METROPOLITANA,PERSONA AGRESIVA,rina,1.5,19.582045,-99.25017,COORDENADA
ECA26072709236,2026-07-27,23:23:00,23,nocturna (22-06),ATIZAPAN,METROPOLITANA,VIOLENCIA CONTRA LAS MUJERES,violencia_genero,2.0,19.60447,-99.241625,COORDENADA
ECA26072709251,2026-07-27,23:25:00,23,nocturna (22-06),COACALCO DE BERRIOZABAL,ECATEPEC,PERSONA AGRESIVA,rina,1.5,19.65525,-99.0832,COORDENADA
ECA26072709263,2026-07-27,23:27:00,23,nocturna (22-06),TECAMAC,ECATEPEC,PERSONA AGRESIVA,rina,1.5,19.658915,-99.009505,COORDENADA
ECA26072709276,2026-07-27,23:29:00,23,nocturna (22-06),TLALNEPANTLA,METROPOLITANA,PERSONA TIRADA EN VIA PUBLICA,deceso_dudoso,3.0,19.521455,-99.20842,COORDENADA
ECA26072709299,2026-07-27,23:32:00,23,nocturna (22-06),LA PAZ,ORIENTE,ROBO DE VEHICULO PARTICULAR CON VIOLENCIA,robo_violento,2.0,19.381995,-98.933825,COORDENADA
ECA26072709303,2026-07-27,23:32:00,23,nocturna (22-06),VALLE DE CHALCO,CHALCO,ROBO DE VEHICULO PARTICULAR CON VIOLENCIA,robo_violento,2.0,19.30206,-98.93528,COORDENADA
ECA26072709336,2026-07-27,23:36:00,23,nocturna (22-06),TECAMAC,ECATEPEC,PERSONA AGRESIVA,rina,1.5,19.658915,-99.009505,COORDENADA
ECA26072709344,2026-07-27,23:37:00,23,nocturna (22-06),CHICOLOAPAN,SIN CATALOGAR,AMENAZA DE SUICIDIO,deceso_dudoso,3.0,19.42104,-98.87883,COORDENADA
ECA26072709443,2026-07-27,23:52:00,23,nocturna (22-06),TLALNEPANTLA,METROPOLITANA,ALTERACION DEL ORDEN PUBLICO POR PERSONA ALCOHOLIZADA,rina,1.5,19.55048,-99.11603,COORDENADA
ECA26072709453,2026-07-27,23:53:00,23,nocturna (22-06),ZUMPANGO,ECATEPEC,DETONACION POR ARMA DE FUEGO,arma_fuego,4.0,,,ALTA
ECA26072709483,2026-07-27,23:58:00,23,nocturna (22-06),TECAMAC,ECATEPEC,PERSONA AGRESIVA,rina,1.5,19.658915,-99.009505,COORDENADA
ECA26072709484,2026-07-27,23:58:00,23,nocturna (22-06),VALLE DE CHALCO,CHALCO,VIOLENCIA FAMILIAR,violencia_genero,2.0,19.323935,-98.952085,COORDENADA
ECA26072800010,2026-07-28,00:01:00,0,nocturna (22-06),ECATEPEC,ECATEPEC,VIOLENCIA CONTRA LAS MUJERES,violencia_genero,2.0,19.600515,-99.059305,COORDENADA
ECA26072800020,2026-07-28,00:04:00,0,nocturna (22-06),TECAMAC,ECATEPEC,ROBO DE VEHICULO PARTICULAR CON VIOLENCIA,robo_violento,2.0,19.677495,-99.030985,COORDENADA
ECA26072800033,2026-07-28,00:06:00,0,nocturna (22-06),ZUMPANGO,ECATEPEC,DETONACION POR ARMA DE FUEGO,arma_fuego,4.0,,,ALTA
ECA26072800094,2026-07-28,00:14:00,0,nocturna (22-06),NEZAHUALCOYOTL,ORIENTE,PERSONA AGRESIVA,rina,1.5,19.432825,-99.039025,COORDENADA
ECA26072800112,2026-07-28,00:16:00,0,nocturna (22-06),VALLE DE CHALCO,CHALCO,ROBO DE MOTOCICLETA CON VIOLENCIA,robo_violento,2.0,19.286505,-98.93651,COORDENADA
ECA26072800126,2026-07-28,00:18:00,0,nocturna (22-06),CHIMALHUACAN,ORIENTE,PERSONA AGRESIVA,rina,1.5,19.422805,-98.93359,COORDENADA
ECA26072800152,2026-07-28,00:23:00,0,nocturna (22-06),ATIZAPAN,METROPOLITANA,PERSONA AGRESIVA,rina,1.5,19.600205,-99.22985,COORDENADA
ECA26072800167,2026-07-28,00:26:00,0,nocturna (22-06),ECATEPEC,ECATEPEC,VIOLENCIA CONTRA LAS MUJERES,violencia_genero,2.0,19.50484,-99.01821,COORDENADA
ECA26072800183,2026-07-28,00:29:00,0,nocturna (22-06),CUAUTITLAN IZCALLI,METROPOLITANA,RIÑA,rina,1.5,19.67183,-99.221635,COORDENADA
ECA26072800196,2026-07-28,00:31:00,0,nocturna (22-06),ATIZAPAN,METROPOLITANA,RIÑA,rina,1.5,19.601745,-99.219975,COORDENADA
ECA26072800213,2026-07-28,00:35:00,0,nocturna (22-06),ECATEPEC,ECATEPEC,VIOLENCIA CONTRA LAS MUJERES,violencia_genero,2.0,19.569435,-99.09112,COORDENADA
ECA26072800214,2026-07-28,00:35:00,0,nocturna (22-06),NEZAHUALCOYOTL,ORIENTE,VIOLENCIA CONTRA LAS MUJERES,violencia_genero,2.0,19.432825,-99.039025,COORDENADA
ECA26072800227,2026-07-28,00:37:00,0,nocturna (22-06),LA PAZ,ORIENTE,DETONACION POR ARMA DE FUEGO,arma_fuego,4.0,19.37505,-98.940355,COORDENADA
ECA26072800235,2026-07-28,00:38:00,0,nocturna (22-06),NEZAHUALCOYOTL,ORIENTE,VIOLENCIA CONTRA LAS MUJERES,violencia_genero,2.0,19.432825,-99.039025,COORDENADA
ECA26072800246,2026-07-28,00:41:00,0,nocturna (22-06),TEXCOCO,ORIENTE,VIOLENCIA CONTRA LAS MUJERES,violencia_genero,2.0,19.54202,-98.827805,COORDENADA
ECA26072800256,2026-07-28,00:44:00,0,nocturna (22-06),TLALNEPANTLA,METROPOLITANA,PERSONA AGRESIVA,rina,1.5,19.532795,-99.19239,COORDENADA
ECA26072800258,2026-07-28,00:44:00,0,nocturna (22-06),CHIMALHUACAN,ORIENTE,VIOLENCIA DE PAREJA,violencia_genero,2.0,,,ALTA
ECA26072800281,2026-07-28,00:48:00,0,nocturna (22-06),NEZAHUALCOYOTL,ORIENTE,RIÑA,rina,1.5,19.40649,-99.05234,COORDENADA
ECA26072800322,2026-07-28,00:56:00,0,nocturna (22-06),ZUMPANGO,ECATEPEC,VIOLENCIA DE PAREJA,violencia_genero,2.0,,,ALTA
ECA26072800339,2026-07-28,01:00:00,1,nocturna (22-06),IXTAPALUCA,CHALCO,ROBO A CASA HABITACION CON VIOLENCIA,robo_violento,2.0,19.315015,-98.906845,COORDENADA
ECA26072800341,2026-07-28,01:00:00,1,nocturna (22-06),NEZAHUALCOYOTL,ORIENTE,VIOLENCIA CONTRA LAS MUJERES,violencia_genero,2.0,19.40598,-99.008605,COORDENADA
ECA26072800360,2026-07-28,01:04:00,1,nocturna (22-06),TLALNEPANTLA,METROPOLITANA,PERSONA AGRESIVA,rina,1.5,,,ALTA
ECA26072800393,2026-07-28,01:10:00,1,nocturna (22-06),CHALCO,CHALCO,ROBO A NEGOCIO CON VIOLENCIA,robo_violento,2.0,19.275955,-98.90496,COORDENADA
ECA26072800436,2026-07-28,01:16:00,1,nocturna (22-06),TULTITLAN,METROPOLITANA,PERSONA AGRESIVA,rina,1.5,19.665215,-99.094465,COORDENADA
ECA26072800456,2026-07-28,01:22:00,1,nocturna (22-06),ECATEPEC,ECATEPEC,VIOLENCIA CONTRA LAS MUJERES,violencia_genero,2.0,19.569435,-99.09112,COORDENADA
ECA26072800458,2026-07-28,01:22:00,1,nocturna (22-06),COYOTEPEC,ECATEPEC,ROBO DE MOTOCICLETA CON VIOLENCIA,robo_violento,2.0,19.771793,-99.198866,COORDENADA
ECA26072800462,2026-07-28,01:23:00,1,nocturna (22-06),CHALCO,CHALCO,VIOLENCIA FAMILIAR,violencia_genero,2.0,19.262595,-98.89674,COORDENADA
ECA26072800464,2026-07-28,01:23:00,1,nocturna (22-06),TEPETLAOXTOC,SIN CATALOGAR,VIOLENCIA CONTRA LAS MUJERES,violencia_genero,2.0,19.542323,-98.744654,COORDENADA
ECA26072800507,2026-07-28,01:32:00,1,nocturna (22-06),IXTAPALUCA,CHALCO,PERSONA AGRESIVA,rina,1.5,19.315015,-98.906845,COORDENADA
ECA26072800513,2026-07-28,01:34:00,1,nocturna (22-06),NEZAHUALCOYOTL,ORIENTE,PERSONA AGRESIVA,rina,1.5,19.37453,-98.97779,COORDENADA
ECA26072800560,2026-07-28,01:47:00,1,nocturna (22-06),IXTAPALUCA,CHALCO,ROBO DE VEHICULO PARTICULAR CON VIOLENCIA,robo_violento,2.0,19.300535,-98.906195,COORDENADA
ECA26072800613,2026-07-28,02:01:00,2,nocturna (22-06),TECAMAC,ECATEPEC,ROBO DE VEHICULO PARTICULAR CON VIOLENCIA,robo_violento,2.0,19.622015,-99.040695,COORDENADA
ECA26072800615,2026-07-28,02:02:00,2,nocturna (22-06),COACALCO DE BERRIOZABAL,ECATEPEC,RIÑA,rina,1.5,19.61804,-99.085015,COORDENADA
ECA26072800620,2026-07-28,02:05:00,2,nocturna (22-06),CUAUTITLAN IZCALLI,METROPOLITANA,ROBO A NEGOCIO CON VIOLENCIA,robo_violento,2.0,19.65523,-99.21083,COORDENADA
ECA26072800639,2026-07-28,02:15:00,2,nocturna (22-06),CHIMALHUACAN,ORIENTE,PERSONA AGRESIVA,rina,1.5,19.43712,-98.9632,COORDENADA
ECA26072800683,2026-07-28,02:28:00,2,nocturna (22-06),CHIMALHUACAN,ORIENTE,PERSONA AGRESIVA,rina,1.5,19.43719,-98.96293,COORDENADA
ECA26072800688,2026-07-28,02:29:00,2,nocturna (22-06),CHICOLOAPAN,SIN CATALOGAR,PERSONA AGRESIVA,rina,1.5,19.420455,-98.909885,COORDENADA
ECA26072800702,2026-07-28,02:33:00,2,nocturna (22-06),TULTITLAN,METROPOLITANA,ROBO DE MOTOCICLETA CON VIOLENCIA,robo_violento,2.0,19.665215,-99.094465,COORDENADA
ECA26072800722,2026-07-28,02:45:00,2,nocturna (22-06),CHIMALHUACAN,ORIENTE,PERSONA AGRESIVA,rina,1.5,19.426845,-98.95706,COORDENADA
